{"type": "FeatureCollection", "name": "anc", "crs": {"type": "name", "properties": {"name": "urn:ogc:def:crs:OGC:1.3:CRS84"}}, "features": [{"type": "Feature", "properties": {"ANC_ID": "8B", "NAME": "ANC 8B"}, "geometry": {"type": "Polygon", "coordinates": [[[-76.9629017986206, 38.85208747389989], [-76.96543973465529, 38.85451035021438], [-76.96654818701971, 38.85589373738287], [-76.9677241705947, 38.85761611949423], [-76.9680218519375, 38.858198235826656], [-76.96817300121633, 38.858742115770866], [-76.96821269269174, 38.85913065994378], [-76.96814896195193, 38.86022588672591], [-76.9685714523919, 38.86049075874848], [-76.96978676907916, 38.86161695206008], [-76.97015766417657, 38.861887660389456], [-76.9721480843305, 38.862804848881204], [-76.97337766084726, 38.863305120921325], [-76.97345674825313, 38.86315408576987], [-76.97573779197998, 38.86082521178315], [-76.97361406404916, 38.859437922526254], [-76.97442438875696, 38.85874178765698], [-76.97447920909262, 38.85861040276501], [-76.9752246865531, 38.85790996004699], [-76.9743435363026, 38.857347661957135], [-76.97544934693623, 38.856321956896075], [-76.97676559195484, 38.85716928870124], [-76.97732513586595, 38.85730956982745], [-76.98053001782262, 38.85730303155294], [-76.98289428369836, 38.85690558970008], [-76.98306767591082, 38.856915614326844], [-76.98431652602261, 38.85767655038831], [-76.98666012444606, 38.85931934776723], [-76.9878938402801, 38.86011519619988], [-76.98872975484814, 38.85931335003826], [-76.99027317384011, 38.86028910100161], [-76.99102884991466, 38.85967109361436], [-76.99379829502463, 38.86150999148839], [-76.99436010844943, 38.86061248395262], [-76.9940094448187, 38.86016035180689], [-76.99381386118425, 38.85978161851299], [-76.99367417818877, 38.85932278500569], [-76.99363229142006, 38.858998695670685], [-76.99370927351355, 38.85591761980522], [-76.99363357092531, 38.85550306581362], [-76.99345373753181, 38.855021888613656], [-76.99297080943184, 38.854372893205046], [-76.99226320357904, 38.853810857470336], [-76.99157768944917, 38.853482263511474], [-76.99059363262347, 38.85317957712055], [-76.98990522905298, 38.85301395364755], [-76.98867879913654, 38.852819322080784], [-76.98708790631767, 38.852719640830315], [-76.98590773397498, 38.8527511690027], [-76.98440574141706, 38.85295728920569], [-76.98364731207958, 38.853181756678524], [-76.9817514277893, 38.85386814352785], [-76.9805246773027, 38.854158314135304], [-76.97974847491852, 38.85424148305277], [-76.97894921535834, 38.854253998534965], [-76.97773443347428, 38.85412199786247], [-76.97642143346735, 38.85377033017029], [-76.97562727672229, 38.85342792773344], [-76.97507851809478, 38.85311475082695], [-76.97429437005336, 38.85252995148639], [-76.97237435621514, 38.85083930527014], [-76.97154122805246, 38.85027701471855], [-76.97082433219934, 38.849900618377646], [-76.97008091981277, 38.84959100838958], [-76.96884793422609, 38.8492342489987], [-76.96794451112457, 38.84908442831348], [-76.96692200928372, 38.84901094951386], [-76.96543302755, 38.84908985547042], [-76.96177462268585, 38.851942038450005], [-76.96246410303237, 38.85193184840582], [-76.9629017986206, 38.85208747389989]]]}}, {"type": "Feature", "properties": {"ANC_ID": "8A", "NAME": "ANC 8A"}, "geometry": {"type": "Polygon", "coordinates": [[[-76.97337766084726, 38.863305120921325], [-76.9721480843305, 38.862804848881204], [-76.97019682974211, 38.86191010135875], [-76.96980750104909, 38.861634974263886], [-76.96877173742517, 38.86067206194149], [-76.9692682078244, 38.86175608691586], [-76.9706147343306, 38.86384107175167], [-76.97080844488204, 38.864356221616326], [-76.97082619625988, 38.86462143382897], [-76.97077986093154, 38.86493941932412], [-76.9702890234491, 38.86599282958802], [-76.97020072024019, 38.86636296280976], [-76.97017300571144, 38.866782027115015], [-76.97022329327459, 38.86721930829223], [-76.97032973187216, 38.867575888327586], [-76.9709385907549, 38.86874281079293], [-76.97096013278772, 38.87328944892413], [-76.97223017993537, 38.872726102029105], [-76.97228877262259, 38.87285971057184], [-76.97485862753119, 38.8740731833772], [-76.97509670942492, 38.87425004228042], [-76.97629712958364, 38.8748868526975], [-76.97652948262323, 38.875121928779684], [-76.97692452973274, 38.875839886840986], [-76.97797560003778, 38.87685714691143], [-76.98233477045179, 38.875559164834506], [-76.98436970286937, 38.874699215770356], [-76.98647581443133, 38.87366450342118], [-76.98729478831822, 38.87320021224206], [-76.98874395153979, 38.872234299712694], [-76.9901258356597, 38.87143450539773], [-76.98954997102058, 38.870703846553006], [-76.98982362800753, 38.87055766427832], [-76.9903415456957, 38.8701561134721], [-76.99034973407504, 38.870105937320254], [-76.99045414026493, 38.8700723445404], [-76.99170315329826, 38.86911565691442], [-76.99242350389042, 38.86878617825686], [-76.99302572166046, 38.868604065727155], [-76.99381783435115, 38.8684519582956], [-76.99455865742229, 38.86841217798184], [-76.99519668815697, 38.86845535624182], [-76.99572651507273, 38.868542307978714], [-76.99693354789197, 38.86885286576667], [-76.99703022766309, 38.86884259867723], [-76.99709740565153, 38.868892957372616], [-77.00036641807324, 38.86971654152185], [-77.00081260122592, 38.86979112887841], [-77.00125809261353, 38.86979220592963], [-77.00167154764237, 38.8697269798632], [-77.00205699865441, 38.869604369270206], [-77.0024380678286, 38.869432841836925], [-77.00278029981462, 38.86920816447593], [-77.00312955319517, 38.86885601692621], [-77.00390253416768, 38.86772231225407], [-77.00350206803098, 38.86756000239919], [-77.00343118384917, 38.86766471827562], [-77.0027969148398, 38.867408094574145], [-77.00257932650035, 38.86738479482661], [-77.00205898745702, 38.8674457290566], [-77.00187118551804, 38.86740311342607], [-77.00171973736776, 38.8673083923105], [-77.00159251878439, 38.86705738373168], [-77.00161134721448, 38.86604036970959], [-77.00140072046939, 38.86529463789643], [-77.0013912279655, 38.864812471605575], [-77.0013058646756, 38.86456554291423], [-77.00100709376517, 38.86422995535753], [-76.99992787017416, 38.86363026939748], [-76.99940711124434, 38.8631626770044], [-76.99953564209154, 38.86313129225608], [-76.99946993103262, 38.86309399712717], [-76.99543122038399, 38.8613919843983], [-76.99476318396185, 38.86098541533407], [-76.99436010844943, 38.86061248395262], [-76.99379829502463, 38.86150999148839], [-76.99102884991466, 38.85967109361436], [-76.99027317384011, 38.86028910100161], [-76.98872975484814, 38.85931335003826], [-76.9878938402801, 38.86011519619988], [-76.98666012444606, 38.85931934776723], [-76.98431652602261, 38.85767655038831], [-76.98302516458332, 38.85690705014849], [-76.98053001782262, 38.85730303155294], [-76.97732513586595, 38.85730956982745], [-76.97676559195484, 38.85716928870124], [-76.97544934693623, 38.856321956896075], [-76.9743435363026, 38.857347661957135], [-76.9752246865531, 38.85790996004699], [-76.97447920909262, 38.85861040276501], [-76.97442438875696, 38.85874178765698], [-76.97361406404916, 38.859437922526254], [-76.97573779197998, 38.86082521178315], [-76.97345674825313, 38.86315408576987], [-76.97337766084726, 38.863305120921325]]]}}, {"type": "Feature", "properties": {"ANC_ID": "5C", "NAME": "ANC 5C"}, "geometry": {"type": "Polygon", "coordinates": [[[-76.94372744602902, 38.91687370557225], [-76.94186181138446, 38.918543063352395], [-76.96123819124603, 38.93370068243418], [-76.96272920157338, 38.93288738405189], [-76.96396144618447, 38.932879392753605], [-76.96423285773118, 38.93213375945229], [-76.9700633008549, 38.929957756492705], [-76.97010204479717, 38.92989209582057], [-76.9715532170487, 38.931294015941276], [-76.9852882740539, 38.924698402943214], [-76.98625861467504, 38.92434318786783], [-76.99604754416309, 38.921297584231], [-77.00173228589398, 38.909985791164495], [-77.0007612855951, 38.910512789644415], [-76.99911628262973, 38.9113117927602], [-76.99812428738818, 38.91167978983359], [-76.98185327979827, 38.9172857884018], [-76.97829751700893, 38.91811174163224], [-76.97816927728793, 38.91728978856704], [-76.97840626903985, 38.91700059305873], [-76.98509423287368, 38.91107220558402], [-76.98313536932497, 38.910339885316134], [-76.98375775490965, 38.90976800669108], [-76.98319377551091, 38.90952542229894], [-76.97960348195518, 38.907601325548114], [-76.97852044938551, 38.90734855540665], [-76.97497546721014, 38.905892785260065], [-76.9749892329861, 38.90562979839991], [-76.9681684549823, 38.90565050701796], [-76.9582241443839, 38.90550010609069], [-76.95761357472512, 38.9067626588567], [-76.95720893522251, 38.90746714448085], [-76.95661250258334, 38.908252632686846], [-76.95620788942784, 38.90888432722774], [-76.95460539473325, 38.91068196156508], [-76.9542993176497, 38.91115568112996], [-76.95400350911585, 38.91179137389175], [-76.95391522550936, 38.91209104664399], [-76.95382135673867, 38.91264592340773], [-76.95373243552436, 38.91392570306408], [-76.9536545545557, 38.9141807883478], [-76.95349887362885, 38.9143872876922], [-76.95298049451522, 38.914686787652414], [-76.95241528950311, 38.914824296337144], [-76.94730506415942, 38.914955697268724], [-76.94678164746148, 38.915012122503796], [-76.94638768233158, 38.91511724987887], [-76.94558404314085, 38.9155097319768], [-76.9444638935746, 38.91632327929266], [-76.94372744602902, 38.91687370557225]]]}}, {"type": "Feature", "properties": {"ANC_ID": "8C", "NAME": "ANC 8C"}, "geometry": {"type": "Polygon", "coordinates": [[[-77.00053002877667, 38.83300513986996], [-76.9967321522738, 38.83547724215414], [-76.99598485514628, 38.83589953538138], [-76.9952176311016, 38.836203632018076], [-76.99319964728203, 38.8367151222146], [-76.9933779175844, 38.83701691576152], [-76.99349248955077, 38.8373723958865], [-76.99356492373657, 38.83881231133858], [-76.99250937214283, 38.83893791632112], [-76.98934067868704, 38.839705010060904], [-76.98850764235821, 38.83983762553578], [-76.98850754685198, 38.84186245505681], [-76.98656872060552, 38.84237149573377], [-76.98610376931482, 38.84262277703367], [-76.98568820899753, 38.84298450610962], [-76.98497236558805, 38.84269119117271], [-76.98482860443855, 38.84271360361539], [-76.98451090970968, 38.84325487953501], [-76.98440829759453, 38.84367952407925], [-76.9846551346462, 38.84429591469251], [-76.98520969955143, 38.84414815766423], [-76.9850903477503, 38.844762698655174], [-76.98509479326223, 38.845539677585], [-76.98128270490602, 38.84662310565567], [-76.98065271185845, 38.84542900582519], [-76.97815703029919, 38.846205570874986], [-76.97705510101646, 38.84648029719119], [-76.97715984043793, 38.846756967007515], [-76.97716287768229, 38.846985331617056], [-76.97704966803397, 38.847255472594206], [-76.97687266395545, 38.84744632654436], [-76.97550507372647, 38.84870308543196], [-76.97480763286441, 38.84910156046692], [-76.97420805590531, 38.84931583039892], [-76.9742087200931, 38.85098500396159], [-76.97353818913503, 38.851121692059564], [-76.97282879620167, 38.85120139791605], [-76.97429437005336, 38.85252995148639], [-76.97473204982376, 38.85287853829354], [-76.9753565332048, 38.853283294562786], [-76.97598612424031, 38.85359453197654], [-76.97681461617847, 38.85390218425469], [-76.97809253855574, 38.8541824581286], [-76.97946182134397, 38.854256837399824], [-76.9805246773027, 38.854158314135304], [-76.9817514277893, 38.85386814352785], [-76.98364731207958, 38.853181756678524], [-76.98440574141706, 38.85295728920569], [-76.98551433392146, 38.85278730773744], [-76.98646311011083, 38.85272861453417], [-76.9880482295293, 38.85276497442054], [-76.98990522905298, 38.85301395364755], [-76.9911096235003, 38.853326599133936], [-76.9920088991481, 38.85366962416473], [-76.99261331672693, 38.854052972735516], [-76.99308505002183, 38.854491063614645], [-76.99345373753181, 38.855021888613656], [-76.99363357092531, 38.85550306581362], [-76.99371872234822, 38.85616190187183], [-76.99363229142006, 38.858998695670685], [-76.99367417818877, 38.85932278500569], [-76.99381386118425, 38.85978161851299], [-76.9940094448187, 38.86016035180689], [-76.99436010844943, 38.86061248395262], [-76.99476318396185, 38.86098541533407], [-76.99543122038399, 38.8613919843983], [-76.99946993103262, 38.86309399712717], [-76.99953564209154, 38.86313129225608], [-76.99940711124434, 38.8631626770044], [-76.99992787017416, 38.86363026939748], [-77.00092416620957, 38.864174653377205], [-77.00115830466511, 38.86436628732272], [-77.0013058646756, 38.86456554291423], [-77.0013912279655, 38.864812471605575], [-77.00140072046939, 38.86529463789643], [-77.00161134721448, 38.86604036970959], [-77.00159251878439, 38.86705738373168], [-77.00164502045895, 38.867207355043256], [-77.0017601259624, 38.867339966190436], [-77.00205898745702, 38.8674457290566], [-77.00257932650035, 38.86738479482661], [-77.0027969148398, 38.867408094574145], [-77.00343118384917, 38.86766471827562], [-77.00350206803098, 38.86756000239919], [-77.0058859580186, 38.8685134557853], [-77.00665179156704, 38.86723678773132], [-77.00793696737595, 38.865402864769294], [-77.00843289284788, 38.864364249798335], [-77.00893943830098, 38.86359642475454], [-77.00941018603974, 38.86318650475748], [-77.0101006380584, 38.86264702297147], [-77.01152648691253, 38.86181802623193], [-77.01454382776937, 38.86039589022329], [-77.0151888919607, 38.860147653068005], [-77.02016383867918, 38.85733789280334], [-77.01860928398492, 38.85107677760118], [-77.01895028960868, 38.850487778181716], [-77.01390374209414, 38.85032349885769], [-77.01497503482148, 38.84778481523553], [-77.01499152063629, 38.847296105180035], [-77.01478942223731, 38.846531944811204], [-77.0148112638485, 38.8463124062878], [-77.01494719602842, 38.845880812453096], [-77.0115250351779, 38.845124247999], [-77.0072217899909, 38.84510223465662], [-77.00736885931958, 38.84367159418453], [-77.00775871474634, 38.842004015094425], [-77.00617020696635, 38.84129748709835], [-77.00632695979618, 38.84110685989312], [-77.00672325047874, 38.8403925576458], [-77.00495738718325, 38.839435678144206], [-77.00602818132802, 38.838026092953264], [-77.002467632313, 38.838011250545044], [-77.00105846960604, 38.836138323688225], [-77.00076096437814, 38.83629876664242], [-77.00076015293902, 38.835813030600434], [-77.00057827977916, 38.83500091908711], [-77.00057193096416, 38.83324949420453], [-77.00053002877667, 38.83300513986996]]]}}, {"type": "Feature", "properties": {"ANC_ID": "3A", "NAME": "ANC 3A"}, "geometry": {"type": "Polygon", "coordinates": [[[-77.07319054869357, 38.92619011262429], [-77.07318215123271, 38.92845814212521], [-77.07265212930054, 38.93187883926727], [-77.07088164258893, 38.9317611068336], [-77.0708886882836, 38.93733967598251], [-77.06863847415906, 38.937339667822414], [-77.06863877810925, 38.939093042995125], [-77.06680098056239, 38.939090324276464], [-77.06716247096068, 38.93945612423947], [-77.06734738964634, 38.93972086176264], [-77.0678725414817, 38.94091199516476], [-77.0685996348965, 38.941687455058165], [-77.06887710094863, 38.942217556035395], [-77.07241340033893, 38.94222412080938], [-77.07241471075335, 38.94317350386319], [-77.07703097083969, 38.943170012444035], [-77.07889017190544, 38.94651181140142], [-77.07909713439511, 38.946272798830506], [-77.0791393392542, 38.94584298491886], [-77.08563630727949, 38.938233793301784], [-77.08549931586121, 38.93811079516083], [-77.08544431730728, 38.93797379209745], [-77.08547631616914, 38.9378027911457], [-77.08558731267911, 38.937669792434676], [-77.08472031283728, 38.93705678755273], [-77.08547931727874, 38.9361787901603], [-77.08538330702852, 38.936081795859415], [-77.08662161644884, 38.934869898203296], [-77.08613496808474, 38.93402882792404], [-77.08607753235869, 38.934097450485055], [-77.08595821204096, 38.93412278858701], [-77.08563126282495, 38.93395709555734], [-77.08475407115701, 38.93400827155437], [-77.08388656380221, 38.93395908146922], [-77.08378060907509, 38.93399302870515], [-77.08359552129083, 38.93421368460045], [-77.083492349543, 38.934260781711], [-77.082594852703, 38.93431150558428], [-77.08238495459928, 38.934225624393434], [-77.08226386660483, 38.93423967255943], [-77.08211327246406, 38.934671906930504], [-77.08183193312166, 38.934947398081526], [-77.08022856297133, 38.933775808304674], [-77.07994613818127, 38.93206827864963], [-77.0805705807243, 38.93024314413722], [-77.07991203574501, 38.93003235132062], [-77.07822475251145, 38.92919382784018], [-77.07764646083794, 38.92905935899933], [-77.07705409572765, 38.92902651037483], [-77.07705080096216, 38.92619096431884], [-77.07319054869357, 38.92619011262429]]]}}, {"type": "Feature", "properties": {"ANC_ID": "4C", "NAME": "ANC 4C"}, "geometry": {"type": "Polygon", "coordinates": [[[-77.02520038766993, 38.93512513660968], [-77.02429984338448, 38.93633629523335], [-77.02147119180265, 38.937020759222776], [-77.01978900357412, 38.93723905698509], [-77.0188656168307, 38.93744378814042], [-77.01773903699637, 38.937741778890775], [-77.01734322612467, 38.93793182329009], [-77.01523410087059, 38.93980196916763], [-77.0146205544403, 38.94077593410624], [-77.0142525600591, 38.94123738427428], [-77.01272076214823, 38.942709155329], [-77.01215793445631, 38.94381768507068], [-77.01154272669805, 38.944337165252236], [-77.01167355144055, 38.94442083923625], [-77.01262094770809, 38.94439616616788], [-77.01351329287328, 38.94489980072688], [-77.01570328829764, 38.9457927975072], [-77.01567529061526, 38.94573679676546], [-77.01607302287205, 38.946437902468794], [-77.02270137636062, 38.946241233265106], [-77.02350459406036, 38.94515764819593], [-77.02617053059437, 38.9450693410191], [-77.0317021409481, 38.94506878240856], [-77.03217711557814, 38.943921177110724], [-77.03507851608295, 38.94056112391265], [-77.03506888193057, 38.93966473848966], [-77.0351631410491, 38.93924032938518], [-77.03537566143143, 38.93888452765366], [-77.03564094064943, 38.93862599903926], [-77.03600001084115, 38.93840356422997], [-77.03644710383529, 38.938238510771406], [-77.03644901136354, 38.93743485288719], [-77.03430421742891, 38.93743415082168], [-77.03385781818996, 38.93738401468196], [-77.02600109057478, 38.935310063809574], [-77.02583340037434, 38.935218000115626], [-77.02544970420566, 38.93512596539908], [-77.02520038766993, 38.93512513660968]]]}}, {"type": "Feature", "properties": {"ANC_ID": "1E", "NAME": "ANC 1E"}, "geometry": {"type": "Polygon", "coordinates": [[[-77.0218990896049, 38.917767297662266], [-77.02189915536324, 38.917981425684324], [-77.01893885113653, 38.91826615585645], [-77.01909501895145, 38.91926209137395], [-77.01480430370488, 38.91967088117148], [-77.01493700972384, 38.920675833275844], [-77.01371194480562, 38.92091317269614], [-77.0127079490046, 38.921306229375205], [-77.01215063774231, 38.92131412590449], [-77.01214468157826, 38.926289782649434], [-77.01393796249668, 38.92627534936333], [-77.01437218159896, 38.926330337579735], [-77.01478194189062, 38.926445142502686], [-77.01516844368379, 38.92661985431317], [-77.01675091952299, 38.927543440959326], [-77.01757326163859, 38.928272182900436], [-77.01788906675982, 38.92842356473421], [-77.01824303293964, 38.928520619630184], [-77.01801948099948, 38.928794326867795], [-77.01795995909555, 38.92920295308705], [-77.01916648983796, 38.93419111196596], [-77.0192361727053, 38.93674144076695], [-77.01920530879812, 38.93700367743059], [-77.01903517175128, 38.937406015878565], [-77.01978900357412, 38.93723905698509], [-77.02147119180265, 38.937020759222776], [-77.02429984338448, 38.93633629523335], [-77.02676303933957, 38.93305633847067], [-77.02681622767857, 38.93292212053627], [-77.02671713721675, 38.93201354738584], [-77.02550485220662, 38.92391898291489], [-77.02534329539193, 38.9222849984225], [-77.02519886251092, 38.91994367565912], [-77.02395371288276, 38.92005119070029], [-77.02389228880433, 38.919649792178944], [-77.0238938337436, 38.91906396222087], [-77.02342462782403, 38.91899908915575], [-77.02343848810187, 38.917770269026086], [-77.0218990896049, 38.917767297662266]]]}}, {"type": "Feature", "properties": {"ANC_ID": "1D", "NAME": "ANC 1D"}, "geometry": {"type": "Polygon", "coordinates": [[[-77.03757246016151, 38.92695414190457], [-77.03648735438958, 38.927164289428084], [-77.03645555278776, 38.93443778901909], [-77.03424273154917, 38.93357456189822], [-77.03273259435242, 38.933487974372085], [-77.03273251621891, 38.93708607046978], [-77.03413523604932, 38.93742447133342], [-77.03644901136354, 38.93743485288719], [-77.03644710383529, 38.938238510771406], [-77.03749618292171, 38.93782989585084], [-77.03883354491002, 38.93711825397911], [-77.04012122452384, 38.93671145464923], [-77.04111911073402, 38.93623015467743], [-77.04154362361427, 38.93615442491223], [-77.04236391274328, 38.93613431220438], [-77.04328032934936, 38.93600560815164], [-77.04509473252972, 38.93596645674197], [-77.04547608626467, 38.93586532592145], [-77.04657521291071, 38.93541555897991], [-77.04757106040847, 38.93511728034399], [-77.04829948305918, 38.93481198746285], [-77.04928853274788, 38.933862585696765], [-77.04981892633877, 38.933640306082644], [-77.05034937966703, 38.933343975747555], [-77.05087965507292, 38.93296611788616], [-77.05090802658417, 38.93280323533819], [-77.0507846916801, 38.93256646059179], [-77.05041497015006, 38.93231491953096], [-77.04984639999412, 38.93218932635322], [-77.04932519546132, 38.93217468377752], [-77.0476763363358, 38.93174603205094], [-77.0470413222668, 38.93141316209922], [-77.04623533741737, 38.93048067321305], [-77.04590333026873, 38.9299921932789], [-77.04526801795896, 38.9293335731248], [-77.04497423996325, 38.92909676791528], [-77.0446328466418, 38.92869719992178], [-77.04451110212536, 38.92833994057856], [-77.04456959480143, 38.92809756759398], [-77.04337038164127, 38.92797664976513], [-77.04308002678569, 38.92786944110113], [-77.04213899718539, 38.92733030320551], [-77.04182167187751, 38.9272227678181], [-77.04137568426243, 38.927184731310845], [-77.0385595386565, 38.92718073987029], [-77.03796210793732, 38.92710085153735], [-77.03757246016151, 38.92695414190457]]]}}, {"type": "Feature", "properties": {"ANC_ID": "3C", "NAME": "ANC 3C"}, "geometry": {"type": "Polygon", "coordinates": [[[-77.0580806285983, 38.91759534126808], [-77.05819813268049, 38.91768351041844], [-77.05794857546489, 38.917978927599556], [-77.05712504086024, 38.918446180917506], [-77.05628921033119, 38.918601133481715], [-77.0553363175824, 38.91900216208429], [-77.055145805818, 38.91916144736751], [-77.05493674448627, 38.91962682609364], [-77.0546657372209, 38.91988645613835], [-77.05351599667497, 38.92011544858435], [-77.05304127353362, 38.92004269756914], [-77.05222176430314, 38.919611261430354], [-77.05185273544618, 38.919576734691546], [-77.05122203550472, 38.91978035788166], [-77.05101390820057, 38.91994551755148], [-77.05021681130108, 38.921306183374625], [-77.04976300273147, 38.921730246288654], [-77.04880804414017, 38.92232774788863], [-77.04868319464383, 38.922470744065755], [-77.04861014467505, 38.92259527852924], [-77.0485383673015, 38.92301420444232], [-77.04858605273289, 38.9236418305352], [-77.04872819543958, 38.924517965782535], [-77.04890882201758, 38.924986332015514], [-77.04943474944922, 38.925534978647306], [-77.04984315510686, 38.92754761470083], [-77.04982447434301, 38.927880750187406], [-77.0497014507524, 38.928073220189916], [-77.04954037326132, 38.92813994110717], [-77.04905709531087, 38.92805871881276], [-77.04833663184027, 38.927511223348155], [-77.04816550210069, 38.92732811890114], [-77.04768432269664, 38.92701155678916], [-77.047052264124, 38.926724519730804], [-77.04690534844295, 38.926527197544864], [-77.04670292142785, 38.926091131890146], [-77.04642191913189, 38.92597950466953], [-77.04599553001917, 38.925958819012], [-77.04478888361301, 38.92671067150492], [-77.04470763324454, 38.92712765256654], [-77.04474580307934, 38.92749040285494], [-77.04451110212536, 38.92833994057856], [-77.0446328466418, 38.92869719992178], [-77.04497423996325, 38.92909676791528], [-77.04526801795896, 38.9293335731248], [-77.04590333026873, 38.9299921932789], [-77.04623533741737, 38.93048067321305], [-77.04690847997823, 38.931287378417515], [-77.04723089065737, 38.931546318538174], [-77.0476763363358, 38.93174603205094], [-77.04932519546132, 38.93217468377752], [-77.04984639999412, 38.93218932635322], [-77.05041497015006, 38.93231491953096], [-77.0507846916801, 38.93256646059179], [-77.05090802658417, 38.93280323533819], [-77.05087965507292, 38.93296611788616], [-77.05034937966703, 38.933343975747555], [-77.04912656489999, 38.93397904119384], [-77.04803046174924, 38.935059349232866], [-77.04785881952553, 38.93541008585299], [-77.04779123981623, 38.9357505462612], [-77.04787871602292, 38.93616650482568], [-77.0478305304515, 38.936567393950845], [-77.04785012230944, 38.936869884660325], [-77.04794700956079, 38.937059019255415], [-77.04819883509612, 38.9372631428419], [-77.04891537069207, 38.93732328184477], [-77.04988347540908, 38.93719432424235], [-77.05040619415591, 38.93719409998275], [-77.05186846309664, 38.9376170394655], [-77.05207197859004, 38.937828725074255], [-77.05213990028489, 38.938138850512054], [-77.05173390132919, 38.93910724272009], [-77.05156156969952, 38.93968918272582], [-77.05181450477599, 38.9398534542493], [-77.05269845458797, 38.94071725178076], [-77.05303936685321, 38.940874724706624], [-77.05333778109456, 38.94088647986316], [-77.05501276649072, 38.940667846957325], [-77.05550271837726, 38.940713395485375], [-77.05617016928663, 38.940921348401105], [-77.05643815301728, 38.94095923431387], [-77.0616562119093, 38.94097939834458], [-77.06270847713142, 38.940901718552766], [-77.06439203581611, 38.94053885895983], [-77.0655012810678, 38.94048230111343], [-77.0667676731071, 38.94059743126766], [-77.06744567838295, 38.94073519322646], [-77.06785437041847, 38.94088383677767], [-77.06734738964634, 38.93972086176264], [-77.06716247096068, 38.93945612423947], [-77.06680098056239, 38.939090324276464], [-77.06863877810925, 38.939093042995125], [-77.06863847415906, 38.937339667822414], [-77.0708886882836, 38.93733967598251], [-77.07088164258893, 38.9317611068336], [-77.07265212930054, 38.93187883926727], [-77.07318464157025, 38.928412468402605], [-77.07318722654875, 38.92362751730388], [-77.07312572934069, 38.92292202379722], [-77.07290958835186, 38.92255128607823], [-77.07022925738181, 38.92255542294831], [-77.07046702799681, 38.92196738742316], [-77.07053847236853, 38.92130812392613], [-77.07042430524123, 38.92081378869915], [-77.07026130218675, 38.920434789308004], [-77.06994030571704, 38.91995879255247], [-77.06951130038526, 38.9195547906982], [-77.0688233010605, 38.919096790989784], [-77.0681473082573, 38.918740790549], [-77.0677873032461, 38.91865579013439], [-77.06731394534678, 38.91867856659188], [-77.06337907310129, 38.91842562409575], [-77.0628530845961, 38.91844563645245], [-77.05908643706158, 38.9183212329154], [-77.0580806285983, 38.91759534126808]]]}}, {"type": "Feature", "properties": {"ANC_ID": "3E", "NAME": "ANC 3E"}, "geometry": {"type": "Polygon", "coordinates": [[[-77.08662161644884, 38.934869898203296], [-77.08538330702852, 38.936081795859415], [-77.08547931727874, 38.9361787901603], [-77.08472031283728, 38.93705678755273], [-77.08558731267911, 38.937669792434676], [-77.08547631616914, 38.9378027911457], [-77.08544431730728, 38.93797379209745], [-77.08549931586121, 38.93811079516083], [-77.08563630727949, 38.938233793301784], [-77.0791393392542, 38.94584298491886], [-77.07910771082695, 38.94624000151222], [-77.07895361121798, 38.946463691350665], [-77.07889017190544, 38.94651181140142], [-77.07703097083969, 38.943170012444035], [-77.07241471075335, 38.94317350386319], [-77.07241591106757, 38.94628559644779], [-77.0717348450848, 38.94628637670387], [-77.07213420537964, 38.94673735595179], [-77.07239803121614, 38.94719472361603], [-77.07254686559939, 38.94766990838339], [-77.07258592798608, 38.94819281494305], [-77.07249233841955, 38.94872787486867], [-77.07160283862844, 38.951071836810684], [-77.07150893292564, 38.95164788349266], [-77.07154233132707, 38.952280153917], [-77.07163489787744, 38.95266691254586], [-77.07183659233223, 38.95315719921375], [-77.07320680965695, 38.95550840891273], [-77.0735632357919, 38.9559969738632], [-77.07403623461427, 38.956524739968835], [-77.0750409904523, 38.957371777313604], [-77.0760358097853, 38.957966851187074], [-77.0783405592367, 38.95912469323401], [-77.078979535088, 38.95955431782767], [-77.07933560415809, 38.959875671729584], [-77.07966417006749, 38.96025902011109], [-77.08009309186161, 38.961027852390934], [-77.08202352442176, 38.96102606367323], [-77.08202037240893, 38.96309958682714], [-77.08241719194176, 38.96311146894166], [-77.08274212926892, 38.96333374338792], [-77.10072964366903, 38.949268377503536], [-77.10057361927849, 38.94916371848129], [-77.10048434479287, 38.9490109246849], [-77.10048687662811, 38.948842918020894], [-77.10061489853074, 38.948659038915544], [-77.09026716990941, 38.9411066494458], [-77.09047614856414, 38.94108081423261], [-77.09065047204258, 38.94118761665299], [-77.09076950798219, 38.94105777778896], [-77.09380231161092, 38.93574079199797], [-77.09368630969719, 38.93567579102071], [-77.09367931662385, 38.93540979035926], [-77.09343531412617, 38.934976794228156], [-77.09287531062922, 38.93460479210334], [-77.09245131558872, 38.93461279432306], [-77.09240031053197, 38.93452178769319], [-77.0910273160173, 38.93456578965769], [-77.09056572350795, 38.934503243233095], [-77.08917157645742, 38.93454818565873], [-77.08816573200905, 38.93530816880097], [-77.08773057179305, 38.93578836867139], [-77.08707170678709, 38.93537483964984], [-77.08662161644884, 38.934869898203296]]]}}, {"type": "Feature", "properties": {"ANC_ID": "3D", "NAME": "ANC 3D"}, "geometry": {"type": "Polygon", "coordinates": [[[-77.08261204690467, 38.902266687763614], [-77.0825848165276, 38.90234643100448], [-77.08242947907368, 38.90240509505182], [-77.08189772090759, 38.902353130468214], [-77.08180570091811, 38.902434540431926], [-77.08170773924391, 38.90236128093711], [-77.08160657341496, 38.90240945629168], [-77.0815049096625, 38.90232466851161], [-77.08136497259697, 38.90234206210885], [-77.08136088581223, 38.902397736620124], [-77.08128713247788, 38.9024237320379], [-77.0812647070925, 38.90237113881708], [-77.08114085331933, 38.90233879480943], [-77.08010854723749, 38.902305635804986], [-77.07936311000192, 38.90240947047289], [-77.07923832032382, 38.902467929351275], [-77.07912268614392, 38.90236188924664], [-77.07891476688101, 38.90230861030641], [-77.07828931338129, 38.902377233416686], [-77.07831747844695, 38.906745924986346], [-77.07795421255517, 38.90666058858364], [-77.07788651648065, 38.906748564263786], [-77.07791508457785, 38.90810870720171], [-77.07756400680094, 38.90863494736436], [-77.07757603883819, 38.90909689652784], [-77.07770279061333, 38.9096951648082], [-77.07828004144605, 38.91081011191966], [-77.07844161084866, 38.910820831591], [-77.0785221941752, 38.910894609865636], [-77.07891138476928, 38.91170454021505], [-77.07916542546576, 38.91195221494482], [-77.0792391499094, 38.912637862070845], [-77.07946400055197, 38.91263731299936], [-77.07949186490205, 38.912736953344314], [-77.07881160365712, 38.91275866485156], [-77.07889397739255, 38.91329165089721], [-77.07908701102073, 38.91370084142649], [-77.0793816351594, 38.91406251570281], [-77.08042461064915, 38.91486861644082], [-77.08056317033089, 38.915038976785745], [-77.08100917973685, 38.91623072380643], [-77.08172487644256, 38.91723831233719], [-77.08171105910498, 38.917436784639996], [-77.08255990848136, 38.91869611163431], [-77.08263034444238, 38.921186919491554], [-77.08201282940745, 38.924649227256765], [-77.08159223235263, 38.92621559142129], [-77.08182942354314, 38.926490008194136], [-77.08658983606138, 38.93481857440529], [-77.08684041705042, 38.935157010724964], [-77.08720354986073, 38.935477616205645], [-77.08773057179305, 38.93578836867139], [-77.08816573200905, 38.93530816880097], [-77.08917157645742, 38.93454818565873], [-77.09056572350795, 38.934503243233095], [-77.0910273160173, 38.93456578965769], [-77.09240031053197, 38.93452178769319], [-77.09245131558872, 38.93461279432306], [-77.09287531062922, 38.93460479210334], [-77.09343531412617, 38.934976794228156], [-77.09367931662385, 38.93540979035926], [-77.09368630969719, 38.93567579102071], [-77.09380231161092, 38.93574079199797], [-77.09076950798219, 38.94105777778896], [-77.09065047204258, 38.94118761665299], [-77.09047614856414, 38.94108081423261], [-77.09026716990941, 38.9411066494458], [-77.10061489853074, 38.948659038915544], [-77.10048687662811, 38.948842918020894], [-77.10048434479287, 38.9490109246849], [-77.10057361927849, 38.94916371848129], [-77.10072964366903, 38.949268377503536], [-77.11979521874902, 38.93435090402344], [-77.11977652585894, 38.93429796332062], [-77.11971183910735, 38.934239745820214], [-77.11957767050332, 38.934221145876826], [-77.1195355686073, 38.93415011336763], [-77.11940446264472, 38.93416952516666], [-77.11903713165235, 38.93390415467146], [-77.11871272752074, 38.9335809060544], [-77.1186584136356, 38.933378724596324], [-77.11856787994556, 38.93331242521109], [-77.11852798836559, 38.93318247572033], [-77.11841640896178, 38.93315250105787], [-77.11842752450467, 38.93303970571696], [-77.11828445107876, 38.93300507851284], [-77.11817529550741, 38.932906367736734], [-77.11817573362549, 38.932822770146046], [-77.11806308469923, 38.93277333826928], [-77.11795958728152, 38.93260859063299], [-77.11789623150895, 38.93258622385777], [-77.11790461983321, 38.9324976636708], [-77.11781671254496, 38.93248414976488], [-77.11780766881647, 38.932385517842555], [-77.11767310891605, 38.932197289547325], [-77.11751863713188, 38.93210339816856], [-77.11754778562255, 38.93201463695688], [-77.11749049998662, 38.93189605505243], [-77.11738969614598, 38.931824630323305], [-77.1173919984921, 38.93161185160611], [-77.11729324891479, 38.93152691225383], [-77.11730825732634, 38.931466000977515], [-77.11716986889977, 38.93126219152944], [-77.11721342945039, 38.93124079814154], [-77.11709772433257, 38.93108416942582], [-77.11695755481206, 38.93098900179403], [-77.11698504155582, 38.93094168062306], [-77.11689022589435, 38.930863583303754], [-77.11689470772521, 38.9307834048031], [-77.11681407947603, 38.93070610397759], [-77.11686637176425, 38.930664433275886], [-77.11677015949579, 38.93057831984997], [-77.11678410543709, 38.93036147571973], [-77.11663970123806, 38.92979157357069], [-77.11657163665652, 38.92970894511749], [-77.11650399338438, 38.92946056313833], [-77.11653730475814, 38.92923730377944], [-77.11644998045801, 38.929083816993085], [-77.11642295144728, 38.92884618643064], [-77.11625960185297, 38.928677623207086], [-77.11624467892709, 38.92850819154563], [-77.11615432151432, 38.92840333445082], [-77.1160738356293, 38.928411341739015], [-77.11609710123238, 38.92832168583837], [-77.11600804305189, 38.92816448899161], [-77.11586654510354, 38.928099048784695], [-77.11586135755623, 38.92802941960488], [-77.11556255036551, 38.927819641400916], [-77.11557206961909, 38.92771585612218], [-77.11543033035016, 38.92764302879766], [-77.11537709190041, 38.92766929558572], [-77.11518604129307, 38.927412116284266], [-77.1149883819406, 38.92734682043039], [-77.11498856801292, 38.927390690776654], [-77.11494000162163, 38.92738200047972], [-77.11485681601607, 38.927216869632005], [-77.11479177121487, 38.927216302957355], [-77.11480704923707, 38.92710719716318], [-77.11455837228559, 38.92694222855308], [-77.11440523063767, 38.9266614089712], [-77.11427900867746, 38.92662630992281], [-77.1141314874091, 38.92632530582578], [-77.11404675903282, 38.926275212176996], [-77.11401493791426, 38.92613624478553], [-77.11377551379306, 38.9259848680271], [-77.11376193128355, 38.92585642254177], [-77.11371063753617, 38.92587232711381], [-77.11362856148635, 38.92574926314709], [-77.11356686887093, 38.9257527462786], [-77.1134067286259, 38.925418062347795], [-77.11312407533843, 38.92527501383998], [-77.11295260479673, 38.925065826208325], [-77.11285952551623, 38.9250569978931], [-77.11283412666106, 38.92496648874313], [-77.11276143818867, 38.924944128171134], [-77.11274047656914, 38.924888296773275], [-77.11280466081637, 38.92485652552744], [-77.11266700126298, 38.924659826394304], [-77.11242391554846, 38.92444854498947], [-77.11228297550633, 38.92443769033297], [-77.11217802675708, 38.92428717189517], [-77.11202413544427, 38.92425362837365], [-77.11196647796386, 38.924108739644545], [-77.11183117073502, 38.92408598805404], [-77.11183798020653, 38.92401598683319], [-77.11143324887207, 38.92382332500438], [-77.11128130965245, 38.923561867942766], [-77.11126025276367, 38.92359179564197], [-77.1111816813647, 38.92349322922731], [-77.11092865588033, 38.92341050297872], [-77.1108802656653, 38.92329055796681], [-77.1106672812446, 38.923149058847564], [-77.11057905445402, 38.922995550357165], [-77.11041786615496, 38.92293913046427], [-77.11031638631431, 38.92279067895652], [-77.10996574940214, 38.922597330350484], [-77.1098826951042, 38.922431475041115], [-77.10953283182982, 38.9222143424067], [-77.10939628148229, 38.92220528182028], [-77.10940386721893, 38.92211365999922], [-77.10922335027497, 38.92200924214457], [-77.10901879131163, 38.92179242247276], [-77.10888392216137, 38.9218265096242], [-77.10888165878735, 38.92177912791278], [-77.10877993607076, 38.92177066473376], [-77.10878924474831, 38.921674086759936], [-77.10863811637245, 38.921557028967726], [-77.10854556819278, 38.92159071604523], [-77.10856557310505, 38.92155115088743], [-77.10845619811514, 38.921363608907335], [-77.10824067048533, 38.92121102743703], [-77.10821773638949, 38.92106817653389], [-77.10803435416958, 38.92089637715476], [-77.10782421644868, 38.9207987407502], [-77.10776735285141, 38.92071384462957], [-77.10771397844155, 38.92072488400621], [-77.10752005235858, 38.920365449954055], [-77.10729439413093, 38.92022089345239], [-77.10721049780584, 38.92010260095333], [-77.10710770791906, 38.92007287763044], [-77.10701936808962, 38.91991324081213], [-77.10684784932928, 38.91995916010426], [-77.10690408978921, 38.919783356072735], [-77.10668869301874, 38.91948159356594], [-77.10661640177422, 38.91948850588034], [-77.1064928203566, 38.9192800756228], [-77.10630209977197, 38.91913035058476], [-77.10616150053893, 38.91872104956213], [-77.10589809926935, 38.91846923532948], [-77.10584492677928, 38.91830461111924], [-77.10576198243393, 38.91828081412974], [-77.10576491923781, 38.918083979318034], [-77.10574008999238, 38.91798103649933], [-77.1056871339685, 38.9179619867336], [-77.10570883052162, 38.91789638641489], [-77.10563423432943, 38.91782528801124], [-77.10560648223372, 38.91761722050448], [-77.1054517158062, 38.91744791344544], [-77.10537583538519, 38.91744365789696], [-77.1053172115436, 38.917334259444814], [-77.10517904956299, 38.917320330881424], [-77.10517230326573, 38.91720259797588], [-77.10509546010334, 38.917092585221525], [-77.10426640163524, 38.91615844252256], [-77.10415078382222, 38.91594639922906], [-77.10403552489983, 38.91566373010463], [-77.10398170857134, 38.91536947551479], [-77.10366782573503, 38.91480213882164], [-77.1035302636138, 38.914324097978984], [-77.10346067966054, 38.913332431076476], [-77.10304541086909, 38.91273185136385], [-77.10271161097106, 38.91257251739082], [-77.1025962720366, 38.91238677655348], [-77.1024185088866, 38.91232918901127], [-77.10203570331016, 38.911924058274444], [-77.10157724049002, 38.91158277115268], [-77.10145376059296, 38.91158783302742], [-77.10133747573249, 38.91146325841724], [-77.10071417616345, 38.91114742419245], [-77.10071272540006, 38.911099861367326], [-77.10035208424068, 38.91078424891199], [-77.10015521713758, 38.910665867970266], [-77.10012475271621, 38.91056563116256], [-77.09946172301996, 38.910109294010574], [-77.09914202847749, 38.90979751649842], [-77.09902195114815, 38.909759873342544], [-77.09854729320526, 38.90927589567674], [-77.09833971819035, 38.908995730701136], [-77.0978163279492, 38.90853223997235], [-77.09747216174758, 38.90835749533253], [-77.09659109394812, 38.90760648005395], [-77.09501428463338, 38.906880798901696], [-77.09494576442616, 38.906767079093555], [-77.09478028498421, 38.90674144956277], [-77.09371739030057, 38.906120099947955], [-77.09348721794876, 38.90590624583497], [-77.09347328983222, 38.90583518105446], [-77.09335996883857, 38.90584319901743], [-77.09231723949921, 38.905371989768064], [-77.09168088068957, 38.90513854386156], [-77.09137065498611, 38.90488457107028], [-77.09120335694786, 38.904874882683075], [-77.09103304535049, 38.904942938523924], [-77.09104201745838, 38.90483654283814], [-77.09077827043731, 38.90477432015797], [-77.09066577613903, 38.90461531992694], [-77.0901497393738, 38.90434078419208], [-77.08813456690197, 38.90337887789129], [-77.08780750793306, 38.903294625760104], [-77.0876538969273, 38.90334915160283], [-77.08767787227605, 38.90325175324991], [-77.0876202853379, 38.903204052150684], [-77.08727968002445, 38.903165661248295], [-77.086978035199, 38.90321615285886], [-77.08689199404294, 38.903185858714885], [-77.08691474054064, 38.903119909613], [-77.0868238002292, 38.9030425864186], [-77.08666370595087, 38.90298000710708], [-77.0862224244143, 38.902914752767074], [-77.08552712164267, 38.902715278275465], [-77.0852107463624, 38.90269064638995], [-77.08510250844391, 38.90260739795762], [-77.08489819869038, 38.90268528875633], [-77.08487981543776, 38.90264098098352], [-77.08454674472235, 38.902633655479896], [-77.0844488089688, 38.90258490100431], [-77.08399831085333, 38.902619097217844], [-77.0834726591197, 38.90246777320143], [-77.0830654377724, 38.90244094829157], [-77.08283268935276, 38.902353642372745], [-77.08278809308942, 38.902270977237286], [-77.08261204690467, 38.902266687763614]]]}}, {"type": "Feature", "properties": {"ANC_ID": "2B", "NAME": "ANC 2B"}, "geometry": {"type": "Polygon", "coordinates": [[[-77.04664832046764, 38.90563259323178], [-77.04112771066026, 38.9056712680625], [-77.03687760775344, 38.90714445326622], [-77.03667100157598, 38.90703192293904], [-77.03634765021104, 38.9070551304038], [-77.03614948356628, 38.90719080358149], [-77.03618262022573, 38.90735242112483], [-77.03456622092031, 38.907941633150905], [-77.03453446687942, 38.91700988859189], [-77.0412259471938, 38.91701561958988], [-77.04447573871514, 38.91535429077285], [-77.04599471691589, 38.91450748655599], [-77.04684067729485, 38.91380393256668], [-77.04747303654689, 38.912706632709515], [-77.04805706877075, 38.91209354748411], [-77.04886280819113, 38.911438523004], [-77.0489132271763, 38.91064558750349], [-77.04926398535694, 38.90993732116937], [-77.04934309514515, 38.90964285000715], [-77.04934251624768, 38.90857276675197], [-77.04879973793142, 38.908572526290335], [-77.04880812583481, 38.906441435587965], [-77.04800569698149, 38.90643337228134], [-77.04700047751471, 38.905860759765524], [-77.04664547780742, 38.90623967620583], [-77.04664832046764, 38.90563259323178]]]}}, {"type": "Feature", "properties": {"ANC_ID": "7C", "NAME": "ANC 7C"}, "geometry": {"type": "Polygon", "coordinates": [[[-76.9301528823956, 38.88977052912014], [-76.93002766641567, 38.889515138687884], [-76.9297343658426, 38.889336677778616], [-76.9288296438698, 38.88899894637228], [-76.92750932325822, 38.88862816024633], [-76.92700238073353, 38.88841569715566], [-76.92503052380097, 38.887145167082885], [-76.92409530785532, 38.886699008402836], [-76.92325645132699, 38.88647595316083], [-76.92183098757023, 38.88640870618193], [-76.92101922343534, 38.88629348335773], [-76.91845491009943, 38.88568897014673], [-76.90914995593276, 38.89293143646814], [-76.93395052666392, 38.91235148307786], [-76.93995371503937, 38.90555332063221], [-76.94068104036009, 38.90490073065235], [-76.94167641077146, 38.90412084700245], [-76.94371520554795, 38.902401818364275], [-76.94261124618886, 38.90193521586021], [-76.94619571718896, 38.89905689452099], [-76.9463931578493, 38.898842333998495], [-76.94658535838926, 38.89838841850103], [-76.94259951218449, 38.89837955563573], [-76.9426052881407, 38.89678850087703], [-76.93775329420842, 38.89678160224302], [-76.93775380268943, 38.897520018354726], [-76.93658074734729, 38.89750506413286], [-76.93615672793794, 38.89740655189913], [-76.9357805966828, 38.8972560861816], [-76.93521970339869, 38.89682319470464], [-76.9350363051205, 38.89656212044475], [-76.93492852920458, 38.89630108803147], [-76.93487260620924, 38.89593774935333], [-76.93487723433925, 38.89427732909278], [-76.93290688164474, 38.894027763157005], [-76.9329155719372, 38.89030235455037], [-76.93287854348807, 38.89008703303503], [-76.93273821798344, 38.88976990242392], [-76.9301528823956, 38.88977052912014]]]}}, {"type": "Feature", "properties": {"ANC_ID": "7D", "NAME": "ANC 7D"}, "geometry": {"type": "Polygon", "coordinates": [[[-76.98364828568332, 38.8989277893805], [-76.98365836673672, 38.88108688152542], [-76.97900077697545, 38.88298106970549], [-76.97900173949986, 38.8828434757648], [-76.97726325176423, 38.88282102569951], [-76.97725788025203, 38.887596711401876], [-76.97307778457298, 38.88761546106489], [-76.97224947225843, 38.88771823301134], [-76.97201396517937, 38.88778600992909], [-76.97138611929468, 38.88810475447303], [-76.97028244970767, 38.889004325893005], [-76.96959172226443, 38.88942592038849], [-76.96899859399164, 38.889634218340234], [-76.96785060510183, 38.889798887455974], [-76.95815732248002, 38.88979493467301], [-76.95752915053265, 38.89017913146313], [-76.95719494840621, 38.890447459104315], [-76.9561163609552, 38.89163454297045], [-76.95388037757648, 38.89390850297019], [-76.95224637287286, 38.89519907921397], [-76.95006220341612, 38.897257388732726], [-76.94885629849098, 38.89821959103592], [-76.94655174468367, 38.900001674847836], [-76.94581389008711, 38.89936929924042], [-76.94261124618886, 38.90193521586021], [-76.94371520554795, 38.902401818364275], [-76.94167641077146, 38.90412084700245], [-76.94068104036009, 38.90490073065235], [-76.93995371503937, 38.90555332063221], [-76.93395052666392, 38.91235148307786], [-76.94186181138446, 38.918543063352395], [-76.94372744602902, 38.91687370557225], [-76.94558404314085, 38.9155097319768], [-76.94638768233158, 38.91511724987887], [-76.94678164746148, 38.915012122503796], [-76.94730506415942, 38.914955697268724], [-76.95206289560683, 38.914852528567614], [-76.95277312665344, 38.91475958147762], [-76.95320852292453, 38.914581571717825], [-76.95349887362885, 38.9143872876922], [-76.9536545545557, 38.9141807883478], [-76.95373243552436, 38.91392570306408], [-76.95382135673867, 38.91264592340773], [-76.95391522550936, 38.91209104664399], [-76.95400350911585, 38.91179137389175], [-76.9542993176497, 38.91115568112996], [-76.95460539473325, 38.91068196156508], [-76.95620788942784, 38.90888432722774], [-76.95661250258334, 38.908252632686846], [-76.95720893522251, 38.90746714448085], [-76.95761357472512, 38.9067626588567], [-76.95878618225794, 38.90423173136381], [-76.95918040728469, 38.903555522475166], [-76.95984419069612, 38.90258780462621], [-76.96175756767656, 38.900487967609386], [-76.96215114190662, 38.8998381425435], [-76.96226368092658, 38.89957468437305], [-76.96228625830352, 38.89939020041184], [-76.96220789725345, 38.89889831850028], [-76.96187141426596, 38.89778269447709], [-76.96191120788227, 38.89707106462209], [-76.96963935858543, 38.89772115617678], [-76.98344469653532, 38.90013853850475], [-76.9836049218043, 38.90001166933436], [-76.98364828568332, 38.8989277893805]]]}}, {"type": "Feature", "properties": {"ANC_ID": "2C", "NAME": "ANC 2C"}, "geometry": {"type": "Polygon", "coordinates": [[[-77.01518028915179, 38.88757406606847], [-77.01518509382144, 38.89146453131104], [-77.01990172303042, 38.89276645162023], [-77.0199034981467, 38.8944188117295], [-77.01900938583636, 38.89468665336734], [-77.01893673879434, 38.89481026899793], [-77.01892922900669, 38.9011317453428], [-77.02170359181208, 38.90208191483693], [-77.02399138781803, 38.902096619437565], [-77.02404529008481, 38.902936250242604], [-77.03153764466248, 38.90551438832889], [-77.03160839309517, 38.90539774708372], [-77.03171894026835, 38.905334514523], [-77.03215634656797, 38.90532084638322], [-77.03228807318663, 38.90538758896565], [-77.03240210384686, 38.905532510786536], [-77.03237234284315, 38.905802184044326], [-77.03618742370763, 38.90713948928617], [-77.03639214603285, 38.90704059509236], [-77.03661184277172, 38.907028419228524], [-77.03675832635513, 38.907057425159124], [-77.03687760775344, 38.90714445326622], [-77.04112771066026, 38.9056712680625], [-77.04489952483857, 38.905664393269426], [-77.04490181485788, 38.90071288633399], [-77.04346479246158, 38.90020980843608], [-77.03364396442257, 38.90021409465286], [-77.03366616206745, 38.89131110944333], [-77.03351747493147, 38.89083848275878], [-77.03312116680624, 38.89029962467665], [-77.03297337306353, 38.890001849561386], [-77.03287378066287, 38.8894956068318], [-77.03289003274939, 38.88924498918402], [-77.03301548214866, 38.88883660399783], [-77.03317316537992, 38.888593423171784], [-77.0335942361192, 38.88813162337029], [-77.0336898653492, 38.88778080049441], [-77.03321008971254, 38.887812728474366], [-77.03187160277508, 38.88757187498015], [-77.01518028915179, 38.88757406606847]]]}}, {"type": "Feature", "properties": {"ANC_ID": "6E", "NAME": "ANC 6E"}, "geometry": {"type": "Polygon", "coordinates": [[[-77.01892922900669, 38.9011317453428], [-77.01893673879434, 38.89481026899793], [-77.01900938583636, 38.89468665336734], [-77.0199034981467, 38.8944188117295], [-77.01990172303042, 38.89276645162023], [-77.01639022817132, 38.89179045352392], [-77.01626008996008, 38.89189219426773], [-77.01557411875535, 38.892074680286896], [-77.01318170032384, 38.892097594830126], [-77.00906266232555, 38.89511120598857], [-77.00906667490538, 38.89747710895112], [-77.00821626595899, 38.897141664339856], [-77.00778062610047, 38.89686784888314], [-77.00767011161517, 38.89752463805714], [-77.00670438143133, 38.900215197984636], [-77.005638711835, 38.900214975041166], [-77.00448166471094, 38.90252294850497], [-77.00252984823726, 38.90801794853564], [-77.00459507937447, 38.90890488336351], [-77.02089001758921, 38.90324324027733], [-77.02171029595321, 38.90297296616212], [-77.02192135485906, 38.9029466313562], [-77.02191730457591, 38.90210914323232], [-77.02152834334481, 38.90203294180208], [-77.01892922900669, 38.9011317453428]]]}}, {"type": "Feature", "properties": {"ANC_ID": "5D", "NAME": "ANC 5D"}, "geometry": {"type": "Polygon", "coordinates": [[[-76.9582241443839, 38.90550010609069], [-76.9681684549823, 38.90565050701796], [-76.9749892329861, 38.90562979839991], [-76.97497546721014, 38.905892785260065], [-76.97852044938551, 38.90734855540665], [-76.97960348195518, 38.907601325548114], [-76.98319377551091, 38.90952542229894], [-76.98375775490965, 38.90976800669108], [-76.98313536932497, 38.910339885316134], [-76.98509423287368, 38.91107220558402], [-76.97840626903985, 38.91700059305873], [-76.97816927728793, 38.91728978856704], [-76.97829751700893, 38.91811174163224], [-76.98185327979827, 38.9172857884018], [-76.99911628262973, 38.9113117927602], [-77.0007612855951, 38.910512789644415], [-77.00173228589398, 38.909985791164495], [-77.00252984823726, 38.90801794853564], [-76.99008130805079, 38.90270175384301], [-76.98415470154951, 38.90021920772348], [-76.98367098460959, 38.900185900273534], [-76.98206928491382, 38.89992119800158], [-76.96963935858543, 38.89772115617678], [-76.96191126552091, 38.897071064640876], [-76.96187141426596, 38.89778269447709], [-76.96220789725345, 38.89889831850028], [-76.96228625830352, 38.89939020041184], [-76.96226368092658, 38.89957468437305], [-76.96215114190662, 38.8998381425435], [-76.96175756767656, 38.900487967609386], [-76.95984419069612, 38.90258780462621], [-76.95918040728469, 38.903555522475166], [-76.95878618225794, 38.90423173136381], [-76.9582241443839, 38.90550010609069]]]}}, {"type": "Feature", "properties": {"ANC_ID": "4A", "NAME": "ANC 4A"}, "geometry": {"type": "Polygon", "coordinates": [[[-77.03479810359988, 38.962248772306516], [-77.0280125027129, 38.9612668573895], [-77.027207976968, 38.9706141049303], [-77.0264352498919, 38.97798725080773], [-77.02662317895935, 38.98477807304311], [-77.0409664930156, 38.995968036511364], [-77.0524223811118, 38.98702340803907], [-77.0522896631161, 38.9869381236556], [-77.052414439698, 38.986489548953756], [-77.05239163951697, 38.98640515222214], [-77.0522663385296, 38.98631197328537], [-77.05160646970344, 38.98614795650113], [-77.05096934399232, 38.986148235880314], [-77.05061116770932, 38.986277208853416], [-77.05000804665066, 38.986051001816186], [-77.04950757223483, 38.98618886021398], [-77.04936531534855, 38.986122259569896], [-77.04933092236053, 38.98577590829901], [-77.04916585201484, 38.98559833583872], [-77.04897239820073, 38.98558508484318], [-77.04870512398989, 38.98564293008675], [-77.04856290474612, 38.98561191989553], [-77.0484093020101, 38.98547433806922], [-77.04829547359881, 38.98543889276481], [-77.0478461577283, 38.98546123763884], [-77.0475901260277, 38.9854169316024], [-77.04724301699338, 38.985181687693675], [-77.0468617125754, 38.984719989932124], [-77.04630400782952, 38.98436492804711], [-77.04574073304074, 38.9841342781299], [-77.04512071854231, 38.98397020009572], [-77.0442958937108, 38.98387277624612], [-77.04326080109087, 38.98403747355368], [-77.04237907252784, 38.98397122565043], [-77.04226525534187, 38.98392613567332], [-77.0417939836761, 38.98349688334547], [-77.04168275005848, 38.98332846938169], [-77.04153229092567, 38.98322636972318], [-77.04103530414913, 38.98322150055013], [-77.04084552999278, 38.9831704903874], [-77.04008010658092, 38.98256828557609], [-77.03995580191517, 38.982399874418554], [-77.03988368283996, 38.98220072731117], [-77.03991626913422, 38.98183821642979], [-77.03998147611566, 38.981649300789364], [-77.0404062419626, 38.9810926269277], [-77.0407592544134, 38.98084739072351], [-77.04136071729008, 38.98053063063577], [-77.04171378080561, 38.980540684531164], [-77.04189680841534, 38.9803364027009], [-77.04191630527959, 38.98012704461321], [-77.04196199022078, 38.98009639126344], [-77.04232173040153, 38.98008095666444], [-77.04351224138412, 38.98073406634651], [-77.0438783794177, 38.98062673170705], [-77.04438165756123, 38.980366114088554], [-77.04458433222517, 38.980218031897344], [-77.04465613131143, 38.980054595334174], [-77.04464300345956, 38.97991677452607], [-77.04436818162166, 38.9796870793184], [-77.04413256005618, 38.97939106813626], [-77.04402120218629, 38.97903879842898], [-77.04389645600672, 38.97830872860909], [-77.04383109388093, 38.97824236249421], [-77.04288932205706, 38.97798740951128], [-77.04260811463709, 38.977865000412926], [-77.04201929388591, 38.977477148019986], [-77.04166617303702, 38.977303694815966], [-77.0412801840228, 38.97698727354047], [-77.0401617314042, 38.97649248062692], [-77.03988035624143, 38.97625764228328], [-77.0397690841704, 38.976012656310786], [-77.03977526036776, 38.97529271637049], [-77.04000396843904, 38.97504761444382], [-77.04003005593972, 38.97487401687658], [-77.03951967179745, 38.9742870338326], [-77.03948682603911, 38.97397049558568], [-77.0398069070316, 38.973480149924825], [-77.03983942555298, 38.97322989907944], [-77.04010065902796, 38.972555903635026], [-77.04013979414043, 38.972356718087035], [-77.04009368195977, 38.97184622806793], [-77.04062325754518, 38.97164688215401], [-77.04107408309702, 38.971207663104], [-77.04151205293859, 38.97105436837448], [-77.04196318607644, 38.97095717960259], [-77.04230973453825, 38.97097742235837], [-77.04247974441233, 38.97102843744157], [-77.04253866625717, 38.97112543476312], [-77.04268249375909, 38.971196907775344], [-77.04294411820375, 38.97124779862336], [-77.04346709214204, 38.97123751616746], [-77.04419443508968, 38.97102374826202], [-77.04439620409806, 38.97092728366502], [-77.04458730395798, 38.970765963456586], [-77.04502250351703, 38.96973273159787], [-77.0450985832241, 38.969057984893794], [-77.04525900476494, 38.96891460175764], [-77.04584751530898, 38.968562060069075], [-77.0459850171119, 38.96829329013926], [-77.04646654309495, 38.96794682283687], [-77.0467033153097, 38.96757648960413], [-77.04681776292507, 38.96717638760796], [-77.04678700195892, 38.96674031066914], [-77.0468479466584, 38.966417881072566], [-77.04711522664732, 38.96595195714069], [-77.04745111541185, 38.96507406645133], [-77.04745849594315, 38.96470381533015], [-77.04739722232577, 38.9645426825646], [-77.04680799795135, 38.96392189102339], [-77.04641774133216, 38.963354616731415], [-77.04610415644389, 38.96306215271224], [-77.04472742983539, 38.962364007224025], [-77.0441461368282, 38.96198209793936], [-77.04344336381047, 38.961371484270906], [-77.04089433213254, 38.96278791588065], [-77.04026576890874, 38.96299223405227], [-77.03955468240278, 38.96309817061779], [-77.03894935816813, 38.96310445440231], [-77.03840778970817, 38.96303659421458], [-77.03479810359988, 38.962248772306516]]]}}, {"type": "Feature", "properties": {"ANC_ID": "4E", "NAME": "ANC 4E"}, "geometry": {"type": "Polygon", "coordinates": [[[-77.04829948305918, 38.93481198746285], [-77.04757106040847, 38.93511728034399], [-77.04657521291071, 38.93541555897991], [-77.04516139128495, 38.93595408963104], [-77.04328032934936, 38.93600560815164], [-77.04236391274328, 38.93613431220438], [-77.04154362361427, 38.93615442491223], [-77.04111911073402, 38.93623015467743], [-77.04012122452384, 38.93671145464923], [-77.03883354491002, 38.93711825397911], [-77.03743229844696, 38.93785964371156], [-77.03613262630726, 38.938343978464786], [-77.03581251333729, 38.938506946995474], [-77.03537566143143, 38.93888452765366], [-77.03514044713529, 38.93929943062865], [-77.03506888193057, 38.93966473848966], [-77.03507851608295, 38.94056112391265], [-77.03217711557814, 38.943921177110724], [-77.0317021409481, 38.94506878240856], [-77.02633894821135, 38.9450681321135], [-77.02666786473708, 38.94640812986462], [-77.0267984294946, 38.94727712897784], [-77.02821391585672, 38.957575503266185], [-77.02823111744215, 38.958476325361694], [-77.0280125027129, 38.9612668573895], [-77.03479810359988, 38.962248772306516], [-77.03840778970817, 38.96303659421458], [-77.03920145316903, 38.96311165782971], [-77.04011018141834, 38.96302630269729], [-77.04089433213254, 38.96278791588065], [-77.04344336381047, 38.961371484270906], [-77.04265437033652, 38.960668977528634], [-77.0418054567339, 38.960149777864835], [-77.04162195386559, 38.96008416411617], [-77.04102554196426, 38.9600544674926], [-77.04066619495737, 38.95993523359485], [-77.04056676949864, 38.95982780860543], [-77.04052825999085, 38.95946947337568], [-77.04108617610837, 38.95893788133851], [-77.04115477768788, 38.95867508622033], [-77.04133046311345, 38.95841828877787], [-77.0418119810136, 38.95811354820824], [-77.04211754730521, 38.957808959236246], [-77.04217869243062, 38.95758796448723], [-77.04211711330024, 38.95707451562516], [-77.04233064588655, 38.95604137060553], [-77.04209323329864, 38.955300976764], [-77.04210818974254, 38.954859115821925], [-77.0422227382524, 38.954620265301415], [-77.04273478095323, 38.954303528666564], [-77.04340701778276, 38.953527038349506], [-77.04421694428437, 38.95282805327208], [-77.0446677166995, 38.952308374819026], [-77.04486630906759, 38.95201571004848], [-77.04488124014532, 38.95156195754874], [-77.04497278625601, 38.95127527005466], [-77.04550757871944, 38.95068989452322], [-77.04566034790604, 38.95055245874137], [-77.04685254994351, 38.949901138994804], [-77.04697487887843, 38.94979362115069], [-77.04708168184087, 38.94958458613693], [-77.04704334323537, 38.949351647494204], [-77.04688253193179, 38.949005433859895], [-77.04699683087769, 38.948444082062004], [-77.04696617750875, 38.94830077264312], [-77.04685145095608, 38.94822911276814], [-77.04640802555967, 38.94808002243685], [-77.04596452888646, 38.947817516189666], [-77.04557458784922, 38.94777587944861], [-77.04519249762188, 38.947907359518034], [-77.04500921922062, 38.948152275299506], [-77.0449175545913, 38.94840904654519], [-77.04478015430307, 38.94856440200528], [-77.04447435599592, 38.948600281617054], [-77.04416843487888, 38.94845707587279], [-77.04405361547602, 38.94821236422747], [-77.04405347150738, 38.947979410146274], [-77.04419096586288, 38.94777036613193], [-77.04459590967646, 38.94743582494174], [-77.04485560578195, 38.9471252100986], [-77.04527597025643, 38.94676084317365], [-77.04541347021248, 38.946551797667674], [-77.04572635562035, 38.94572759786895], [-77.04597838494921, 38.94551256132997], [-77.04626121345575, 38.94547659676681], [-77.04665884161716, 38.945631741563545], [-77.04728574439446, 38.945738958491276], [-77.04783607885547, 38.94567900964797], [-77.04805755255445, 38.9454937985463], [-77.04849279130624, 38.944818898186455], [-77.0493868866071, 38.94416163955866], [-77.04960836116248, 38.943791305138646], [-77.04976110351006, 38.943647918346095], [-77.04992149717316, 38.94357623406108], [-77.05013786882023, 38.94302582506564], [-77.05094040220875, 38.94211915397079], [-77.05131928676263, 38.941422016691995], [-77.05131881305346, 38.940763961089225], [-77.05121221115853, 38.94057492375655], [-77.0512023921962, 38.940378186913826], [-77.05160841019477, 38.93959140402959], [-77.05173390132919, 38.93910724272009], [-77.05213990028489, 38.938138850512054], [-77.05207197859004, 38.937828725074255], [-77.05186846309664, 38.9376170394655], [-77.05040619415591, 38.93719409998275], [-77.04988347540908, 38.93719432424235], [-77.04891537069207, 38.93732328184477], [-77.04819883509612, 38.9372631428419], [-77.04808262804274, 38.93719507895208], [-77.04794700956079, 38.937059019255415], [-77.04785012230944, 38.936869884660325], [-77.0478305304515, 38.936567393950845], [-77.04787871602292, 38.93616650482568], [-77.04779123981623, 38.9357505462612], [-77.04785881952553, 38.93541008585299], [-77.04803046174924, 38.935059349232866], [-77.04829948305918, 38.93481198746285]]]}}, {"type": "Feature", "properties": {"ANC_ID": "4B", "NAME": "ANC 4B"}, "geometry": {"type": "Polygon", "coordinates": [[[-77.0089992221176, 38.95482167191297], [-77.00313587960436, 38.95612918388581], [-77.00265493426588, 38.95636985160956], [-77.00225190393473, 38.95681678710503], [-77.00027733231802, 38.955301618235346], [-76.99955741186065, 38.95578148809289], [-76.99887462701143, 38.95656511252764], [-76.99860682925717, 38.95679400964738], [-76.99817670945679, 38.95703830785878], [-76.99763029138602, 38.9572141393769], [-76.9970023168035, 38.95728024562743], [-76.9928583959638, 38.957279705688926], [-76.99190876599403, 38.95721991905764], [-76.99143503979558, 38.95730353605702], [-77.02662317895935, 38.98477807304311], [-77.0264352498919, 38.97798725080773], [-77.027207976968, 38.9706141049303], [-77.02803303636018, 38.961021566639985], [-77.02706376292873, 38.960669752324115], [-77.00971363163833, 38.95499133048967], [-77.0089992221176, 38.95482167191297]]]}}, {"type": "Feature", "properties": {"ANC_ID": "6D", "NAME": "ANC 6D"}, "geometry": {"type": "Polygon", "coordinates": [[[-77.01374171607861, 38.887568190567045], [-77.03195390115773, 38.88757500542651], [-77.03199102410672, 38.88438119011035], [-77.03216348819089, 38.88344731538587], [-77.0327047038158, 38.88261798802224], [-77.03351664193306, 38.88160699852993], [-77.0343230623521, 38.88048195859065], [-77.03477903840395, 38.88012579401261], [-77.03532853452865, 38.87986240384184], [-77.03704132400811, 38.87954892156182], [-77.03796592169707, 38.879465477165944], [-77.03864680989201, 38.879249682962566], [-77.03918705362565, 38.87896528809343], [-77.03965197431054, 38.8785691221271], [-77.0438104958563, 38.87424246971409], [-77.04327951615382, 38.87384635206461], [-77.04275359159686, 38.87331856330359], [-77.04240611045607, 38.873064112523444], [-77.04222594395736, 38.87278689913858], [-77.04180227504335, 38.87249797187606], [-77.04164057721681, 38.87226696406715], [-77.04075397592963, 38.871518408115314], [-77.03995218364629, 38.87052406700487], [-77.03876738000916, 38.86846901768039], [-77.03828411826342, 38.867427084099184], [-77.03794494268686, 38.86645563748235], [-77.03774204941209, 38.86519155242087], [-77.03774436297569, 38.864772930587165], [-77.037899575417, 38.86434705245984], [-77.03809579667903, 38.8641202467453], [-77.03825406899887, 38.86403542579048], [-77.03890721465683, 38.863928189970814], [-77.03968840297419, 38.86387720965136], [-77.04023793850266, 38.86373333729653], [-77.04078970564267, 38.86366747447192], [-77.0409765309597, 38.86367147185097], [-77.04097548923292, 38.8637435305517], [-77.04167174417393, 38.86367491023696], [-77.04216391638803, 38.86376553839313], [-77.0423975484734, 38.86369644930802], [-77.04253144530301, 38.86370874214294], [-77.04267436170767, 38.86358203163658], [-77.0426353864804, 38.86353213923819], [-77.04276526683678, 38.86337984946764], [-77.04266014488319, 38.86331502731004], [-77.04251366813283, 38.86346029644323], [-77.04234866495732, 38.863453690177785], [-77.0417067454835, 38.86323510675504], [-77.0408957005356, 38.862643720684126], [-77.04035896539537, 38.862381942604934], [-77.04015506450673, 38.862454170352514], [-77.03986000328948, 38.862697318619354], [-77.03980717068467, 38.86320757349858], [-77.03974024917848, 38.86324849451617], [-77.03951272154298, 38.86331532411878], [-77.03832665538843, 38.863383102450896], [-77.03818538081653, 38.86336179878884], [-77.03802377716544, 38.86324672394196], [-77.0378536971469, 38.862138923795996], [-77.03773928793383, 38.86171268237499], [-77.03768095716993, 38.86165702917415], [-77.0376289388418, 38.86133589573705], [-77.03741937954608, 38.86116381215366], [-77.03699594935303, 38.86116475785323], [-77.03679544046872, 38.86111158144508], [-77.03684191496559, 38.86096815271399], [-77.03675151051958, 38.86082674898099], [-77.03573140440258, 38.85998639962785], [-77.0354009689883, 38.85977002787289], [-77.0350734406344, 38.85936934194507], [-77.03499390093981, 38.859051908934205], [-77.034588287926, 38.85822865973196], [-77.03444449995985, 38.85798934836096], [-77.03416437887992, 38.85767431591074], [-77.0340177019327, 38.85716979673835], [-77.03286495980973, 38.85508512604009], [-77.03283507358076, 38.854732544466884], [-77.0326611662599, 38.85410407498105], [-77.03265772202508, 38.85387850480245], [-77.03245934395488, 38.852885380381025], [-77.03226760805387, 38.85230195724924], [-77.03228329586823, 38.85209133570519], [-77.03220111402382, 38.85148977508436], [-77.0321990922766, 38.850659945496545], [-77.02016383867918, 38.85733789280334], [-77.0151888919607, 38.860147653068005], [-77.01454382776937, 38.86039589022329], [-77.01152648691253, 38.86181802623193], [-77.0101006380584, 38.86264702297147], [-77.00893943830098, 38.86359642475454], [-77.00843289284788, 38.864364249798335], [-77.00793696737595, 38.865402864769294], [-77.00665179156704, 38.86723678773132], [-77.0058859580186, 38.8685134557853], [-77.0090734577947, 38.86987585445365], [-77.00910468197738, 38.87490115406979], [-77.00905669124585, 38.8816765606431], [-77.01168379742818, 38.882368432845524], [-77.01249600892696, 38.882484466881], [-77.01358383433733, 38.882504434113876], [-77.01296826480515, 38.882823671281166], [-77.01251977393872, 38.883270896573045], [-77.01221736641054, 38.88406880138246], [-77.012153973688, 38.884734707831825], [-77.01224659201887, 38.885123409941556], [-77.01239648264401, 38.88544184049464], [-77.01335661930788, 38.886792739771444], [-77.01374171607861, 38.887568190567045]]]}}, {"type": "Feature", "properties": {"ANC_ID": "4D", "NAME": "ANC 4D"}, "geometry": {"type": "Polygon", "coordinates": [[[-77.01154272669805, 38.944337165252236], [-77.01086426514908, 38.94465612360718], [-77.00920671432563, 38.94569870463364], [-77.00879671883236, 38.94618446284837], [-77.00863142803026, 38.946596225750405], [-77.00859568265572, 38.94701077149723], [-77.00904858616614, 38.95288966455044], [-77.00904838171986, 38.95482310944067], [-77.00953468381888, 38.95493477330338], [-77.01103331059662, 38.955422168874], [-77.02706376292873, 38.960669752324115], [-77.02803303636018, 38.961021566639985], [-77.02823741496826, 38.9583547123067], [-77.02820557737265, 38.957495962312855], [-77.02678651772192, 38.947197678666086], [-77.02666786473708, 38.94640812986462], [-77.02633894821135, 38.9450681321135], [-77.02350459406036, 38.94515764819593], [-77.02270137636062, 38.946241233265106], [-77.01607302287205, 38.946437902468794], [-77.01567529061526, 38.94573679676546], [-77.01570328829764, 38.9457927975072], [-77.01351329287328, 38.94489980072688], [-77.01262094770809, 38.94439616616788], [-77.01167355144055, 38.94442083923625], [-77.01154272669805, 38.944337165252236]]]}}, {"type": "Feature", "properties": {"ANC_ID": "2A", "NAME": "ANC 2A"}, "geometry": {"type": "Polygon", "coordinates": [[[-77.03366743923985, 38.89133065724849], [-77.03364396442257, 38.90021409465286], [-77.04346479246158, 38.90020980843608], [-77.04490181485788, 38.90071288633399], [-77.04489952483857, 38.905664393269426], [-77.04664832046764, 38.90563259323178], [-77.04664547780742, 38.90623967620583], [-77.04700047751471, 38.905860759765524], [-77.04800569698149, 38.90643337228134], [-77.04880812583481, 38.906441435587965], [-77.04879973793142, 38.908572526290335], [-77.04934251624768, 38.90857276675197], [-77.04934309514515, 38.90964285000715], [-77.05005080283387, 38.909642521951525], [-77.05004189098338, 38.90949555460263], [-77.05010612434245, 38.90934959186251], [-77.05069786993052, 38.908936844385074], [-77.05147000168232, 38.9087655283494], [-77.0527957171888, 38.90882025705882], [-77.05318820692105, 38.908694313497996], [-77.05355480127298, 38.90846281165782], [-77.0538118002499, 38.90802623908744], [-77.05432989654484, 38.9075055869719], [-77.054749136013, 38.906508437108144], [-77.05551948410361, 38.905128714628574], [-77.05629965755809, 38.904111658375186], [-77.05664794248464, 38.90380430508791], [-77.05690881537403, 38.903644009731565], [-77.05703313419151, 38.9033893729558], [-77.05790996015442, 38.902347485399595], [-77.0579731167874, 38.90218106969495], [-77.05820336534222, 38.90192718974063], [-77.05848975620496, 38.90137843761255], [-77.05850984728639, 38.901276452916576], [-77.0584313669522, 38.90104335583315], [-77.05736643332138, 38.90026827275948], [-77.05729879965787, 38.899941329440736], [-77.0573864616597, 38.89964247002111], [-77.05734202776715, 38.89942183199307], [-77.05739877651789, 38.89938807681221], [-77.05736744392942, 38.89930304424698], [-77.05715302602408, 38.89903524962784], [-77.05666286780458, 38.89863213891462], [-77.05662949888597, 38.89844912314819], [-77.05670557759747, 38.89638265712235], [-77.05668262024861, 38.8950405654289], [-77.05655515647027, 38.89448127046551], [-77.05592273166098, 38.89300793140401], [-77.06325447431341, 38.891782853767744], [-77.06399229347899, 38.891765245887], [-77.06469937659975, 38.891869155345624], [-77.06446236768178, 38.89114962523182], [-77.06430323600439, 38.89108052861124], [-77.06416161205321, 38.89086854929787], [-77.06400626061804, 38.890772154810115], [-77.06403303007201, 38.890545939780004], [-77.0638013447199, 38.89028896745864], [-77.06377486902957, 38.89019979897412], [-77.063844277177, 38.89009102993106], [-77.06405182034744, 38.88998304998111], [-77.0643159879228, 38.88975448836904], [-77.06441772609189, 38.88958120117475], [-77.06423166182789, 38.888655782689966], [-77.06409318044311, 38.888343808448006], [-77.06382193539383, 38.88818045485629], [-77.06380591528509, 38.8880531751787], [-77.06371363552057, 38.88797521296815], [-77.06378279391848, 38.887847256200786], [-77.06361993247214, 38.88772275910071], [-77.06364961052296, 38.88778517101906], [-77.06360736568082, 38.887848432873746], [-77.06345944678294, 38.88767690365707], [-77.06344386204574, 38.88751989602064], [-77.0630381062133, 38.88708978527535], [-77.06267283006432, 38.88654938875921], [-77.06227277305506, 38.88577001715107], [-77.0614547225504, 38.88475322352312], [-77.06127533311764, 38.88442775467499], [-77.0609779859887, 38.88404127031079], [-77.06087604498795, 38.8839773639368], [-77.06088407132312, 38.883928624374775], [-77.06100001827902, 38.883927933287204], [-77.06085021812137, 38.88383108117605], [-77.05982124902475, 38.88194849901883], [-77.05944955211434, 38.88138728586815], [-77.05927479011615, 38.881200270397606], [-77.05916276276022, 38.88091890502818], [-77.0587515617647, 38.88051733829428], [-77.05792743545592, 38.88027037949717], [-77.05757834057337, 38.88026748927597], [-77.05633432496637, 38.88040574422346], [-77.05581820950749, 38.880374372580754], [-77.05530545753456, 38.8802211135042], [-77.055332026574, 38.880300464863744], [-77.05484454213791, 38.88018133359912], [-77.05414289575258, 38.879719530398425], [-77.05366417111983, 38.87913393546628], [-77.05377653117495, 38.87897173267039], [-77.0537536461828, 38.87888427168834], [-77.05363951908281, 38.87884207478899], [-77.05363015861633, 38.87896162049324], [-77.05354180271837, 38.87901399981064], [-77.05350757993283, 38.87886816957719], [-77.05336404156468, 38.87864077326844], [-77.05317483387203, 38.8785245611839], [-77.05322422064259, 38.87845175084749], [-77.05261217508743, 38.87787008577844], [-77.0519703825182, 38.87709763282373], [-77.05176823430035, 38.87692701346534], [-77.05153287847607, 38.87657164615508], [-77.051422260619, 38.87611478891274], [-77.05156156477705, 38.87560160903183], [-77.05171030695382, 38.874597827216434], [-77.05168699308547, 38.873912838622005], [-77.05145876891805, 38.87336504832606], [-77.05071704804905, 38.872169507110584], [-77.05041834070268, 38.87182488477477], [-77.05019154578135, 38.87164742679147], [-77.04984779641346, 38.87148263011629], [-77.04949853194597, 38.871338914435015], [-77.0492433684217, 38.871292899275474], [-77.04894560730055, 38.871320860440775], [-77.04877933172641, 38.871402122787245], [-77.04791042660365, 38.871618747337024], [-77.0468283726565, 38.871814488523235], [-77.046529463116, 38.87201234251553], [-77.04623617003148, 38.872344058411834], [-77.04624245606513, 38.87244161694826], [-77.04653496952447, 38.8730343438411], [-77.046511860419, 38.87329370499245], [-77.04637599214166, 38.87364571734713], [-77.04638691406882, 38.873960556686264], [-77.04653676303006, 38.8740174301692], [-77.04703503810211, 38.874507557863005], [-77.0472040857603, 38.87483998975052], [-77.04719564680079, 38.87497439850612], [-77.04711851339127, 38.87509316037828], [-77.0468225412261, 38.875308742351535], [-77.04624010546345, 38.8755719476491], [-77.04588724923103, 38.875597310354856], [-77.04567932388149, 38.87555388130066], [-77.04542950667252, 38.87541759157479], [-77.0438104958563, 38.87424246971409], [-77.03965197431054, 38.8785691221271], [-77.03927840955116, 38.878900396962315], [-77.03874590078392, 38.879207761096424], [-77.03810155145537, 38.879431651518196], [-77.0357309338091, 38.87975913531794], [-77.03524038323566, 38.87989179783621], [-77.0348893004271, 38.880060180026234], [-77.0343230623521, 38.88048195859065], [-77.03351664193306, 38.88160699852993], [-77.0327047038158, 38.88261798802224], [-77.03216348819089, 38.88344731538587], [-77.03202429299141, 38.88408596717694], [-77.03196494483946, 38.88492885302574], [-77.03195390115773, 38.88757500542651], [-77.03321008971254, 38.887812728474366], [-77.0336898653492, 38.88778080049441], [-77.0335942361192, 38.88813162337029], [-77.03317316537992, 38.888593423171784], [-77.03301548214866, 38.88883660399783], [-77.03289003274939, 38.88924498918402], [-77.03287378066287, 38.8894956068318], [-77.03292293485683, 38.88985655866872], [-77.03304502818527, 38.89016389000846], [-77.03351747493147, 38.89083848275878], [-77.03362744973921, 38.8911041081379], [-77.03366743923985, 38.89133065724849]]]}}, {"type": "Feature", "properties": {"ANC_ID": "6/8F", "NAME": "ANC 6/8F"}, "geometry": {"type": "Polygon", "coordinates": [[[-77.00910016961494, 38.87647704766527], [-77.0090734577947, 38.86987585445365], [-77.0072905677919, 38.869081212585996], [-77.00390253416768, 38.86772231225407], [-77.0032337162489, 38.86871593332134], [-77.00284597995702, 38.869152581010695], [-77.00233297747758, 38.86948653409904], [-77.00163294476692, 38.86973553839757], [-77.00105343866703, 38.869801396534726], [-77.00043359901905, 38.86973095474316], [-76.99709740565153, 38.868892957372616], [-76.99703022766309, 38.86884259867723], [-76.99693354789197, 38.86885286576667], [-76.99538036486047, 38.8684786053468], [-76.994718597761, 38.86841470767716], [-76.99394078698752, 38.86843818187104], [-76.99286992484589, 38.86864594542551], [-76.99242350389042, 38.86878617825686], [-76.99173876267426, 38.86909259791175], [-76.99045414026493, 38.8700723445404], [-76.99034973407504, 38.870105937320254], [-76.9903415456957, 38.8701561134721], [-76.98982362800753, 38.87055766427832], [-76.98954997102058, 38.870703846553006], [-76.99091827176098, 38.872477742941875], [-76.99114457096343, 38.87288301235254], [-76.991362694246, 38.8734501166399], [-76.99149642704928, 38.87424182982593], [-76.99153798989308, 38.87758352525484], [-76.99206629941341, 38.877583409187494], [-76.99244234164478, 38.87773576609219], [-76.99341107541078, 38.877995383642535], [-76.9935745174349, 38.877872058807014], [-76.99367795260406, 38.87785284053456], [-76.99368455233922, 38.87763607186958], [-77.00204579608652, 38.879977812415035], [-77.00205730461377, 38.880207075785776], [-77.00324197405502, 38.88053612542746], [-77.00561711260167, 38.88051714470747], [-77.00573877500597, 38.880853395], [-77.00691643188239, 38.880961161611424], [-77.00792525019075, 38.88118279398162], [-77.00905512936012, 38.88153866033703], [-77.00910016961494, 38.87647704766527]]]}}, {"type": "Feature", "properties": {"ANC_ID": "7B", "NAME": "ANC 7B"}, "geometry": {"type": "Polygon", "coordinates": [[[-76.96256351490618, 38.85194989719571], [-76.96177462268585, 38.851942038450005], [-76.93493594045324, 38.87285559370948], [-76.9398962513864, 38.875481588980136], [-76.94143269799541, 38.87642140522653], [-76.94263607097939, 38.8768560271585], [-76.94298303184536, 38.877051048720475], [-76.94391619638463, 38.87789702876617], [-76.94461348165622, 38.878729467089755], [-76.9451943140619, 38.87965003871521], [-76.94577412167372, 38.88087725250248], [-76.94676282722033, 38.88045863693054], [-76.94765996803682, 38.87994403257543], [-76.94829061226288, 38.87946885045558], [-76.94876248486337, 38.878926032386914], [-76.95889279959324, 38.881687686308645], [-76.95749789084961, 38.88363813381344], [-76.95626788401516, 38.883637859929266], [-76.95620511143072, 38.883757738044146], [-76.95425938821955, 38.88569820933569], [-76.95409937992696, 38.88592245533023], [-76.95399602262309, 38.886590656545735], [-76.9539141424421, 38.886839345713355], [-76.95340730923672, 38.88759422721277], [-76.9560762002607, 38.88759219844166], [-76.95607149899, 38.88680360293394], [-76.95900395936773, 38.886805119369406], [-76.96493996204626, 38.88690109939698], [-76.96542428827883, 38.88637704599933], [-76.96854342962739, 38.884050881775764], [-76.96932920572857, 38.88336771453177], [-76.97007073336192, 38.88257210590718], [-76.97097063935222, 38.88142825857427], [-76.971993406788, 38.879904919053686], [-76.97275445505329, 38.87888318691887], [-76.97342022117964, 38.87838167184265], [-76.97437119897131, 38.877917384502844], [-76.9779755885134, 38.876857146909245], [-76.97692452973274, 38.875839886840986], [-76.97652948262323, 38.875121928779684], [-76.97629712958364, 38.8748868526975], [-76.97509670942492, 38.87425004228042], [-76.97485861600717, 38.874073183374705], [-76.97228877262259, 38.87285971057184], [-76.97223017993537, 38.872726102029105], [-76.97203965943258, 38.87277902598504], [-76.97096820197575, 38.87331170168532], [-76.9709385907549, 38.86874281079293], [-76.97032973187216, 38.867575888327586], [-76.97022329327459, 38.86721930829223], [-76.97017300571144, 38.866782027115015], [-76.9702002414663, 38.86629535454395], [-76.9702890234491, 38.86599282958802], [-76.97070683524203, 38.86515398148483], [-76.97080340993584, 38.864834206918836], [-76.97081638570718, 38.8644080219959], [-76.97072053844018, 38.86405153495337], [-76.96943238772376, 38.86204584080634], [-76.96877173742517, 38.86067206194149], [-76.96848783174872, 38.86042794750669], [-76.96814896195193, 38.86022588672591], [-76.96821269269174, 38.85913065994378], [-76.96817300121633, 38.858742115770866], [-76.96806166824611, 38.85830526682313], [-76.96777597933317, 38.85769883116122], [-76.96669245146396, 38.85609646828405], [-76.96535612689874, 38.854417358422324], [-76.96352212228449, 38.852642138521745], [-76.96283079673277, 38.85204572424512], [-76.96256351490618, 38.85194989719571]]]}}, {"type": "Feature", "properties": {"ANC_ID": "2G", "NAME": "ANC 2G"}, "geometry": {"type": "Polygon", "coordinates": [[[-77.02399138781803, 38.902096619437565], [-77.02191730457591, 38.90210914323232], [-77.02192135485906, 38.9029466313562], [-77.02171029595321, 38.90297296616212], [-77.02089001758921, 38.90324324027733], [-77.0147781269958, 38.90536926196229], [-77.01811124250071, 38.914653494906766], [-77.02066041322, 38.915745873140395], [-77.02074813083134, 38.91563820799477], [-77.02087483730885, 38.915582964331925], [-77.0208720953575, 38.91409397691728], [-77.02703744104244, 38.914097649424484], [-77.02703846365392, 38.90858357085397], [-77.0259907691883, 38.908580115208494], [-77.0259859519927, 38.90358635503681], [-77.02404529008481, 38.902936250242604], [-77.02399138781803, 38.902096619437565]]]}}, {"type": "Feature", "properties": {"ANC_ID": "1C", "NAME": "ANC 1C"}, "geometry": {"type": "Polygon", "coordinates": [[[-77.04616832332754, 38.914386787435355], [-77.04447573871514, 38.91535429077285], [-77.04091921668598, 38.91718372381459], [-77.0401777725442, 38.91805933878036], [-77.03854239669283, 38.91851023414584], [-77.03649790013597, 38.919153184576345], [-77.03649049113227, 38.92653307569721], [-77.03670970588342, 38.927125709241025], [-77.03757246016151, 38.92695414190457], [-77.03796210793732, 38.92710085153735], [-77.0385595386565, 38.92718073987029], [-77.04172386735372, 38.92720892997122], [-77.04210635079562, 38.92731491075206], [-77.04308002678569, 38.92786944110113], [-77.04337038164127, 38.92797664976513], [-77.04456959480143, 38.92809756759398], [-77.04474580307934, 38.92749040285494], [-77.04470763324454, 38.92712765256654], [-77.04478888361301, 38.92671067150492], [-77.04599553001917, 38.925958819012], [-77.04629872050977, 38.92596477990125], [-77.04670292142785, 38.926091131890146], [-77.04690534844295, 38.926527197544864], [-77.047052264124, 38.926724519730804], [-77.04768432269664, 38.92701155678916], [-77.04816550210069, 38.92732811890114], [-77.04833663184027, 38.927511223348155], [-77.04905709531087, 38.92805871881276], [-77.04954037326132, 38.92813994110717], [-77.04976772265266, 38.928014007354996], [-77.04985274124355, 38.927732641422416], [-77.04984315510686, 38.92754761470083], [-77.04943474944922, 38.925534978647306], [-77.04890882201758, 38.924986332015514], [-77.04872819543958, 38.924517965782535], [-77.04858605273289, 38.9236418305352], [-77.0485383673015, 38.92301420444232], [-77.04861014467505, 38.92259527852924], [-77.04880804414017, 38.92232774788863], [-77.04976300273147, 38.921730246288654], [-77.05021681130108, 38.921306183374625], [-77.04883478883491, 38.91894669512966], [-77.04865534404793, 38.918818338216866], [-77.04777963599503, 38.91857333065602], [-77.04757160066015, 38.91839901424371], [-77.04639793536795, 38.916184138867315], [-77.04634737785051, 38.9159968125863], [-77.04624928688582, 38.91477214110828], [-77.04616832332754, 38.914386787435355]]]}}, {"type": "Feature", "properties": {"ANC_ID": "7E", "NAME": "ANC 7E"}, "geometry": {"type": "Polygon", "coordinates": [[[-76.93493594045324, 38.87285559370948], [-76.9256387618791, 38.8800959417184], [-76.91845491009943, 38.88568897014673], [-76.92101922343534, 38.88629348335773], [-76.92183098757023, 38.88640870618193], [-76.92325645132699, 38.88647595316083], [-76.92409530785532, 38.886699008402836], [-76.92503052380097, 38.887145167082885], [-76.92700238073353, 38.88841569715566], [-76.92750932325822, 38.88862816024633], [-76.9288296438698, 38.88899894637228], [-76.9297343658426, 38.889336677778616], [-76.93002766641567, 38.889515138687884], [-76.9301528823956, 38.88977052912014], [-76.9382285757458, 38.88978407821027], [-76.93830439563166, 38.88946617655405], [-76.93844734626018, 38.88932033424078], [-76.93906814854192, 38.888944740036834], [-76.93950136382784, 38.88861066422401], [-76.93993975643119, 38.88814614809121], [-76.94022124212654, 38.88771686293986], [-76.9405085474379, 38.886939225882024], [-76.94061031326203, 38.8857044083885], [-76.94079882787312, 38.88492987301139], [-76.94123597481341, 38.883980880031174], [-76.94178487416372, 38.88321346005427], [-76.94258214372798, 38.882433007513534], [-76.94349200572157, 38.881787549658824], [-76.94469315779752, 38.88120564202793], [-76.94577412167372, 38.88087725250248], [-76.9451943140619, 38.87965003871521], [-76.94461348165622, 38.878729467089755], [-76.94391619638463, 38.87789702876617], [-76.94298303184536, 38.877051048720475], [-76.94263607097939, 38.8768560271585], [-76.94143269799541, 38.87642140522653], [-76.9398962513864, 38.875481588980136], [-76.93493594045324, 38.87285559370948]]]}}, {"type": "Feature", "properties": {"ANC_ID": "2E", "NAME": "ANC 2E"}, "geometry": {"type": "Polygon", "coordinates": [[[-77.06375875185365, 38.89175708589343], [-77.06302442706355, 38.89181576860632], [-77.05592273166098, 38.89300793140401], [-77.05655515647027, 38.89448127046551], [-77.05668262024861, 38.8950405654289], [-77.05670557759747, 38.89638265712235], [-77.05662949888597, 38.89844912314819], [-77.05666286780458, 38.89863213891462], [-77.05715302602408, 38.89903524962784], [-77.05736744392942, 38.89930304424698], [-77.05739877651789, 38.89938807681221], [-77.05734202776715, 38.89942183199307], [-77.0573864616597, 38.89964247002111], [-77.05729879965787, 38.899941329440736], [-77.05736643332138, 38.90026827275948], [-77.0584313669522, 38.90104335583315], [-77.05850984728639, 38.901276452916576], [-77.05848975620496, 38.90137843761255], [-77.05820336534222, 38.90192718974063], [-77.0579731167874, 38.90218106969495], [-77.05790996015442, 38.902347485399595], [-77.05703313419151, 38.9033893729558], [-77.05690881537403, 38.903644009731565], [-77.05664794248464, 38.90380430508791], [-77.05629965755809, 38.904111658375186], [-77.05551948410361, 38.905128714628574], [-77.054749136013, 38.906508437108144], [-77.05432989654484, 38.9075055869719], [-77.0538118002499, 38.90802623908744], [-77.05355480127298, 38.90846281165782], [-77.05318820692105, 38.908694313497996], [-77.0527957171888, 38.90882025705882], [-77.05147000168232, 38.9087655283494], [-77.05069786993052, 38.908936844385074], [-77.05010612434245, 38.90934959186251], [-77.05004189098338, 38.90949555460263], [-77.05008067801026, 38.909726872308845], [-77.05057649480278, 38.910103838155926], [-77.0516455521513, 38.911250222805634], [-77.05225720179098, 38.91168244139036], [-77.05250840055318, 38.911938886364744], [-77.05296549959598, 38.912170014273414], [-77.05434296470565, 38.91256673967724], [-77.05521853540259, 38.91295359774983], [-77.05561149097778, 38.91341616982906], [-77.05590759364392, 38.91356691821662], [-77.05636484456008, 38.91393387845327], [-77.0576074856894, 38.914667542086576], [-77.05842105951973, 38.915315017781964], [-77.05877425912628, 38.91550122314496], [-77.05891693071602, 38.915810947987595], [-77.05890810994067, 38.916299834824756], [-77.05863933345957, 38.917164049490005], [-77.05840743694822, 38.917575846485214], [-77.0582567418953, 38.91772200985354], [-77.05908643706158, 38.9183212329154], [-77.0628530845961, 38.91844563645245], [-77.06337907310129, 38.91842562409575], [-77.06731394534678, 38.91867856659188], [-77.06738469969021, 38.91770100457856], [-77.06759323689197, 38.91751639345473], [-77.06875436097309, 38.91697350435605], [-77.06938480499656, 38.91773334504537], [-77.06945234225104, 38.917591063329134], [-77.06941253707224, 38.91660773714315], [-77.07057236922925, 38.916559388301955], [-77.07156252934516, 38.91633339751155], [-77.07191379272204, 38.91635570269556], [-77.07245220714829, 38.91650797130443], [-77.07285821560167, 38.91652573552355], [-77.07294731801004, 38.916574126763095], [-77.07487437143028, 38.91653166766561], [-77.07488914566021, 38.91687510100725], [-77.07572065093272, 38.916862926361226], [-77.07572767236721, 38.917426753519024], [-77.08171105910498, 38.917436784639996], [-77.08172487644256, 38.91723831233719], [-77.08100917973685, 38.91623072380643], [-77.08056317033089, 38.915038976785745], [-77.08042461064915, 38.91486861644082], [-77.0793816351594, 38.91406251570281], [-77.07908701102073, 38.91370084142649], [-77.07889397739255, 38.91329165089721], [-77.07881160365712, 38.91275866485156], [-77.07949186490205, 38.912736953344314], [-77.07946400055197, 38.91263731299936], [-77.0792391499094, 38.912637862070845], [-77.07916542546576, 38.91195221494482], [-77.07891138476928, 38.91170454021505], [-77.0785221941752, 38.910894609865636], [-77.07844161084866, 38.910820831591], [-77.07828004144605, 38.91081011191966], [-77.07764026292996, 38.90951348998135], [-77.07756400680094, 38.90863494736436], [-77.07791508457785, 38.90810870720171], [-77.07788651648065, 38.906748564263786], [-77.07795421255517, 38.90666058858364], [-77.07831747844695, 38.906745924986346], [-77.07828931338129, 38.902377233416686], [-77.07796822549213, 38.90226690656695], [-77.07763781301817, 38.90226343318811], [-77.07752220622068, 38.902180092546345], [-77.07706803334041, 38.90212156845217], [-77.07674773707554, 38.90198341089798], [-77.0759179500708, 38.90180045278076], [-77.07541316030746, 38.90162286460631], [-77.0733683065707, 38.9011253737804], [-77.07270547611174, 38.90106272964952], [-77.0721528140286, 38.901070639320324], [-77.07058709437301, 38.90119335287112], [-77.07029863121531, 38.900994748313614], [-77.06944182516887, 38.90062060300287], [-77.06894666717082, 38.90048315843431], [-77.06862137471113, 38.9002803915649], [-77.06817190898524, 38.899939958445074], [-77.06815947269044, 38.899834117436676], [-77.06805549021718, 38.8997149974151], [-77.06777141804066, 38.89957418167463], [-77.06755329749903, 38.89920019066447], [-77.06753648176425, 38.89909453227607], [-77.06762461733133, 38.898915935507226], [-77.0676131305758, 38.898716226711414], [-77.067467394114, 38.89820472590963], [-77.06747794652522, 38.898148417529086], [-77.06759767753913, 38.89810213539022], [-77.06758634077957, 38.898060523299606], [-77.0674748081756, 38.898121123993654], [-77.06735212071281, 38.89784445779144], [-77.06722871184415, 38.89716827078723], [-77.06647162768569, 38.89586951717128], [-77.06623354456906, 38.895330231227945], [-77.06588538576099, 38.894798483835686], [-77.06588909651614, 38.894697497902904], [-77.06601612024373, 38.89460211761662], [-77.06597539490402, 38.89452809181283], [-77.06585646901202, 38.89456707508652], [-77.06575947505682, 38.894513710087665], [-77.06513367203277, 38.893519806672195], [-77.06493219937134, 38.89291068254413], [-77.06481130847433, 38.89268761225648], [-77.06484262917536, 38.892524723464405], [-77.06474530732172, 38.892233176357976], [-77.06469937659975, 38.891869155345624], [-77.06375875185365, 38.89175708589343]]]}}, {"type": "Feature", "properties": {"ANC_ID": "5B", "NAME": "ANC 5B"}, "geometry": {"type": "Polygon", "coordinates": [[[-76.99604754416309, 38.921297584231], [-76.98625861467504, 38.92434318786783], [-76.9852882740539, 38.924698402943214], [-76.9715532170487, 38.931294015941276], [-76.97010204479717, 38.92989209582057], [-76.9700633008549, 38.929957756492705], [-76.96423285773118, 38.93213375945229], [-76.96396144618447, 38.932879392753605], [-76.96272920157338, 38.93288738405189], [-76.96123819124603, 38.93370068243418], [-76.97755431777345, 38.94645683363293], [-76.97794750333635, 38.94626232955], [-76.97825853947703, 38.945998553207154], [-76.97885676596127, 38.94525935305319], [-76.98167742964606, 38.94526045971931], [-76.98167688420695, 38.94424081179546], [-76.98558318857069, 38.94425715928771], [-76.98401845922295, 38.94314718892154], [-76.98333421474719, 38.94255975295508], [-76.98564849571133, 38.942567807083215], [-76.98567242825169, 38.94286850670462], [-76.99263018587352, 38.94287302587449], [-76.99264171117244, 38.94073247661721], [-76.99762669750488, 38.94073989067054], [-76.99483740064159, 38.93375341505968], [-76.99449827872662, 38.93238079508391], [-76.99415728304095, 38.93024779126823], [-76.99410427815936, 38.9292567933123], [-76.99414027829219, 38.92792179015124], [-76.99431327850161, 38.926499791068046], [-76.99448624375546, 38.925589977316974], [-76.99494528622691, 38.92399079615188], [-76.99604754416309, 38.921297584231]]]}}, {"type": "Feature", "properties": {"ANC_ID": "3F", "NAME": "ANC 3F"}, "geometry": {"type": "Polygon", "coordinates": [[[-77.05156156969952, 38.93968918272582], [-77.0512023921962, 38.940378186913826], [-77.05121221115853, 38.94057492375655], [-77.05131881305346, 38.940763961089225], [-77.05131928676263, 38.941422016691995], [-77.05094040220875, 38.94211915397079], [-77.05013786882023, 38.94302582506564], [-77.04992149717316, 38.94357623406108], [-77.04976110351006, 38.943647918346095], [-77.04960836116248, 38.943791305138646], [-77.0493868866071, 38.94416163955866], [-77.04849279130624, 38.944818898186455], [-77.04805755255445, 38.9454937985463], [-77.04783607885547, 38.94567900964797], [-77.04728574439446, 38.945738958491276], [-77.04665884161716, 38.945631741563545], [-77.04626121345575, 38.94547659676681], [-77.04597838494921, 38.94551256132997], [-77.04572635562035, 38.94572759786895], [-77.04541347021248, 38.946551797667674], [-77.04527597025643, 38.94676084317365], [-77.04409171548484, 38.94788985341599], [-77.04405361547602, 38.94821236422747], [-77.04413021364383, 38.94839736541148], [-77.04423733466463, 38.94850488378604], [-77.04447435599592, 38.948600281617054], [-77.04478015430307, 38.94856440200528], [-77.0449175545913, 38.94840904654519], [-77.04500921922062, 38.948152275299506], [-77.04519249762188, 38.947907359518034], [-77.04557458784922, 38.94777587944861], [-77.04596452888646, 38.947817516189666], [-77.04640802555967, 38.94808002243685], [-77.04685145095608, 38.94822911276814], [-77.04696617750875, 38.94830077264312], [-77.04699683087769, 38.948444082062004], [-77.04688253193179, 38.949005433859895], [-77.04704334323537, 38.949351647494204], [-77.04708168184087, 38.94958458613693], [-77.04697487887843, 38.94979362115069], [-77.04685254994351, 38.949901138994804], [-77.04566034790604, 38.95055245874137], [-77.04550757871944, 38.95068989452322], [-77.04497278625601, 38.95127527005466], [-77.04488124014532, 38.95156195754874], [-77.04486630906759, 38.95201571004848], [-77.0446677166995, 38.952308374819026], [-77.04421694428437, 38.95282805327208], [-77.04340701778276, 38.953527038349506], [-77.04273478095323, 38.954303528666564], [-77.04229155669667, 38.95454258914701], [-77.04214642217056, 38.95473965240202], [-77.04209323329864, 38.955300976764], [-77.04233064588655, 38.95604137060553], [-77.04211711330024, 38.95707451562516], [-77.04217080589254, 38.95734312271658], [-77.04214818065066, 38.957713370521276], [-77.04203361385963, 38.95791051256995], [-77.0418119810136, 38.95811354820824], [-77.04133046311345, 38.95841828877787], [-77.04115477768788, 38.95867508622033], [-77.04108617610837, 38.95893788133851], [-77.04052825999085, 38.95946947337568], [-77.04056676949864, 38.95982780860543], [-77.04075795187724, 38.959988899878944], [-77.04102554196426, 38.9600544674926], [-77.04162195386559, 38.96008416411617], [-77.0418054567339, 38.960149777864835], [-77.04265437033652, 38.960668977528634], [-77.04344336381047, 38.961371484270906], [-77.04437406852347, 38.96087930190165], [-77.04518672150203, 38.96057860127127], [-77.04624870747945, 38.96039203034496], [-77.04721524376355, 38.960393499726344], [-77.04811785085539, 38.96053557934315], [-77.04872470080039, 38.960735059132816], [-77.04922309485987, 38.96099906258805], [-77.05005452797211, 38.961640160596396], [-77.05042460226865, 38.96181831101637], [-77.05104509926474, 38.96194145488504], [-77.0517625225998, 38.96190988082555], [-77.0534981093438, 38.96133784996141], [-77.05407487661924, 38.96120074018985], [-77.05507615742621, 38.9610576630847], [-77.05620287874089, 38.96102060742891], [-77.05620574242796, 38.96004320991775], [-77.05600617202188, 38.95891366973519], [-77.05606067836825, 38.95868168085641], [-77.05633876460226, 38.95829374146602], [-77.05671943121942, 38.958039974795064], [-77.05688276771943, 38.957865135121395], [-77.05719648702696, 38.95700451260745], [-77.05731782694751, 38.95683347629831], [-77.05753280403489, 38.95673455002844], [-77.0580683684936, 38.95671987202707], [-77.05817084425688, 38.95689052772633], [-77.05875547632267, 38.957349296590984], [-77.05929722727655, 38.95756801400072], [-77.06059665981036, 38.957809399803544], [-77.06336553682577, 38.95803448977851], [-77.06512583447169, 38.95848559321078], [-77.06521506162673, 38.958593516520594], [-77.06619053496318, 38.96080224446535], [-77.06624046692342, 38.961020702508485], [-77.06917795907388, 38.96102464058009], [-77.06866515499974, 38.960371573774545], [-77.06801012286027, 38.95974399075685], [-77.06812048924944, 38.95969068768073], [-77.07010015487455, 38.959691499331576], [-77.07001363655507, 38.95935500250256], [-77.07000116513882, 38.95899179681955], [-77.07009308384589, 38.95860213436072], [-77.07024840596046, 38.95827630231513], [-77.07294712297117, 38.95507230072667], [-77.07179115930067, 38.9530644419048], [-77.07158094367135, 38.952474618934176], [-77.07150756686914, 38.95189615241059], [-77.0715208971589, 38.95149923961658], [-77.07160283862844, 38.951071836810684], [-77.07243930899986, 38.94887735512475], [-77.07257867703117, 38.94832253870706], [-77.07256357431406, 38.94776520564731], [-77.07241260121856, 38.94722903615323], [-77.07215384378176, 38.94676463893448], [-77.0717348450848, 38.94628637670387], [-77.07241591106757, 38.94628559644779], [-77.07241340033893, 38.94222412080938], [-77.06887710094863, 38.942217556035395], [-77.0685996348965, 38.941687455058165], [-77.06785437041847, 38.94088383677767], [-77.06744567838295, 38.94073519322646], [-77.0668418542616, 38.94061090131334], [-77.06580973019398, 38.94049320806086], [-77.06510068043252, 38.940483425744794], [-77.06442479075403, 38.940534697095316], [-77.06270847713142, 38.940901718552766], [-77.0616562119093, 38.94097939834458], [-77.05643815301728, 38.94095923431387], [-77.05617016928663, 38.940921348401105], [-77.05550271837726, 38.940713395485375], [-77.05501276649072, 38.940667846957325], [-77.05310350767023, 38.94088451462411], [-77.05287103807228, 38.940826246264685], [-77.05269845458797, 38.94071725178076], [-77.05181450477599, 38.9398534542493], [-77.05156156969952, 38.93968918272582]]]}}, {"type": "Feature", "properties": {"ANC_ID": "6C", "NAME": "ANC 6C"}, "geometry": {"type": "Polygon", "coordinates": [[[-77.01519413536, 38.88980812411604], [-76.99496460457352, 38.88981370653091], [-76.99496425341052, 38.894790922484255], [-76.99636473437035, 38.89479606416549], [-76.99665972164297, 38.89474739174333], [-76.9961684960936, 38.89494743452214], [-76.9961657609532, 38.90530660711902], [-77.00252984823726, 38.90801794853564], [-77.00448166471094, 38.90252294850497], [-77.005638711835, 38.900214975041166], [-77.00670438143133, 38.900215197984636], [-77.00767011161517, 38.89752463805714], [-77.00778062610047, 38.89686784888314], [-77.00821626595899, 38.897141664339856], [-77.00906667490538, 38.89747710895112], [-77.00906266232555, 38.89511120598857], [-77.01318170032384, 38.892097594830126], [-77.01557411875535, 38.892074680286896], [-77.01626008996008, 38.89189219426773], [-77.01639022817132, 38.89179045352392], [-77.01518509382144, 38.89146453131104], [-77.01519413536, 38.88980812411604]]]}}, {"type": "Feature", "properties": {"ANC_ID": "5E", "NAME": "ANC 5E"}, "geometry": {"type": "Polygon", "coordinates": [[[-77.0147781269958, 38.90536926196229], [-77.00905524889895, 38.907358258883015], [-77.00904390477177, 38.91681897222503], [-77.00713675720579, 38.91747429832308], [-77.00643876212308, 38.91977929121451], [-77.00632645601684, 38.91988811795009], [-77.00452738809484, 38.920875153821655], [-77.00435845884421, 38.92101001488617], [-77.00422251957221, 38.92131711369735], [-77.00299560298936, 38.925250905655254], [-77.00290300273272, 38.92534738708605], [-77.0024462173494, 38.92560197262344], [-77.00320435333471, 38.92560952126898], [-77.00380069437757, 38.92568418234226], [-77.00553416329694, 38.926222269968136], [-77.00578950143326, 38.92634585170195], [-77.00599271737362, 38.92651348622859], [-77.00621051078267, 38.92680685769986], [-77.00629551258842, 38.92701745856775], [-77.00599657444175, 38.927123889526534], [-77.00577285586715, 38.92729037446399], [-77.00408067599002, 38.92929722784002], [-77.00376457472375, 38.92960757478932], [-77.00326406074029, 38.92998819098829], [-77.00244986674602, 38.93044804911257], [-77.00288469465202, 38.9306035226079], [-77.00356150801407, 38.93111296885822], [-77.00397934672284, 38.93134608138888], [-77.00423519387392, 38.93142641749515], [-77.00476271852158, 38.93148820318208], [-77.00695433267792, 38.93126664204258], [-77.007733596789, 38.93123884747281], [-77.01303844132256, 38.93124551055071], [-77.01512329379808, 38.931186155823006], [-77.01563600565976, 38.9310365594268], [-77.0162115402142, 38.93069975040002], [-77.01650787455907, 38.93040677669486], [-77.01693418596123, 38.9298303009247], [-77.01824303293964, 38.928520619630184], [-77.01788905522699, 38.92842356473597], [-77.01757325010578, 38.92827218290216], [-77.01675091952299, 38.927543440959326], [-77.01516844368379, 38.92661985431317], [-77.01478194189062, 38.926445142502686], [-77.01437218159896, 38.926330337579735], [-77.01393796249668, 38.92627534936333], [-77.01214468157826, 38.926289782649434], [-77.01215063774231, 38.92131412590449], [-77.0127079490046, 38.921306229375205], [-77.01371194480562, 38.92091317269614], [-77.01493700972384, 38.920675833275844], [-77.01427336287281, 38.91499613639418], [-77.01778222880692, 38.91377259312072], [-77.0147781269958, 38.90536926196229]]]}}, {"type": "Feature", "properties": {"ANC_ID": "1A", "NAME": "ANC 1A"}, "geometry": {"type": "Polygon", "coordinates": [[[-77.03649342775559, 38.923257649630536], [-77.03531153999094, 38.92330287419776], [-77.03531091659251, 38.92344124221989], [-77.03234692651496, 38.92360911456751], [-77.0321338302132, 38.92364304465125], [-77.03214573138332, 38.92377122979761], [-77.02971296788436, 38.923773134867126], [-77.0297136111096, 38.9247632392434], [-77.02718252422912, 38.92476367525614], [-77.02565831517097, 38.92489655927923], [-77.02682346890457, 38.93285596187428], [-77.02676303933957, 38.93305633847067], [-77.02520038766993, 38.93512513660968], [-77.02544970420566, 38.93512596539908], [-77.02583340037434, 38.935218000115626], [-77.02600109057478, 38.935310063809574], [-77.03273251621891, 38.93708607046978], [-77.03273259435242, 38.933487974372085], [-77.03424273154917, 38.93357456189822], [-77.03645555278776, 38.93443778901909], [-77.03648735438958, 38.927164289428084], [-77.03670970588342, 38.927125709241025], [-77.03649049113227, 38.92653307569721], [-77.03649342775559, 38.923257649630536]]]}}, {"type": "Feature", "properties": {"ANC_ID": "3B", "NAME": "ANC 3B"}, "geometry": {"type": "Polygon", "coordinates": [[[-77.07290958835186, 38.92255128607823], [-77.07311347846766, 38.92289563706899], [-77.07317216987673, 38.92311459272259], [-77.07319054869357, 38.92619011262429], [-77.07705080096216, 38.92619096431884], [-77.07705409572765, 38.92902651037483], [-77.07764646083794, 38.92905935899933], [-77.07822475251145, 38.92919382784018], [-77.07991203574501, 38.93003235132062], [-77.0805705807243, 38.93024314413722], [-77.07994613818127, 38.93206827864963], [-77.08022856297133, 38.933775808304674], [-77.08183193312166, 38.934947398081526], [-77.08209634827894, 38.934698403239985], [-77.08222816483006, 38.93428545988237], [-77.0823134423889, 38.93422297228708], [-77.08257824349404, 38.93431097682204], [-77.083492349543, 38.934260781711], [-77.08359552129083, 38.93421368460045], [-77.08378060907509, 38.93399302870515], [-77.08388656380221, 38.93395908146922], [-77.08475407115701, 38.93400827155437], [-77.08563126282495, 38.93395709555734], [-77.0859201429911, 38.93411633059737], [-77.08609945886901, 38.93407911143677], [-77.08613496808474, 38.93402882792404], [-77.08203899491077, 38.926853554163365], [-77.08178101237846, 38.92641148052078], [-77.08159223235263, 38.92621559142129], [-77.08201282940745, 38.924649227256765], [-77.08263034444238, 38.921186919491554], [-77.08255990848136, 38.91869611163431], [-77.08171105910498, 38.917436784639996], [-77.07572767236721, 38.917426753519024], [-77.07572065093272, 38.916862926361226], [-77.07488914566021, 38.91687510100725], [-77.07487437143028, 38.91653166766561], [-77.07294731801004, 38.916574126763095], [-77.07285821560167, 38.91652573552355], [-77.07251540771063, 38.91651919251962], [-77.07194308658734, 38.916361179748165], [-77.07161950164725, 38.916331831188145], [-77.07133966539946, 38.91636055879944], [-77.07057236922925, 38.916559388301955], [-77.06941253707224, 38.91660773714315], [-77.06945234225104, 38.917591063329134], [-77.06938480499656, 38.91773334504537], [-77.06875436097309, 38.91697350435605], [-77.0676427956847, 38.91749042077401], [-77.06741554551658, 38.91764027061646], [-77.06731394534678, 38.91867856659188], [-77.0677873032461, 38.91865579013439], [-77.0681473082573, 38.918740790549], [-77.0688233010605, 38.919096790989784], [-77.06951130038526, 38.9195547906982], [-77.06994030571704, 38.91995879255247], [-77.07026130218675, 38.920434789308004], [-77.07042430524123, 38.92081378869915], [-77.07053847236853, 38.92130812392613], [-77.07046702799681, 38.92196738742316], [-77.07022925738181, 38.92255542294831], [-77.07290958835186, 38.92255128607823]]]}}, {"type": "Feature", "properties": {"ANC_ID": "7F", "NAME": "ANC 7F"}, "geometry": {"type": "Polygon", "coordinates": [[[-76.95889279959324, 38.881687686308645], [-76.94876248486337, 38.878926032386914], [-76.94821023176702, 38.87954061174247], [-76.94732905254257, 38.88014621232852], [-76.94604076019556, 38.88079422853119], [-76.94488591470464, 38.88113285525498], [-76.94387250586009, 38.88157558551849], [-76.94288949306677, 38.88218497705151], [-76.94204766188463, 38.88292144867993], [-76.94134319134534, 38.883806171200746], [-76.94105647900108, 38.88431085690159], [-76.94083475365305, 38.88483260064303], [-76.94061622385117, 38.88566549517034], [-76.94050125776066, 38.88697309368922], [-76.940371815958, 38.887391376973675], [-76.94018614936428, 38.88778017389909], [-76.93989129544657, 38.88820620906569], [-76.93950136382784, 38.88861066422401], [-76.93906814854192, 38.888944740036834], [-76.93844734626018, 38.88932033424078], [-76.93830439563166, 38.88946617655405], [-76.9382285757458, 38.88978407821027], [-76.93273821798344, 38.88976990242392], [-76.93287854348807, 38.89008703303503], [-76.9329155719372, 38.89030235455037], [-76.93290688164474, 38.894027763157005], [-76.93487723433925, 38.89427732909278], [-76.93487260620924, 38.89593774935333], [-76.93493519581988, 38.89632235149438], [-76.93504781422135, 38.89658248575619], [-76.93525148856014, 38.89685762429021], [-76.93552885783804, 38.89709830110179], [-76.93586459736647, 38.897296850146205], [-76.93660287838094, 38.89750768857113], [-76.93775380268943, 38.897520018354726], [-76.93775329420842, 38.89678160224302], [-76.9426052881407, 38.89678850087703], [-76.94259951218449, 38.89837955563573], [-76.94658535838926, 38.89838841850103], [-76.94634447196137, 38.89890776641879], [-76.94581389008711, 38.89936929924042], [-76.94655174468367, 38.900001674847836], [-76.95006221494391, 38.89725738873766], [-76.95221211646907, 38.8952288829079], [-76.95388037757648, 38.89390850297019], [-76.9561163609552, 38.89163454297045], [-76.95719494840621, 38.890447459104315], [-76.95752915053265, 38.89017913146313], [-76.95815732248002, 38.88979493467301], [-76.96785060510183, 38.889798887455974], [-76.96899859399164, 38.889634218340234], [-76.96959172226443, 38.88942592038849], [-76.97028244970767, 38.889004325893005], [-76.97138611929468, 38.88810475447303], [-76.97201396517937, 38.88778600992909], [-76.97224947225843, 38.88771823301134], [-76.97307778457298, 38.88761546106489], [-76.97725788025203, 38.887596711401876], [-76.97726320421665, 38.88275321955426], [-76.97646916138085, 38.882752557821334], [-76.97646959447864, 38.88143914379508], [-76.97097063935222, 38.88142825857427], [-76.97007073336192, 38.88257210590718], [-76.96932920572857, 38.88336771453177], [-76.96854342962739, 38.884050881775764], [-76.96542428827883, 38.88637704599933], [-76.96493996204626, 38.88690109939698], [-76.95900395936773, 38.886805119369406], [-76.95607149899, 38.88680360293394], [-76.9560762002607, 38.88759219844166], [-76.95340730923672, 38.88759422721277], [-76.9539141424421, 38.886839345713355], [-76.95399602262309, 38.886590656545735], [-76.95409937992696, 38.88592245533023], [-76.95425938821955, 38.88569820933569], [-76.95620511143072, 38.883757738044146], [-76.95626788401516, 38.883637859929266], [-76.95749789084961, 38.88363813381344], [-76.95889279959324, 38.881687686308645]]]}}, {"type": "Feature", "properties": {"ANC_ID": "5F", "NAME": "ANC 5F"}, "geometry": {"type": "Polygon", "coordinates": [[[-77.00904390477177, 38.91681897222503], [-77.00905524889895, 38.907358258883015], [-77.00459507937447, 38.90890488336351], [-77.00252984823726, 38.90801794853564], [-77.00173228589398, 38.909985791164495], [-76.99604754416309, 38.921297584231], [-76.99509628009694, 38.923590797090505], [-76.994803283837, 38.92441679340027], [-76.99448624375546, 38.925589977316974], [-76.99431327850161, 38.926499791068046], [-76.99414027829219, 38.92792179015124], [-76.99410427815936, 38.9292567933123], [-76.99415728304095, 38.93024779126823], [-76.99431128544029, 38.93139079116115], [-76.99449827872662, 38.93238079508391], [-76.99483740064159, 38.93375341505968], [-76.99532563576774, 38.93351516594302], [-77.00112919762805, 38.931159041160065], [-77.00311125204354, 38.93008278242004], [-77.00355652832516, 38.929779820218954], [-77.00399937373979, 38.92938488152553], [-77.00579107591551, 38.92727226684853], [-77.00601537172646, 38.92711415957943], [-77.00629551258842, 38.92701745856775], [-77.00621051078267, 38.92680685769986], [-77.00599271737362, 38.92651348622859], [-77.00578950143326, 38.92634585170195], [-77.00553416329694, 38.926222269968136], [-77.00380069437757, 38.92568418234226], [-77.00320435333471, 38.92560952126898], [-77.0024462173494, 38.92560197262344], [-77.00290300273272, 38.92534738708605], [-77.00299560298936, 38.925250905655254], [-77.00422251957221, 38.92131711369735], [-77.00435845884421, 38.92101001488617], [-77.00452738809484, 38.920875153821655], [-77.00632645601684, 38.91988811795009], [-77.00643876212308, 38.91977929121451], [-77.00713675720579, 38.91747429832308], [-77.00904390477177, 38.91681897222503]]]}}, {"type": "Feature", "properties": {"ANC_ID": "6A", "NAME": "ANC 6A"}, "geometry": {"type": "Polygon", "coordinates": [[[-76.99496460457352, 38.88981370653091], [-76.98364749380629, 38.88980870693796], [-76.98363635914318, 38.899660077423256], [-76.9836049218043, 38.90001166933436], [-76.98344469653532, 38.90013853850475], [-76.98415470154951, 38.90021920772348], [-76.98440085454317, 38.900314549295125], [-76.9961657609532, 38.90530660711902], [-76.9961684960936, 38.89494743452214], [-76.99665972164297, 38.89474739174333], [-76.99636473437035, 38.89479606416549], [-76.99496425341052, 38.894790922484255], [-76.99496460457352, 38.88981370653091]]]}}, {"type": "Feature", "properties": {"ANC_ID": "8E", "NAME": "ANC 8E"}, "geometry": {"type": "Polygon", "coordinates": [[[-77.00122260760963, 38.82116930148096], [-76.98723538368881, 38.832085084602035], [-76.96543302755, 38.84908985547042], [-76.96633371798114, 38.84901396132943], [-76.96710364107486, 38.84901842378875], [-76.96794451112457, 38.84908442831348], [-76.96884793422609, 38.8492342489987], [-76.97008091981277, 38.84959100838958], [-76.9709445785274, 38.84995852758009], [-76.97188871798399, 38.85049285098045], [-76.97282879620167, 38.85120139791605], [-76.97385628394618, 38.85106906437001], [-76.9742087200931, 38.85098500396159], [-76.97420805590531, 38.84931583039892], [-76.97480763286441, 38.84910156046692], [-76.97550507372647, 38.84870308543196], [-76.97687266395545, 38.84744632654436], [-76.97704966803397, 38.847255472594206], [-76.97716287768229, 38.846985331617056], [-76.97715984043793, 38.846756967007515], [-76.97705510101646, 38.84648029719119], [-76.97815703029919, 38.846205570874986], [-76.98065271185845, 38.84542900582519], [-76.98128270490602, 38.84662310565567], [-76.98509479326223, 38.845539677585], [-76.9850903477503, 38.844762698655174], [-76.98520969955143, 38.84414815766423], [-76.9846551346462, 38.84429591469251], [-76.98440829759453, 38.84367952407925], [-76.98451090970968, 38.84325487953501], [-76.98482860443855, 38.84271360361539], [-76.98497236558805, 38.84269119117271], [-76.98568820899753, 38.84298450610962], [-76.98610376931482, 38.84262277703367], [-76.98656872060552, 38.84237149573377], [-76.98850754685198, 38.84186245505681], [-76.98850764235821, 38.83983762553578], [-76.98934066716855, 38.83970501005987], [-76.99250937214283, 38.83893791632112], [-76.99356492373657, 38.83881231133858], [-76.99349248955077, 38.8373723958865], [-76.99337790606643, 38.83701691576087], [-76.99319964728203, 38.8367151222146], [-76.9952176311016, 38.836203632018076], [-76.99598485514628, 38.83589953538138], [-76.9967321522738, 38.83547724215414], [-77.00053002877667, 38.83300513986996], [-77.00057123669603, 38.832848077133974], [-77.00057130759185, 38.82733408494987], [-77.00050225156971, 38.826866131253986], [-77.00098228904484, 38.826855822501535], [-77.0012499603796, 38.82662529316071], [-77.00149352914988, 38.8265287194805], [-77.00214143790964, 38.82652240344874], [-77.00144271290398, 38.82508484215718], [-77.00136635408114, 38.824715765909154], [-77.00141068538598, 38.824440015986404], [-77.00155347917436, 38.82422993654464], [-77.0022117212226, 38.823894089969784], [-77.0019766722624, 38.823560059925235], [-77.00192657231204, 38.823338632429724], [-77.0019785012756, 38.822242002667494], [-77.00218977050696, 38.82197271747685], [-77.00142812856541, 38.82138740342333], [-77.00122260760963, 38.82116930148096]]]}}, {"type": "Feature", "properties": {"ANC_ID": "6B", "NAME": "ANC 6B"}, "geometry": {"type": "Polygon", "coordinates": [[[-76.99153798989308, 38.87758352525484], [-76.99149642704928, 38.87424182982593], [-76.991362694246, 38.8734501166399], [-76.99114457096343, 38.87288301235254], [-76.99091827176098, 38.872477742941875], [-76.9901258356597, 38.87143450539773], [-76.98874395153979, 38.872234299712694], [-76.98729478831822, 38.87320021224206], [-76.98647581443133, 38.87366450342118], [-76.98436970286937, 38.874699215770356], [-76.98323572957871, 38.875194340344244], [-76.98233477045179, 38.875559164834506], [-76.97437119897131, 38.877917384502844], [-76.97342022117964, 38.87838167184265], [-76.97275445505329, 38.87888318691887], [-76.971993406788, 38.879904919053686], [-76.97097063935222, 38.88142825857427], [-76.97646959447864, 38.88143914379508], [-76.97646916138085, 38.882752557821334], [-76.97726320421665, 38.88275321955426], [-76.97726325176423, 38.88282102569951], [-76.97769102258441, 38.88284234996194], [-76.97900173949986, 38.8828434757648], [-76.97900077697545, 38.88298106970549], [-76.98365836673672, 38.88108688152542], [-76.98364749380629, 38.88980870693796], [-77.01519413536, 38.88980812411604], [-77.01518028915179, 38.88757406606847], [-77.01374171607861, 38.887568190567045], [-77.01335661930788, 38.886792739771444], [-77.01242161669883, 38.885486159070894], [-77.01218581442845, 38.88490874650301], [-77.012153973688, 38.884734707831825], [-77.01218396860328, 38.884223929271904], [-77.01246573479101, 38.88335909446204], [-77.01267210873377, 38.883089541308856], [-77.0129395704473, 38.8828453846785], [-77.01358383433733, 38.882504434113876], [-77.01232220369783, 38.882468720670985], [-77.01114289502351, 38.88225389901151], [-77.00905669124585, 38.8816765606431], [-77.00905512936012, 38.88153866033703], [-77.00792525019075, 38.88118279398162], [-77.00668120030231, 38.88091955654466], [-77.00573877500597, 38.880853395], [-77.00561711260167, 38.88051714470747], [-77.00324197405502, 38.88053612542746], [-77.00205730461377, 38.880207075785776], [-77.00204579608652, 38.879977812415035], [-76.99368455233922, 38.87763607186958], [-76.99367795260406, 38.87785284053456], [-76.9935745174349, 38.877872058807014], [-76.99341107541078, 38.877995383642535], [-76.99244234164478, 38.87773576609219], [-76.99206629941341, 38.877583409187494], [-76.99153798989308, 38.87758352525484]]]}}, {"type": "Feature", "properties": {"ANC_ID": "8D", "NAME": "ANC 8D"}, "geometry": {"type": "Polygon", "coordinates": [[[-77.0390228857029, 38.79164435125649], [-77.00122260760963, 38.82116930148096], [-77.00142812856541, 38.82138740342333], [-77.00218977050696, 38.82197271747685], [-77.0019785012756, 38.822242002667494], [-77.00192657231204, 38.823338632429724], [-77.0019766722624, 38.823560059925235], [-77.0022117212226, 38.823894089969784], [-77.00155347917436, 38.82422993654464], [-77.00141068538598, 38.824440015986404], [-77.00136635408114, 38.824715765909154], [-77.00144271290398, 38.82508484215718], [-77.00214143790964, 38.82652240344874], [-77.00149352914988, 38.8265287194805], [-77.0012499603796, 38.82662529316071], [-77.00098228904484, 38.826855822501535], [-77.00050225156971, 38.826866131253986], [-77.00057107699075, 38.82730021310267], [-77.00057123669603, 38.832848077133974], [-77.00053002877667, 38.83300513986996], [-77.00057193096416, 38.83324949420453], [-77.00057309594393, 38.83489290768406], [-77.00060177758552, 38.835201627439396], [-77.00076383893115, 38.83583969561251], [-77.00076096437814, 38.83629876664242], [-77.00105846960604, 38.836138323688225], [-77.002467632313, 38.838011250545044], [-77.00602818132802, 38.838026092953264], [-77.00495738718325, 38.839435678144206], [-77.00672325047874, 38.8403925576458], [-77.00632695979618, 38.84110685989312], [-77.00617020696635, 38.84129748709835], [-77.00775871474634, 38.842004015094425], [-77.00736885931958, 38.84367159418453], [-77.0072217899909, 38.84510223465662], [-77.0115250351779, 38.845124247999], [-77.01494719602842, 38.845880812453096], [-77.0148112638485, 38.8463124062878], [-77.01478942223731, 38.846531944811204], [-77.01499152063629, 38.847296105180035], [-77.01497503482148, 38.84778481523553], [-77.01390374209414, 38.85032349885769], [-77.01895028960868, 38.850487778181716], [-77.01860928398492, 38.85107677760118], [-77.02016383867918, 38.85733789280334], [-77.0321990922766, 38.850659945496545], [-77.03214042868342, 38.850270409804395], [-77.0320364690198, 38.85016395864694], [-77.03219933076898, 38.8500904950686], [-77.03202215498153, 38.85009919190596], [-77.0319910311952, 38.85005586985301], [-77.0320408762322, 38.84997315872079], [-77.03218887863908, 38.849904203451366], [-77.03224065905226, 38.849771224611764], [-77.0322991436121, 38.84816085977753], [-77.03253815127822, 38.846834300346245], [-77.03278124263633, 38.84589095821603], [-77.03282937631644, 38.845852568716154], [-77.03282675164627, 38.84565600519841], [-77.03307297968921, 38.84453807771175], [-77.03322281190172, 38.84446695852134], [-77.03316104193809, 38.844409051776594], [-77.03317563257717, 38.84432562941693], [-77.03351496734902, 38.843544770372205], [-77.03391110050526, 38.84280046805431], [-77.03401460084864, 38.8417178024774], [-77.0340507315867, 38.84163761673443], [-77.03413848471448, 38.84159597206027], [-77.034173341211, 38.841260577239986], [-77.03428075423271, 38.841142805286786], [-77.03419484514633, 38.84094482472782], [-77.0342360545976, 38.8408877891498], [-77.0344059543282, 38.84088701851495], [-77.03454483026766, 38.84080644193797], [-77.03455295123656, 38.84021215195147], [-77.03464582825801, 38.84005222438548], [-77.03550358273725, 38.83976144401434], [-77.03570008473073, 38.83975525832797], [-77.0361761634173, 38.83956818633285], [-77.03661836173316, 38.839578858581284], [-77.03680625704715, 38.83941277368037], [-77.03811295125601, 38.8392820920622], [-77.04005276508575, 38.839284595472655], [-77.04037357655848, 38.83932745526779], [-77.04071817931988, 38.839480749528256], [-77.04084661719874, 38.839493766908745], [-77.04105473665024, 38.839621812118246], [-77.04121477926437, 38.8395512015055], [-77.04177582776067, 38.839526408964105], [-77.04298207152748, 38.83977352329792], [-77.04325378725443, 38.840145472039566], [-77.04325247723673, 38.84026465435652], [-77.04336329338123, 38.84046694308534], [-77.04336139037528, 38.84055774899288], [-77.04363930555141, 38.84032252480509], [-77.04386200206287, 38.84020461076771], [-77.04401417934143, 38.84023274993929], [-77.04432572231809, 38.84017849124056], [-77.04468478277511, 38.84022267591889], [-77.04507285855932, 38.84061295304105], [-77.04557069935306, 38.84098417821338], [-77.0460677416598, 38.84118099793708], [-77.04701397781449, 38.84131799952568], [-77.04790088482832, 38.841266561001184], [-77.0474783119938, 38.840647042241905], [-77.04682335007355, 38.84062631712853], [-77.04639120577595, 38.84050127219701], [-77.0460973963184, 38.84036896434943], [-77.04589012957297, 38.84011554815755], [-77.04584825241982, 38.84001448976979], [-77.04602296640586, 38.83998063931014], [-77.04638001164173, 38.84011418342567], [-77.04650417733463, 38.839931172334374], [-77.04642094061298, 38.839641493599714], [-77.0461930916309, 38.839263769431504], [-77.04589926659779, 38.83891958221248], [-77.0456453121533, 38.838778249061356], [-77.04542001729526, 38.83860240182189], [-77.0453683560939, 38.83850909431676], [-77.04546467520255, 38.83800791644154], [-77.04536687810706, 38.8376332927932], [-77.04538735473697, 38.8372306068051], [-77.04514264775295, 38.836219592384246], [-77.04505445558195, 38.83609242702392], [-77.04521296111041, 38.83594138395559], [-77.04559370817728, 38.835889437197665], [-77.04559483223233, 38.83584601598499], [-77.0451814917812, 38.835900948160614], [-77.0450542438248, 38.83575686200285], [-77.04499533549995, 38.8353084436046], [-77.04476704944979, 38.83456695492005], [-77.04446322836955, 38.83384972726778], [-77.04424132432656, 38.83354010066306], [-77.0442806562267, 38.83344684815893], [-77.04445082999317, 38.833359851803394], [-77.04449251371267, 38.833159938127416], [-77.04445930152359, 38.83309238731079], [-77.04441301724482, 38.83311753854557], [-77.04436594275118, 38.83335384843363], [-77.04414062131839, 38.83347482744012], [-77.04405919526076, 38.83347864176246], [-77.04400097726983, 38.833389660115074], [-77.04383015998664, 38.83336747348817], [-77.04381584049759, 38.83330577089496], [-77.04389854776802, 38.83313818240377], [-77.04383429674897, 38.83297677489322], [-77.04371088518825, 38.8328779983371], [-77.04344888438537, 38.831773838627925], [-77.04328722173378, 38.83145752140368], [-77.04301252490443, 38.83124430250368], [-77.04269411531051, 38.831115418191715], [-77.04211285612085, 38.83132354477648], [-77.04193835616266, 38.83149278659563], [-77.04193970448279, 38.83163142639108], [-77.04224579828102, 38.832355506462115], [-77.04238210388628, 38.83283831070057], [-77.0425416611759, 38.833102020452365], [-77.04258025702356, 38.83331622762527], [-77.04251689963866, 38.83349029422174], [-77.04234054122016, 38.83364043931952], [-77.04209353605054, 38.833716470005484], [-77.04187953518273, 38.83370654760056], [-77.040557565903, 38.83291057630274], [-77.03975918294955, 38.83249826339462], [-77.0391373579213, 38.83206687806589], [-77.03847275460781, 38.83131570299245], [-77.03835041882, 38.831056389532634], [-77.03798922693069, 38.830592031153586], [-77.03784768676049, 38.830164355141136], [-77.03779093960021, 38.82957062544024], [-77.03785854294141, 38.82913540443001], [-77.03816417082042, 38.82800789494586], [-77.03820407314053, 38.82768015373821], [-77.03840104007202, 38.82710174525126], [-77.03838255539232, 38.826993109166345], [-77.0384462643281, 38.826822287571346], [-77.03847164421708, 38.826476173710695], [-77.03869944468927, 38.825640112103414], [-77.03870419935876, 38.82506365828204], [-77.03881220207576, 38.82464863801959], [-77.03903098367606, 38.82429052320271], [-77.04011959889495, 38.82363225600362], [-77.04105330672942, 38.82335401073914], [-77.04072007588705, 38.82210638127352], [-77.03990590739564, 38.82183401193132], [-77.0395775170499, 38.82147969417197], [-77.03996750029904, 38.82065423133966], [-77.03974403733713, 38.820021182615456], [-77.0390269172749, 38.819484077740974], [-77.03884997551891, 38.81925269986948], [-77.0389025668414, 38.81904421705177], [-77.03901902746303, 38.81891157329822], [-77.03909849312734, 38.81893244637812], [-77.0391248339509, 38.818879918093344], [-77.0390512405437, 38.818858142217714], [-77.03907401283118, 38.81880768708915], [-77.03896206887656, 38.81877601466195], [-77.03898241310189, 38.818707363225286], [-77.0388646296323, 38.8183131011942], [-77.03881530889451, 38.817822245313636], [-77.03853969892135, 38.81707526301695], [-77.03844460729438, 38.816258134620796], [-77.0381290972226, 38.81559638461005], [-77.03613999575857, 38.81481249548385], [-77.03613145923823, 38.8142805018186], [-77.03748327734118, 38.809405778193835], [-77.03918531704123, 38.800590967264355], [-77.0390228857029, 38.79164435125649]]]}}, {"type": "Feature", "properties": {"ANC_ID": "5A", "NAME": "ANC 5A"}, "geometry": {"type": "Polygon", "coordinates": [[[-77.0180283561462, 38.92877396671178], [-77.01693418596123, 38.9298303009247], [-77.01650787455907, 38.93040677669486], [-77.0162115402142, 38.93069975040002], [-77.01581236498753, 38.93095493843285], [-77.01521138089798, 38.93116849711321], [-77.01478222905652, 38.93122324162947], [-77.01303844132256, 38.93124551055071], [-77.007733596789, 38.93123884747281], [-77.00695433267792, 38.93126664204258], [-77.00465722328425, 38.931484090638484], [-77.00423519387392, 38.93142641749515], [-77.00394505753313, 38.93133166025021], [-77.00356150801407, 38.93111296885822], [-77.00288469465202, 38.9306035226079], [-77.00244986674602, 38.93044804911257], [-77.00070535315706, 38.93134434540054], [-76.99525262592861, 38.93354615156967], [-76.99483740064159, 38.93375341505968], [-76.99762669750488, 38.94073989067054], [-76.99264171117244, 38.94073247661721], [-76.99263018587352, 38.94287302587449], [-76.98567242825169, 38.94286850670462], [-76.98564849571133, 38.942567807083215], [-76.98333421474719, 38.94255975295508], [-76.98401845922295, 38.94314718892154], [-76.98558318857069, 38.94425715928771], [-76.98167688420695, 38.94424081179546], [-76.98167742964606, 38.94526045971931], [-76.97885676596127, 38.94525935305319], [-76.97825853947703, 38.945998553207154], [-76.97794750333635, 38.94626232955], [-76.97755431777345, 38.94645683363293], [-76.99143503979558, 38.95730353605702], [-76.99190876599403, 38.95721991905764], [-76.9928583959638, 38.957279705688926], [-76.9970023168035, 38.95728024562743], [-76.99763029138602, 38.9572141393769], [-76.99817670945679, 38.95703830785878], [-76.99860682925717, 38.95679400964738], [-76.99887462701143, 38.95656511252764], [-76.99955741186065, 38.95578148809289], [-77.00027733231802, 38.955301618235346], [-77.00225190393473, 38.95681678710503], [-77.00265493426588, 38.95636985160956], [-77.00290637228161, 38.95621873197774], [-77.00334976615136, 38.95606620116578], [-77.0082266131459, 38.95496469005065], [-77.00904837018278, 38.954823109441556], [-77.00904686333668, 38.95285930680988], [-77.00859568265572, 38.94701077149723], [-77.00863142803026, 38.946596225750405], [-77.00877249886159, 38.9462244614447], [-77.00899361130732, 38.94592419856365], [-77.00937157699786, 38.94558122350898], [-77.01086426514908, 38.94465612360718], [-77.01160016717023, 38.94430247766356], [-77.01215042649346, 38.943826513972745], [-77.01272076214823, 38.942709155329], [-77.0142525600591, 38.94123738427428], [-77.0146205544403, 38.94077593410624], [-77.01522441410862, 38.93981287046565], [-77.01718833616748, 38.93804634162934], [-77.01770582101615, 38.937753044299605], [-77.01903517175128, 38.937406015878565], [-77.01919504026198, 38.93703493791468], [-77.0192361727053, 38.93674144076695], [-77.01916312703517, 38.93416697026339], [-77.01797599837145, 38.929282494016846], [-77.01795323169118, 38.9290508037259], [-77.0180283561462, 38.92877396671178]]]}}, {"type": "Feature", "properties": {"ANC_ID": "2D", "NAME": "ANC 2D"}, "geometry": {"type": "Polygon", "coordinates": [[[-77.0580806285983, 38.91759534126808], [-77.0582567418953, 38.91772200985354], [-77.0583672427726, 38.917621809069416], [-77.05872277107666, 38.91695339273333], [-77.05890810994067, 38.916299834824756], [-77.05891693071602, 38.915810947987595], [-77.05877425912628, 38.91550122314496], [-77.05842105951973, 38.915315017781964], [-77.0576074856894, 38.914667542086576], [-77.05636484456008, 38.91393387845327], [-77.05590759364392, 38.91356691821662], [-77.05561149097778, 38.91341616982906], [-77.05521853540259, 38.91295359774983], [-77.05434296470565, 38.91256673967724], [-77.05296549959598, 38.912170014273414], [-77.05250840055318, 38.911938886364744], [-77.05225720179098, 38.91168244139036], [-77.0516455521513, 38.911250222805634], [-77.05057649480278, 38.910103838155926], [-77.05013858833334, 38.9097872033883], [-77.05005080283387, 38.909642521951525], [-77.04934309514515, 38.90964285000715], [-77.04926398535694, 38.90993732116937], [-77.0489132271763, 38.91064558750349], [-77.04886280819113, 38.911438523004], [-77.0480840789245, 38.91206904268994], [-77.0475284905408, 38.912644957080246], [-77.04688208821638, 38.913759153521674], [-77.04616832332754, 38.914386787435355], [-77.04624928688582, 38.91477214110828], [-77.04634737785051, 38.9159968125863], [-77.04639793536795, 38.916184138867315], [-77.04757160066015, 38.91839901424371], [-77.04777963599503, 38.91857333065602], [-77.04865534404793, 38.918818338216866], [-77.04883478883491, 38.91894669512966], [-77.05021681130108, 38.921306183374625], [-77.05101390820057, 38.91994551755148], [-77.05122203550472, 38.91978035788166], [-77.05185273544618, 38.919576734691546], [-77.05222176430314, 38.919611261430354], [-77.05304127353362, 38.92004269756914], [-77.05351599667497, 38.92011544858435], [-77.0546657372209, 38.91988645613835], [-77.05493674448627, 38.91962682609364], [-77.055145805818, 38.91916144736751], [-77.0553363175824, 38.91900216208429], [-77.05628921033119, 38.918601133481715], [-77.05712504086024, 38.918446180917506], [-77.05794857546489, 38.917978927599556], [-77.05819813268049, 38.91768351041844], [-77.0580806285983, 38.91759534126808]]]}}, {"type": "Feature", "properties": {"ANC_ID": "3/4G", "NAME": "ANC 3/4G"}, "geometry": {"type": "Polygon", "coordinates": [[[-77.06917795907388, 38.96102464058009], [-77.06624046692342, 38.961020702508485], [-77.06619053496318, 38.96080224446535], [-77.06521506162673, 38.958593516520594], [-77.06512583447169, 38.95848559321078], [-77.06336553682577, 38.95803448977851], [-77.06059665981036, 38.957809399803544], [-77.05929722727655, 38.95756801400072], [-77.05875547632267, 38.957349296590984], [-77.05817084425688, 38.95689052772633], [-77.0580683684936, 38.95671987202707], [-77.05753280403489, 38.95673455002844], [-77.05731782694751, 38.95683347629831], [-77.05719648702696, 38.95700451260745], [-77.05688276771943, 38.957865135121395], [-77.05671943121942, 38.958039974795064], [-77.05633876460226, 38.95829374146602], [-77.05606067836825, 38.95868168085641], [-77.05600617202188, 38.95891366973519], [-77.05620574242796, 38.96004320991775], [-77.05620287874089, 38.96102060742891], [-77.05518375460764, 38.961048766241326], [-77.05426880382501, 38.961163716481614], [-77.0534981093438, 38.96133784996141], [-77.05194791322286, 38.961870882935735], [-77.05150985891096, 38.961941881637436], [-77.05104509926474, 38.96194145488504], [-77.05056423353646, 38.96186149034645], [-77.05016362061164, 38.961704694036456], [-77.04916290808026, 38.96095946058361], [-77.04846329462848, 38.960632104291385], [-77.04758344899827, 38.96043659009818], [-77.0466551095645, 38.9603749423627], [-77.04559036273395, 38.96048219133145], [-77.04481559105268, 38.960689797926946], [-77.04344336381047, 38.961371484270906], [-77.0441461368282, 38.96198209793936], [-77.04472742983539, 38.962364007224025], [-77.04595110341788, 38.96296068993639], [-77.04626475616547, 38.963199375068534], [-77.04680799795135, 38.96392189102339], [-77.04739722232577, 38.9645426825646], [-77.04745849594315, 38.96470381533015], [-77.04745111541185, 38.96507406645133], [-77.04711522664732, 38.96595195714069], [-77.0468479466584, 38.966417881072566], [-77.04678700195892, 38.96674031066914], [-77.04681776292507, 38.96717638760796], [-77.04663463591473, 38.967719838209646], [-77.04646654309495, 38.96794682283687], [-77.0459850171119, 38.96829329013926], [-77.04584751530898, 38.968562060069075], [-77.04525900476494, 38.96891460175764], [-77.0450985832241, 38.969057984893794], [-77.04502250351703, 38.96973273159787], [-77.044877402304, 38.97000150323273], [-77.04466362151722, 38.97064648506401], [-77.0444956197193, 38.970855540287424], [-77.04385281147111, 38.97115053272492], [-77.04325142405382, 38.971252820060194], [-77.04268249375909, 38.971196907775344], [-77.04253866625717, 38.97112543476312], [-77.04247974441233, 38.97102843744157], [-77.04230973453825, 38.97097742235837], [-77.04196318607644, 38.97095717960259], [-77.04151205293859, 38.97105436837448], [-77.04107408309702, 38.971207663104], [-77.04062325754518, 38.97164688215401], [-77.04009368195977, 38.97184622806793], [-77.04013979414043, 38.972356718087035], [-77.04010065902796, 38.972555903635026], [-77.03983942555298, 38.97322989907944], [-77.0398069070316, 38.973480149924825], [-77.03948682603911, 38.97397049558568], [-77.03951967179745, 38.9742870338326], [-77.04003005593972, 38.97487401687658], [-77.04000396843904, 38.97504761444382], [-77.03977526036776, 38.97529271637049], [-77.0397690841704, 38.976012656310786], [-77.03988035624143, 38.97625764228328], [-77.0401617314042, 38.97649248062692], [-77.0412801840228, 38.97698727354047], [-77.04166617303702, 38.977303694815966], [-77.04201929388591, 38.977477148019986], [-77.04260811463709, 38.977865000412926], [-77.04288932205706, 38.97798740951128], [-77.04383109388093, 38.97824236249421], [-77.04389645600672, 38.97830872860909], [-77.04402120218629, 38.97903879842898], [-77.04413256005618, 38.97939106813626], [-77.04436818162166, 38.9796870793184], [-77.04464300345956, 38.97991677452607], [-77.04465613131143, 38.980054595334174], [-77.04458433222517, 38.980218031897344], [-77.04438165756123, 38.980366114088554], [-77.0438783794177, 38.98062673170705], [-77.04351224138412, 38.98073406634651], [-77.04232173040153, 38.98008095666444], [-77.04196199022078, 38.98009639126344], [-77.04191630527959, 38.98012704461321], [-77.04189680841534, 38.9803364027009], [-77.04171378080561, 38.980540684531164], [-77.04136071729008, 38.98053063063577], [-77.0407592544134, 38.98084739072351], [-77.0404062419626, 38.9810926269277], [-77.03998147611566, 38.981649300789364], [-77.03991626913422, 38.98183821642979], [-77.03988368283996, 38.98220072731117], [-77.0400015724309, 38.982476428632765], [-77.04030909402483, 38.9827775578743], [-77.0405249711361, 38.982884681067866], [-77.04084552999278, 38.9831704903874], [-77.04103530414913, 38.98322150055013], [-77.04153229092567, 38.98322636972318], [-77.04163690575034, 38.983287669478834], [-77.0417939836761, 38.98349688334547], [-77.04226525534187, 38.98392613567332], [-77.04237907252784, 38.98397122565043], [-77.04326080109087, 38.98403747355368], [-77.0442958937108, 38.98387277624612], [-77.04512071854231, 38.98397020009572], [-77.04574073304074, 38.9841342781299], [-77.04630400782952, 38.98436492804711], [-77.0468617125754, 38.984719989932124], [-77.04724301699338, 38.985181687693675], [-77.0475901260277, 38.9854169316024], [-77.0478461577283, 38.98546123763884], [-77.04829547359881, 38.98543889276481], [-77.0484093020101, 38.98547433806922], [-77.04856290474612, 38.98561191989553], [-77.04870512398989, 38.98564293008675], [-77.04897239820073, 38.98558508484318], [-77.04916585201484, 38.98559833583872], [-77.04933092236053, 38.98577590829901], [-77.04936531534855, 38.986122259569896], [-77.04950757223483, 38.98618886021398], [-77.05000804665066, 38.986051001816186], [-77.05061116770932, 38.986277208853416], [-77.05096934399232, 38.986148235880314], [-77.05141302037225, 38.986143618663085], [-77.0518055940858, 38.986178946806625], [-77.0522663385296, 38.98631197328537], [-77.05239163951697, 38.98640515222214], [-77.052414439698, 38.986489548953756], [-77.0522896631161, 38.9869381236556], [-77.0524223811118, 38.98702340803907], [-77.08274212926892, 38.96333374338792], [-77.08241719194176, 38.96311146894166], [-77.08202037240893, 38.96309958682714], [-77.08202352442176, 38.96102606367323], [-77.08009309186161, 38.961027852390934], [-77.07984897071348, 38.960534727011506], [-77.07958143954387, 38.96015259879821], [-77.07922264037524, 38.95976476653497], [-77.07880701408452, 38.95942246318853], [-77.0783405592367, 38.95912469323401], [-77.07574270238447, 38.957808405885636], [-77.07510622443337, 38.95741659659157], [-77.07459413057754, 38.95702830782056], [-77.07369977559004, 38.956160838356695], [-77.07325788218014, 38.95558449679757], [-77.07294712297117, 38.95507230072667], [-77.07024840596046, 38.95827630231513], [-77.07009308384589, 38.95860213436072], [-77.07000116513882, 38.95899179681955], [-77.07001363655507, 38.95935500250256], [-77.07010015487455, 38.959691499331576], [-77.06812048924944, 38.95969068768073], [-77.06801012286027, 38.95974399075685], [-77.06866515499974, 38.960371573774545], [-77.06917795907388, 38.96102464058009]]]}}, {"type": "Feature", "properties": {"ANC_ID": "1B", "NAME": "ANC 1B"}, "geometry": {"type": "Polygon", "coordinates": [[[-77.01811124250071, 38.914653494906766], [-77.01778222880692, 38.91377259312072], [-77.01427336287281, 38.91499613639418], [-77.01480430370488, 38.91967088117148], [-77.01909501895145, 38.91926209137395], [-77.01893885113653, 38.91826615585645], [-77.02189915536324, 38.917981425684324], [-77.0218990896049, 38.917767297662266], [-77.02343848810187, 38.917770269026086], [-77.02342462782403, 38.91899908915575], [-77.0238938337436, 38.91906396222087], [-77.02389228880433, 38.919649792178944], [-77.02395371288276, 38.92005119070029], [-77.02519886251092, 38.91994367565912], [-77.02539183531513, 38.92290755312077], [-77.02565831517097, 38.92489655927923], [-77.02718252422912, 38.92476367525614], [-77.0297136111096, 38.9247632392434], [-77.02971296788436, 38.923773134867126], [-77.03214573138332, 38.92377122979761], [-77.0321338302132, 38.92364304465125], [-77.03234692651496, 38.92360911456751], [-77.03531091659251, 38.92344124221989], [-77.03531153999094, 38.92330287419776], [-77.03649342775559, 38.923257649630536], [-77.03649790013597, 38.919153184576345], [-77.03854239669283, 38.91851023414584], [-77.0401777725442, 38.91805933878036], [-77.0408547534705, 38.91723525601985], [-77.0412259471938, 38.91701561958988], [-77.03195303217574, 38.917005578374344], [-77.03195371427985, 38.91410157911612], [-77.0208720953575, 38.91409397691728], [-77.02087483730885, 38.915582964331925], [-77.02074813083134, 38.91563820799477], [-77.02066041322, 38.915745873140395], [-77.01811124250071, 38.914653494906766]]]}}, {"type": "Feature", "properties": {"ANC_ID": "2F", "NAME": "ANC 2F"}, "geometry": {"type": "Polygon", "coordinates": [[[-77.0259859519927, 38.90358635503681], [-77.0259907691883, 38.908580115208494], [-77.02703846365392, 38.90858357085397], [-77.02703744104244, 38.914097649424484], [-77.03195371427985, 38.91410157911612], [-77.03195303217574, 38.917005578374344], [-77.03453446687942, 38.91700988859189], [-77.03456622092031, 38.907941633150905], [-77.03618262022573, 38.90735242112483], [-77.03613768591276, 38.90723015570104], [-77.03618742370763, 38.90713948928617], [-77.03237234284315, 38.905802184044326], [-77.03240210384686, 38.905532510786536], [-77.03228807318663, 38.90538758896565], [-77.03215634656797, 38.90532084638322], [-77.03171894026835, 38.905334514523], [-77.03160839309517, 38.90539774708372], [-77.03153764466248, 38.90551438832889], [-77.0259859519927, 38.90358635503681]]]}}]}