Respondent ID,,,,,Select the Advisory Neighborhood Commission in which you are running:,Select the SMD in which you are running:,"Do you think there are not enough homes, enough homes, or too many homes in your ANC?",Which of the following statements most aligns with your beliefs?,"I consider affordable housing to be (check all that, in your opinion, apply):","I consider market-rate housing to be (check all that, in your opinion, apply):","If you’d like, elaborate on what you believe to be the distinction between affordable housing and market-rate housing. (Max. 1,500 characters.)",Check any of the below combinations of features that you would consider social housing.,"What does family-sized housing mean to you? (Max. 1,500 characters.)","Are there not enough historic districts, enough historic districts, or too many historic districts in your ANC?",Do you think inducing residents and visitors to drive less should be an explicit policy goal of the District?,"Do you think there are not enough cars, enough cars, or too many cars in the District?",How many vehicles do you think a family of four needs to get by in the District?,"Do you think there is not enough parking, enough parking, or too much parking in your ANC?","Do you think there are too few bars and restaurants, enough bars and restaurants, or too many bars and restaurants in your ANC?",Which statement do you agree with most?,"Should apartments—for example, sixplexes—be legal in all parts of all the District's neighborhoods?","If you selected, ""No,"" explain why you think apartments shouldn't be legal in all parts of all the District’s neighborhoods. Otherwise, write N/A. (Max. 3,000 characters.)",Should the District’s historic preservation laws be amended to remove height and mass from the purview of the Historic Preservation Review Board?,"Mayor Muriel Bowser failed to meet her 2019 target of achieving “an equitable distribution of no less than 15 percent affordable housing in each planning area by 2050."" Do you agree that 15 percent of all homes in a planning area should be affordable?","Janeese Lewis George, the Democratic nominee for mayor of Washington, D.C., committed to a goal of building 72,000 new homes in five years. That’s equal to about 210 units per single-member district, or 1,565 units per ANC. Hypothetically, where do you think 210 new homes should be built in your SMD or ANC? If you do not think new housing should be built in your SMD or ANC, please write, ""I do not think new housing should be built in my SMD or ANC.” (Max. 3,000 characters.)","In the District, planned unit developments “allow developers flexibility to meet objectives such as use, density, site planning, and design” by incorporating “public benefits that exceed those that could have been achieved under the general provisions of the Zoning Regulations.” Not all commissioners will work on a PUD but, if one is proposed, ANCs may be able to negotiate which benefits developers might provide in exchange for greater height and density. Developers rarely propose PUDs because of the time and complexity that the Zoning Commission has added to approvals. Which of the following statements most aligns with your preferences?","Greater Greater Washington is considering submitting to the Zoning Commission a proposal to enable a variety of smaller-scale housing types where they are not currently possible to build. Our proposal would allow one additional home per lot in R and RF zones. It would also decrease minimum lot area and width, and increase minimum lot capacity. You can see what parts of the District those zones cover on our indicator map. Would you support a proposal that enabled the following?

Increasing the homes allowed in R-1A zones from one to two per lot
Increasing the homes allowed in R-1B, R-2, and R-3 zones from one to three per lot
Increasing the homes allowed in RF-1 zones from two to three per lot
Increasing the homes allowed in RF-4 zones from three to four per lot
Increasing the homes allowed in RF-5 zones from four to five per lot",At what point do you no longer consider someone’s home “near transit”?,Do you support removing parking and travel lanes to build dedicated bus lanes? See how many people in your ANC and SMD live near frequent transit on our indicator map.,Do you support removing parking and travel lanes to build protected bike lanes? See how many people in your ANC and SMD live near protected bike lanes on our indicator map.,"Do you support the implementation of road pricing (also referred to as congestion pricing) in downtown Washington, D.C.? The “small study area” in the map below shows approximately where a road-pricing charge could apply.Since a $9 congestion toll was introduced in Manhattan in January 2025, it has generated $700 million in revenue for New York City. Broadway had its highest-grossing year on record, and air quality improved across all five boroughs. Traffic injuries dropped in the congestion relief zone. In 2024, there were 6,455 reported crashes and 3,117 injuries. By 2025, reported crashes had dropped 5 percent, to 6,137, and injuries dropped 3.6 percent, to 3,003. https://surveymonkey-assets.s3.amazonaws.com/survey/528100308/rte/0fbead89-6503-41b9-b75a-3df3cc86dddc.png",Will you participate in the yearly National Week Without Driving?,"The District's plan to be carbon-free by 2045 requires residents to reduce the trips they take by car. Please describe at least one trip you currently take by car (even if you, yourself, are not driving) that you can commit to taking on foot, by bus, by train, via a mobility device, or by bike instead. (Max. 1,500 characters.)","What do you feel is the biggest issue in your neighborhood, and what is your position on it? Given the limited scope of commissioners’ authority, what would you most realistically do about that issue if elected? (Max. 1,500 characters each.)","ANC commissioners represent about 2,000 constituents, on average. With the understanding that you are not going to hear from every single one of them during your term, and that those you do hear from may not represent a majority view of the 2,000 people you represent, describe how you plan to make decisions as an elected representative. (Max. 3,000 characters.)","Why do you think you are the right person to serve as an ANC commissioner for your SMD? (Max. 1,500 characters.)","Is there anything else you'd like GGWash to take into consideration about your positions on housing, affordable housing, transportation, and land use? (Max. 3,000 characters.)"
,Name,Email,Campaign-related social media accounts,"Fundraising link, if applicable",Response,Response,Response,Response,Response,Response,Open-Ended Response,Response,Open-Ended Response,Response,Response,Response,Response,Response,Response,Response,Response,Open-Ended Response,Response,Response,Open-Ended Response,Response,Response,Response,Response,Response,Response,Response,Open-Ended Response,Open-Ended Response,Open-Ended Response,Open-Ended Response,Open-Ended Response
119183822396,Jonathan Hogue,,https://sites.google.com/view/jonathanhogueforanc4d02?usp=sharing,,4D,4D02,Not enough homes,"It's more important to enable more homes, and more types of homes, in more of our neighborhoods, even if that results in pushback for “changing a neighborhood’s character.”",Means-tested or income-restricted; Rent-controlled; Costing no more than 30 percent of one’s household income,Not means-tested or income-restricted; Unsubsidized; Not rent-controlled,N/A,"District-owned housing on District-owned land, built by a District agency and managed by a private property-management company; District-owned housing on District-owned land, built by a private construction company and managed by a District agency; District-owned housing on District-owned land, built by a private construction company and managed by a private property-management company","Today, family makeup looks different than they did under the traditional norm. Family-sized housing in Washington, D.C. can be found in apartments, condos, or traditional homes. I believe family-sized housing should include a bedroom for the parent(s) and a bedroom for each child or family member who resides in the dwelling. Additionally, family-sized housing should include shared living space for family activities and adequate, flexible storage space that can adapt to a family’s needs. I also believe family-sized housing should feature child-friendly areas for play, whether that is a yard, shared play area, or nearby access to parks. This aspect of home life is critical to children’s development and a family’s overall connection to their community.",Enough historic districts,"Yes, inducing residents and visitors to drive less should be an explicit policy goal of the District.",Too many cars,Zero,Enough parking,Enough bars and restaurants,"New housing of all types should be built throughout all neighborhoods. Building more densely near transit is important, but people also deserve the option to live in rowhomes and small apartment buildings, even if those homes are not within a set proximity to a bus stop or train station.","Yes, apartments should be legal in all parts of all the District's neighborhoods.",N/A,"No, height and mass should not be removed from the purview of the Historic Preservation Review Board.",I agree that 15 percent of all homes in a planning area should be affordable.,"Housing development was a recurring topic during my one-on-one conversations with neighbors in my SMD. Since COVID-19, we have seen a rise in the number of condominiums and apartment buildings being built in our SMD, which has changed the landscape of the neighborhood and raised concerns among some residents about whether we have the transportation and other resources needed to support further development. I am not for building more housing in my immediate SMD today, but I would support additional housing elsewhere in the ANC (4D). I would work with other Commissioners to better understand how to propose buildings in locations that equitably share community resources and ensure SMDs see equitable growth in housing without outpacing the resources needed to support the additional residents that new housing would bring.","I would prefer to negotiate a PUD. The delay in the production of new housing is worth the potential for—if not the guarantee of—benefits such as improvements to streets and sidewalks or more income-restricted, subsidized units than are required by District law.",I would support a zoning text amendment enabling an additional home per lot in R and RF zones.,If their home is further than a 10-minute walk to a bus stop or train station.,"Yes, I support removing parking and travel lanes to build dedicated bus lanes.","Yes, I support removing parking and travel lanes to build protected bike lanes.","Yes, I support the implementation of road pricing.","Yes, I will participate in the National Week Without Driving every fall.","I frequently visit the Aldi near Fort Totten for weekly grocery trips. I’ve often driven because it has a parking garage, but I recently mapped out a walkable route from my home. Walking there provides another vantage point to better understand how the community is developing. Moving forward, I commit to doing more grocery trips on foot, along with increasing my walks and use of the bus to get to and from the Fort Totten Metro Station.","One of the biggest issues in my neighborhood is ensuring we see equitable development across our SMD. During recent conversations with neighbors, several expressed concerns about the growth of development along Kennedy Street, fueled by investment from wealthy developers that can limit locals’ ability to invest in and grow their own businesses right at home. Additionally, neighbors do not feel they have an adequate say in weighing in on what businesses or housing types are being added to their neighborhood. I believe that development is only beneficial if it is co-created by the people who will be most impacted by it. The city needs to provide residents with grants or financing programs that can make starting businesses in our communities more accessible. When it comes to community involvement, ANCs need to have a more vocal presence in the neighborhood and communicate changes and opportunities for community input to neighbors in various ways, ensuring they have meaningful opportunities to voice their unique desires for change.  If elected, I would support prioritizing local business development and advocate for our councilmember and the new mayor to conduct more analysis on the number of D.C. small-business owners by SMD and work with ANCs to provide more input on the programs, outreach, and training residents need to turn their ideas into tangible business opportunities. We should also help residents understand how to turn their existing networks into avenues for economic growth and ensure everyone understands how they can contribute to the neighborhood’s economic and overall well-being.","Democracy on paper is a noun, but in reality, it is a verb. During my campaign, I have expanded my outreach beyond traditional media to meet neighbors where they are. This includes creating flyers, doing multiple rounds of door-knocking, providing a campaign phone number, and developing a website where neighbors can learn more about my work and ideas for Brightwood Park. In conversations with neighbors, I have reminded them that I take daily walks around the SMD and encourage folks to say hello or share ideas if they see me walking. If elected, I would continue to use online media, including social media, when possible, to share resources and ways folks can get involved. I would also share news through WhatsApp groups and Nextdoor.com posts, given that neighbors have stated these are other ways they would like to see their ANC connect with constituents. Additionally, I would encourage people to stop me if they see me so we can preserve the supportive environment we’ve created in Brightwood Park and ensure people understand that their ANC is a neighbor who wants to work alongside them to make a difference.","I have been a District resident for 10 years, and throughout my time here, I have worked tirelessly to be a supportive community member. I began my career in the District, serving as a public-school teacher for five years, including two years at Capital City Public Charter School right here in Ward 4, where I taught 8th-grade humanities to students from our community during the COVID-19 pandemic. After my time in the classroom, I served in the United States Senate as an education and workforce policy advisor. I later took those learnings into public-sector consulting, where I have worked with government leaders across the country to expand childcare options for working families, improve teacher pay, and strengthen community programs addressing housing affordability for economically vulnerable residents. Today, I run a public-sector consulting business based in Brightwood Park and continue to serve local families as a member of the Board of Directors for Latin American Montessori Bilingual Public Charter School (LAMB PCS). I have a proven track record of putting my community first, and I know that I can continue to be a force for meaningful change in my SMD if elected as our next ANC.",Thanks for your time and consideration of my submission. Please look at my website (linked in the submission) to learn more about me and call my campaign at (443) 489-6203 if additional questions arise.
119183681609,Gail Fast,,,,6D,6D03,Not enough homes,"It's more important to preserve the character of our neighborhoods, and the District’s land-use regulations should reflect that.",Means-tested or income-restricted; Rent-controlled; Costing no more than 30 percent of one’s household income,Not means-tested or income-restricted; Built by private developers; Expensive; Unsubsidized; Not rent-controlled; Costing more than 30 percent of one’s household income,"Affordable means affordable and currently most ""affordable"" housing has been at 60-80% of MFI. There is not enough affordable housing at the 30% MFI being built so District residents that really need to have a chance of home ownership are being denied that opportunity.","District-owned housing on District-owned land, built by a District agency and managed by a District agency; District-owned housing on District-owned land, built by a private construction company and managed by a District agency",Having at least 3 bedrooms and 2 bathrooms.,Enough historic districts,"Yes, inducing residents and visitors to drive less should be an explicit policy goal of the District.",Enough cars,One,Not enough parking,Enough bars and restaurants,"New housing should be built almost exclusively near transit or on major corridors. Adding new housing is important, but so is protecting neighborhoods from change. Limiting denser development to land near transit or on major corridors is a reasonable compromise.","Yes, apartments should be legal in all parts of all the District's neighborhoods.","I answered ""yes,""","No, height and mass should not be removed from the purview of the Historic Preservation Review Board.",I agree that 15 percent of all homes in a planning area should be affordable.,"6D03 saw the largest boom in housing development in the last 10-years. In fact, Southwest has had more housing development than anywhere in the District. In addition, Southwest added the largest number of affordable units during Mayor Bowsers tenure. We are also experiencing a huge growth in Buzzard Point which will bring 6,000 new residences and 9,000 new residents to Southwest.","I would prefer to negotiate a PUD. The delay in the production of new housing is worth the potential for—if not the guarantee of—benefits such as improvements to streets and sidewalks or more income-restricted, subsidized units than are required by District law.",I would not support enabling an additional home per lot in R and RF zones.,If their home is further than a 10-minute walk to a bus stop or train station.,"Yes, I support removing parking and travel lanes to build dedicated bus lanes.","No, I do not support removing parking and travel lanes to build protected bike lanes.","No, I do not support the implementation of road pricing.","Yes, I will participate in the National Week Without Driving every fall.","Since I only drive to go food shopping, I can take the bus (or metro) to Harris Teeter or Trader Joes.","With the sale of the remaining two lots at Waterfront Station, we are losing any opportunity to create the ""Main Street"" on 4th Street SW that I worked on when I served on the Advisory Board of the SW Small Area Plan. We need to fight the current proposed matter-of-right development, bring more housing to those spaces (steps from the Waterfront metro) and insist on retail to activate the area. If the proposed development of townhouses goes through, we will have missed an opportunity to create the vision of ""Southwest.""  Work to improve the Better Bus system in my neighborhood. We lost two bus lines (one that goes N - S up 7th Street SW, the other E-W on I Street SW. I plan to advocate to bring  back those routes, or if I can't get the entire route back -- see how it can be incorporated in to current bus routes.","I think most of my constituents share my values of what makes Southwest ""Southwest."" We are concerned about affordable housing/utilities, increases in crime, want better transportation and more services close to home (ie: urgent care, Farmers Market, etc.). However Southwest is welcoming, resilient and a community that embraces economic, social and cultural diversity. So as long as I stay true to that, my decisions will be representative of my constituents.","I have lived in Southwest for 35-years, arriving 6 months before the Waterfront Metro broke ground. I've watched Southwest's development (some good; some not so good) and was part of the Advisory Board of the Southwest Small Area Plan and Buzzard Point Vision.  I've witnessed the changes and think that during my tenure, so far, as an ANC Commissioner I've helped make Southwest a great place to live, work and play. I feel that having lived here for as long as I have helps me to navigate change while maintaining Southwest's core values of diversity and equity.","While I may have answered that I don't support moving travel lanes for dedicated bus and bike lanes, it is because the city has not figured out how to do it successfully. If you travel to city's like Amsterdam and Copenhagen you will see signage, dedicated signalization and dedicated travel lanes for buses, bicycles and cars. If we could master that, I would be 100% supportive."
119183451264,Andrew Pendleton,,,,5F,5F05,Not enough homes,"It's more important to enable more homes, and more types of homes, in more of our neighborhoods, even if that results in pushback for “changing a neighborhood’s character.”",Means-tested or income-restricted; Subsidized; Rent-controlled,Not means-tested or income-restricted; Unsubsidized; Not rent-controlled,"Market-rate housing is housing whose cost isn't subject to subsidy, and whose access isn't subject to needs-based limitations or price controls. Capital-A Affordable housing typically refers to housing that *is* subject to such subsidy, filtering, and/or controls, though ultimately what is or isn't affordable will depend on individual household circumstances, and with sufficiently ample housing supply, market-rate housing might eventually become lowercase-A ""affordable"" to most households.","District-owned housing on District-owned land, built by a District agency and managed by a District agency; District-owned housing on District-owned land, built by a District agency and managed by a private property-management company; District-owned housing on District-owned land, built by a private construction company and managed by a District agency; District-owned housing on District-owned land, built by a private construction company and managed by a private property-management company","Any number of people can constitute a family, so in some sense, any housing can be family-sized housing. DC has a particularly acute shortage, however, of housing with three or more bedrooms, as recent construction trends have favored one-bedroom units and studios. Ensuring an adequate supply of these multi-bedroom units is critical to ensuring that growing families continue to feel welcome in the District.",Too many historic districts,"Yes, inducing residents and visitors to drive less should be an explicit policy goal of the District.",Too many cars,Zero,Too much parking,Too few bars and restaurants,"New housing of all types should be built throughout all neighborhoods. Building more densely near transit is important, but people also deserve the option to live in rowhomes and small apartment buildings, even if those homes are not within a set proximity to a bus stop or train station.","Yes, apartments should be legal in all parts of all the District’s neighborhoods, and I would introduce a resolution supporting the legalization of sixplexes in the Comprehensive Plan rewrite.",N/A,"Yes, height and mass should be removed from the purview of the Historic Preservation Review Board, and I would introduce a resolution supporting such a policy.",I agree that 15 percent of all homes in a planning area should be affordable.,"ANC 5F likely has the greatest potential for new housing via better use of the currently mostly-industrially-zoned land along the west side of the Metropolitan Branch Trail, between Alethia Tanner Park and the Rhode Island Ave Metro. Current uses of this land don't fully capitalize on its proximity to transit. More generally, however, I would support strengthening by-right housing construction throughout the ANC to allow additional density to continue to be added to all existing single-family rowhouse lots.","I would prefer that development in my ANC be by-right. Knowing that what is zoned is all that is possible to build creates predictability for residents and housing providers, which is worth forgoing a negotiation for possible benefits.",I would support a zoning text amendment enabling an additional home per lot in R and RF zones.,If their home is further than a 20-minute walk to a bus stop or train station.,"Yes, I support removing parking and travel lanes to build dedicated bus lanes.","Yes, I support removing parking and travel lanes to build protected bike lanes, and would introduce a resolution in support of doing so in my ANC.","Yes, I support the implementation of road pricing.","Yes, I will participate in the National Week Without Driving every fall.","I haven't owned a car in the entirety of the my more than two decades in DC, and get around primarily by bike. To the extent that I use cars, it's mostly rideshares to the airport at times when the train isn't running or when I have lots of luggage. I'll continue to favor transit as much as I can in these cases.","Street safety. Many neighbors are frustrated with how fast cars move through many of our streets. I'm committed to helping make our streets safer for all users, and am eager to explore speed bumps, road diets, and other traffic-calming measures, as well as better-protected infrastructure for pedestrians and cyclists, and better connections for these users to the MBT.  Seek new traffic calming measures within my SMD, particularly along 2nd St NE. I'd also push for the ANC to aggressively engage in the upcoming Comprehensive Plan revision process in hopes of making District-wide housing targets as aggressive as possible.","I believe in being open with and accessible to members of the community, and plan to be available in person at community events as well as by email, to do my best to ensure that everyone feels heard. At the same time, I'm running because I'm passionate about transportation and housing issues, and I know that on housing especially, the constituencies most impacted by the lack of affordable housing aren't often the ones politicians typically hear from. There will likely be circumstances when these issues arise where I'll have no choice but to vote according to my conscience, and do my best to empathetically hear the perspectives of neighbors with whom I disagree.","I've lived in Eckington for over a decade, and I'm passionate about transportation safety and housing affordability, both major issues I've heard come up again and again while talking with neighbors in this campaign thus far. I think ANCs have an outsized opportunity to be able to meaningfully make policy change in these areas, and I'm eager to champion them as a commissioner in ANC 5F.","ANC 5F has a track record over the past several cycles of ambition on housing issues in particular, having advanced resolutions that meaningfully improved proposed revisions to the FLUM. The outgoing commissioner for my SMD, who's retiring as of this term, was part of the coalition of commissioners that made this progress possible, and I'm eager to continue her and their legacy, particularly going into the upcoming Comprehensive Plan revision cycle. I'm also a near-daily MBT user, and see the trail as a critical resource and transportation artery, so I'm excited to see how the ANC can engage in seeing it continue to improve and be made more accessible, and for the land that abuts it to be further activated."
119183410418,Joshua Peacock,,,,3C,3C06,Not enough homes,"It's more important to enable more homes, and more types of homes, in more of our neighborhoods, even if that results in pushback for “changing a neighborhood’s character.”",Subsidized,Unsubsidized,"I decided on only one option for each of these because I think there has been too much of a  conflation of capital “A” Affordable and lower-case “a” affordable. “Affordable” was the euphemism to replace “subsidized” because of the connotation, but has become many different things to many different people. A market-rate unit can be “affordable” but not “Affordable.” $3,000/month for a 2 bedroom is “affordable” for the DC median household (approx. ⅓ of $107,000/year) but not what many would colloquially consider “affordable.” Saying a developer is building a 10-unit building with an “affordable” unit makes it sound like the unit is being begrudgingly provided by the developer out of their profit instead of a “Affordable” unit being paid for by increasing the costs of the other nine. Many people wonder then mistakenly why all the units cannot be “affordable,” and blame nebulous greed instead of real material conditions.","District-owned housing on District-owned land, built by a District agency and managed by a District agency; District-owned housing on District-owned land, built by a District agency and managed by a private property-management company; District-owned housing on District-owned land, built by a private construction company and managed by a District agency; District-owned housing on District-owned land, built by a private construction company and managed by a private property-management company","It would be housing suitable for children and adults to live and go through multiple life stages together, with at least one bedroom per two people. A place intended for multi-year or multi-decade stays all-year round.",Too many historic districts,"Yes, inducing residents and visitors to drive less should be an explicit policy goal of the District.",Too many cars,One,Too much parking,Enough bars and restaurants,"New housing of all types should be built throughout all neighborhoods. Building more densely near transit is important, but people also deserve the option to live in rowhomes and small apartment buildings, even if those homes are not within a set proximity to a bus stop or train station.","Yes, apartments should be legal in all parts of all the District's neighborhoods.",N/A,"Yes, height and mass should be removed from the purview of the Historic Preservation Review Board, and I would introduce a resolution supporting such a policy.",I do not agree that 15 percent of all homes in a planning area should be affordable.,"My SMD has plenty of room to build more apartments without losing any greenspace! There could easily be multistory apartments put in the Sam’s Park & Shop parking lot or above the strip mall itself. The one-story shops on Connecticut Ave could have 5 or so floors placed above it (the same height as the existing Klingle Apts on Macomb and Connecticut). The Ordway Gardens can be redeveloped to be twice as high and the parking lots in the Macomb Odds Alleyway can be built on. Houses on Williamsburg and Porter could be converted into sixplexes, though that is a further walk away from the metro stop.","I would prefer that development in my ANC be by-right. Knowing that what is zoned is all that is possible to build creates predictability for residents and housing providers, which is worth forgoing a negotiation for possible benefits.","I would support enabling an additional home per lot in R and RF zones, and would introduce a resolution in support of such a zoning text amendment.",If their home is further than a 15-minute walk to a bus stop or train station.,"Yes, I support removing parking and travel lanes to build dedicated bus lanes, and would introduce a resolution in support of doing so in my ANC.","Yes, I support removing parking and travel lanes to build protected bike lanes, and would introduce a resolution in support of doing so in my ANC.","Yes, I support the implementation of road pricing, and would introduce a resolution in support of the District doing so.","Yes, I will participate in the National Week Without Driving every fall.","I rarely drive but do when I take my cat to the vet, which is feasible on foot (though he would hate it!). I could also take Amtrak to visit my parents or in-laws instead of driving.","The sheer inability to afford to live here long-term. The cheapest properties are a few recently built condos that go for $900,000 and single-family homes that exist are $5 million or more. People are always moving out because they cannot afford to start a family and stay here. The businesses have frequent turnover because the few people who do live here are not enough to provide the revenue for them to pay astronomical commercial rents. There are years-long empty commercial buildings such as the old Target in the strip mall, the Uptown and adjoining buildings, the old Yenching restaurant, and numerous shopfronts are vacant without a sizeable customer base. The grocery stores are available but boutique, requiring a trip to Van Ness or further up the Red Line for a full grocery store like Giant or Wegman’s. The neighborhood is also dominated by six-lane Connecticut Ave, making it unwelcome for people to spend time in the neighborhood and difficult to enjoy being out and about.  Seek to make Cleveland Park a more welcoming and desirable place to live. I want to hold more  events that bring the community out like Cleveland Park Day, something like the Dupont Circle Farmer’s Market to support local businesses. I support more car-free street events and think that something like that would be perfect between Cleveland Park and the Zoo. I would push for the adoption of ZC 25-09 to upzone Cleveland Park, and to go beyond that in the future. I will endeavor to make safety a priority for DDOT with the installation of speed bumps on Porter St, and to fix the intersection of Porter and Connecticut that encourages reckless behavior. I want a bus lane to be on Connecticut Ave for the riders of the D70, and I want to resurrect the Connecticut Ave bike lane.","To anyone that I have spoken with, I have been upfront and honest about what I think would make Cleveland Park and my SMD better. Many people disagree, and I will hear out the concerns that people have, and I will try to work with them where possible. But I will not back down in my hope for a better Cleveland Park. I believe in bus lanes, bike lanes, and denser housing, and I believe they make a neighborhood more affordable, safer, and walkable for children and adults of all ages.","I love DC, and I have loved living in Cleveland Park. I think this neighborhood has been allowed to stagnate and become an afterthought in DC despite its rich history, easy transit access, and diverse amenities. I am optimistic about the future, and I think that Cleveland Park can bloom into the envy of the city. That, however, needs Commissioners willing to put in the time and effort to unravel the suffocating patchwork of rules and laws that have been passed specifically to stop any change in the area for the past almost 40 years. I think I am someone with the energy and vision to make that happen. We are more than a six-lane highway and a historical plaque, Cleveland Park is thousands of Washingtonians who love their city and their corner of it and want to make it better. It is a neighborhood that could rival any in the District, and I want to be there to make it happen.","As someone who rides the bus and metro every day, has walked all over the city, and occasionally been known to bike, I think that car-free or car-lite is one of the best ways to enjoy the city. So much of our city is held back by needing to have parking lots, we have a huge amount of untapped potential in our parking system and charging dynamic parking prices would be a great way to generate revenue and encourage people to drive less. We can also tie car registration to size or weight of vehicles, requiring vehicles that weigh more to pay more for road use.  I don’t think that government and private provision of housing are in conflict with one another. I know that frequently there is debate about if markets can provide enough housing at a low enough price point to house everyone, but I think that they can complement one another. Private housing induces affordability cascades that provide better units for lower rents in a neighborhood, not to mention the market has the capital DC does not to build enough housing to bring down rents. If Jubilee’s construction costs are standard, it would be almost $1 million per apartment built by the District. In 2025 there were almost 2,000 housing starts, a 15 year low,  which would mean DC needs to spend $2 billion a year, or one-sixth of its entire annual capital budget, just to match private housing starts in today’s post-DOGE, high interest-rate DC economy.  The District can provide counter-cyclical development during economic downturns that insure our housing is not at the whims of macroeconomic conditions. DHCD could also provide new-housing in low-investment areas that have difficulty attracting buyers. I do think that any District-owned housing should be revenue neutral or even positive. We have seen frequently with DHCD and DOB where buildings are allowed to fall into disrepair because they do not have the money to stay in good condition or because the political will to keep them up has dissipated. Allowing District-housing to be at the mercy of yearly budget debates, tax receipts, and voting cycles makes them vulnerable, they will need to be able to stand up on their own."
119183388054,Oliver Roy,,oliver4dc facebook,,6A,6A01,Not enough homes,"It's more important to enable more homes, and more types of homes, in more of our neighborhoods, even if that results in pushback for “changing a neighborhood’s character.”",Built by the government; Cheap; Subsidized; Rent-controlled,Built by private developers; Expensive; Unsubsidized; Not rent-controlled,"Affordable housing and market-rate housing serve different purposes, and both have a place in a healthy community. Market-rate housing is priced according to current real estate conditions and what the private market will support. Affordable housing, however, is intentionally structured so that lower- and moderate-income residents are not forced to spend an unreasonable share of their income on rent or housing costs.  For me, affordability must be measured against what residents actually earn—not simply whether a unit is cheaper than another unit in the same development. Teachers, service workers, seniors, people with disabilities, working families, and longtime DC residents should be able to live in the communities they help sustain.  As an ANC Commissioner, I would support responsible development that includes a meaningful mix of housing options. New market-rate development can contribute to neighborhood growth, but it should not come at the expense of displacement. I would advocate for deeply affordable units, stronger tenant protections, preservation of existing affordable housing, homeownership opportunities, and development policies that allow residents of different income levels to remain part of our community.","District-owned housing on District-owned land, built by a District agency and managed by a District agency; District-owned housing on District-owned land, built by a District agency and managed by a private property-management company; District-owned housing on District-owned land, built by a private construction company and managed by a District agency","Affordable housing and market-rate housing serve different purposes, and both have a place in a healthy community. Market-rate housing is priced according to current real estate conditions and what the private market will support. Affordable housing, however, is intentionally structured so that lower- and moderate-income residents are not forced to spend an unreasonable share of their income on rent or housing costs.  For me, affordability must be measured against what residents actually earn—not simply whether a unit is cheaper than another unit in the same development. Teachers, service workers, seniors, people with disabilities, working families, and longtime DC residents should be able to live in the communities they help sustain.  As an ANC Commissioner, I would support responsible development that includes a meaningful mix of housing options. New market-rate development can contribute to neighborhood growth, but it should not come at the expense of displacement. I would advocate for deeply affordable units, stronger tenant protections, preservation of existing affordable housing, homeownership opportunities, and development policies that allow residents of different income levels to remain part of our community.",Enough historic districts,"No, inducing residents and visitors to drive less should not be an explicit policy goal of the District.",Too many cars,Two,Not enough parking,Enough bars and restaurants,"New housing should be built almost exclusively near transit or on major corridors. Adding new housing is important, but so is protecting neighborhoods from change. Limiting denser development to land near transit or on major corridors is a reasonable compromise.","Yes, apartments should be legal in all parts of all the District’s neighborhoods, and I would introduce a resolution supporting the legalization of sixplexes in the Comprehensive Plan rewrite.",yes,"Yes, height and mass should be removed from the purview of the Historic Preservation Review Board.","I agree that 15 percent of all homes in a planning area should be affordable, and would introduce a resolution in support of such a policy.","Affordable housing and market-rate housing serve different purposes, and both have a place in a healthy community. Market-rate housing is priced according to current real estate conditions and what the private market will support. Affordable housing, however, is intentionally structured so that lower- and moderate-income residents are not forced to spend an unreasonable share of their income on rent or housing costs.  For me, affordability must be measured against what residents actually earn—not simply whether a unit is cheaper than another unit in the same development. Teachers, service workers, seniors, people with disabilities, working families, and longtime DC residents should be able to live in the communities they help sustain.  As an ANC Commissioner, I would support responsible development that includes a meaningful mix of housing options. New market-rate development can contribute to neighborhood growth, but it should not come at the expense of displacement. I would advocate for deeply affordable units, stronger tenant protections, preservation of existing affordable housing, homeownership opportunities, and development policies that allow residents of different income levels to remain part of our community.","I would prefer to negotiate a PUD. The delay in the production of new housing is worth the potential for—if not the guarantee of—benefits such as improvements to streets and sidewalks or more income-restricted, subsidized units than are required by District law.","I would support enabling an additional home per lot in R and RF zones, and would introduce a resolution in support of such a zoning text amendment.",If their home is further than a 30-minute walk or longer to a bus stop or train station.,"No, I do not support removing parking and travel lanes to build dedicated bus lanes.","No, I do not support removing parking and travel lanes to build protected bike lanes.","No, I do not support the implementation of road pricing, and would introduce a resolution in opposition to the District doing so.","Yes, I will participate in the National Week Without Driving every fall.",I take the bus or train all the time every where.,Parking  i would introduce the most realistically approch to the issue doing in my ANC.,a get out to vote plan for my ANC.,"Oliver Linner Roy is the right person to serve as ANC Commissioner because he brings decades of community advocacy, public service, and hands-on experience helping Washington, DC residents navigate real challenges. As a native Washingtonian, parent advocate, former foster child, foster parent, nonprofit leader, and disability advocate, Oliver understands both the struggles families face and the importance of responsive local leadership.  Through The Linner Foundation and Family First Resource Center, Oliver has connected thousands of residents with housing, employment, food, health, disability, mental health, education, and family-support resources. He has also served on several DC advisory councils and commissions, giving him experience working with government agencies while remaining accountable to the community.  Oliver believes an ANC Commissioner should be visible, accessible, responsive, and willing to work. His priorities include safer neighborhoods, affordable housing, stronger support for seniors and people with disabilities, better opportunities for youth, responsible development, cleaner communities, and greater government transparency.  Oliver is not seeking the position simply to hold a title. He wants to serve, listen, advocate, and deliver results for the residents of his SMD. He will bring experience, compassion, persistence, and a Family First approach to neighborhood leadership.",United States
119183376166,Peter Miles,,,,3C,3C05,Not enough homes,"It's more important to enable more homes, and more types of homes, in more of our neighborhoods, even if that results in pushback for “changing a neighborhood’s character.”",Means-tested or income-restricted; Subsidized; Rent-controlled; Costing no more than 30 percent of one’s household income,Not means-tested or income-restricted; Built by private developers; Unsubsidized; Not rent-controlled,"Affordable housing is housing where some form of subsidy, income restriction, or rent regulation keeps the cost below 30% of the household's income. Market-rate housing has no such support. However, it's important to provide a variety of housing forms and types (multi-family buildings, duplexes, triplexes, single-family homes, and so on) in DC, particularly in neighborhoods that have good access to transit. For example, in my SMD, a two-bedroom unit in a co-op may be “affordable” relative to the single-family homes that are on the market. A variety of housing types within a neighborhood have many benefits; they not only allow a greater diversity of residents, but they enable people to stay in a neighborhood they like as their needs change. A young couple can move to a larger home and start a family, an older empty-nest household can downsize to an apartment or a condo, and so on.  The comprehensive plan and zoning code should be updated to allow as many housing and building types as possible. What is built will depend on the market.  More market-rate supply eases the upward pressure on rents/costs across the board. That means fewer households need assistance in the first place, and the subsidy dollars DC does spend reach further.","District-owned housing on District-owned land, built by a District agency and managed by a District agency; District-owned housing on District-owned land, built by a District agency and managed by a private property-management company; District-owned housing on District-owned land, built by a private construction company and managed by a District agency; District-owned housing on District-owned land, built by a private construction company and managed by a private property-management company","A housing unit with at least two bedrooms — ideally three or more — plus two full bathrooms and larger shared living space than a standard apartment layout provides. Family-sized housing can be provided in a variety of building types: single-family homes, duplexes, triplexes, small apartment buildings, and larger buildings. It should be flexible enough that a grandparent, in-law, or other extended family member can live there permanently or visit, and that the household can host holidays, family functions, and the other gatherings that are essential to family life. The real test is this: if you are fortunate enough to consider your own home ""family housing,"" would you trade it for something new that is marketed as family housing? Too often the answer is no, and the reason isn't the bedroom count. It's storage, daylight, somewhere to put a stroller, a place to eat that isn't the couch. Affordable family housing shouldn't be merely acceptable, it should be as good as what people already have. That's a challenge to how we design and what the zoning code asks for, not an argument for building less.",Enough historic districts,"Yes, inducing residents and visitors to drive less should be an explicit policy goal of the District.",Too many cars,One,Enough parking,Too few bars and restaurants,"New housing of all types should be built throughout all neighborhoods. Building more densely near transit is important, but people also deserve the option to live in rowhomes and small apartment buildings, even if those homes are not within a set proximity to a bus stop or train station.","Yes, apartments should be legal in all parts of all the District’s neighborhoods, and I would introduce a resolution supporting the legalization of sixplexes in the Comprehensive Plan rewrite.",N/A,"Yes, height and mass should be removed from the purview of the Historic Preservation Review Board, and I would introduce a resolution supporting such a policy.","I agree that 15 percent of all homes in a planning area should be affordable, and would introduce a resolution in support of such a policy.","The majority of new housing units should be built along Connecticut Avenue, specifically from Porter St NW south to Macomb St NW, by adding floors above what is now largely one- and two-story retail and commercial buildings. That added density will help pay for much-needed infrastructure upgrades to aging commercial buildings, and will provide new customers for the businesses there, present and future. I support the Connecticut Avenue rezoning (Zoning Commission Case 25-09) for exactly these reasons: the corridor has persistent vacancy, and new development and investment are the remedy. However, not all new housing units should be concentrated along the avenue. The historic fabric and development pattern of my SMD (all of which is in a historic district) includes a wide variety of multi-family housing types, including: small co-op and apartment buildings, duplexes, triplexes, and numerous homes that are now single-family, but in the past were used for large numbers of lodgers.  This development pattern extends to the very beginnings of the neighborhood at the turn of the 20th century, when Cleveland Park was a burgeoning streetcar suburb — the original “transit-oriented development.” My point is this: those opposed to more housing often argue that it means huge changes to the character of the neighborhood, and that they will be “giving up” something in order to make the neighborhood affordable for teachers, transit workers, public safety officers, and construction workers, and others with varying income levels. That's simply untrue. The existing character of the neighborhood is already one with a very wide variety of housing types, styles, and price points. Nearly all of my neighborhood would be illegal to build today under current zoning. We should take lessons from the past as we look to the future.","I would prefer that development in my ANC be by-right. Knowing that what is zoned is all that is possible to build creates predictability for residents and housing providers, which is worth forgoing a negotiation for possible benefits.","I would support enabling an additional home per lot in R and RF zones, and would introduce a resolution in support of such a zoning text amendment.",If their home is further than a 20-minute walk to a bus stop or train station.,"Yes, I support removing parking and travel lanes to build dedicated bus lanes, and would introduce a resolution in support of doing so in my ANC.","Yes, I support removing parking and travel lanes to build protected bike lanes, and would introduce a resolution in support of doing so in my ANC.","Yes, I support the implementation of road pricing, and would introduce a resolution in support of the District doing so.","Yes, I will participate in the National Week Without Driving every fall.","I currently drive to the grocery store more often than I need to. Nearly all of those trips are within easy walking or biking distance, and I make them by car out of habit rather than necessity. I will walk or take transit for these trips as much as possible.","Engage with DDOT and the incoming administration to push hard for a pedestrian safety study along both Reno Road/34th St and Connecticut Avenue, with the clear understanding that every day of delay is a day people in our neighborhood are at risk, and to push for implementation of the approved Concept C for protected bike lanes on Connecticut Avenue. I would also work with the Ward 3 councilmember's office to get a public commitment to a timeline. A stalled DDOT project needs steady pressure from above the ANC level, and that is a request I would make repeatedly and on the record.  Pedestrian and road safety. My SMD is bounded by Connecticut Ave NW on the east side and Reno Road/34th St NW on the west. Both are used as commuter corridors into the District, and both carry through traffic moving faster than the surrounding neighborhood can absorb. There have been multiple recent incidents of children and adults being hit by drivers, including a hit-and-run involving a child walking to school. We should re-commit to Vision Zero and design our streets so that pedestrian safety comes ahead of shaving thirty seconds off a trip downtown.","I start by doing the homework myself. I'm an architect by profession, so on land use and building questions I can usually read the drawings and the code myself rather than take someone's word for what a project does. On other items, I take the time to learn about the issue and to meet with the relevant parties on all sides.  Residents who email a commissioner are self-selected, and they skew toward whoever is most upset. So, I have worked to seek out people and put a big focus on in-person interaction. I show up at community events, and I organize some of my own. I helped plan and sat on a panel about the FLUM 2050 process. I'm working on more events and walking tours with other groups now.  Then I use my own judgment to make the decision. I read every email I get and I answer them, but I don't outsource the decision to an unscientific tally of who wrote in loudest about a particular issue. When I've voted against what the loudest room wanted, I've said publicly why.  It is also important to be clear about the roles and limitations of an ANC commissioner. In many matters — BZA cases, historic preservation, and so on — the scope of our comment is clearly delineated and limited by law. Feedback provided within that limited scope is far more valuable than sending in our thoughts on everything under the sun.","My day job is as a practicing architect here in DC, which means that I have a deep understanding of how zoning cases, historic preservation, permitting, and comprehensive planning work, and which issues each of those is designed to address.  I care about our neighborhood and city and want to work with our neighbors to help guide its path into the future. What DC has from an urban perspective is quite unique: it is a walkable city with world-class transit, growing bike infrastructure, excellent parks, a great dining scene, and a vibrant civic life. These things exist because at some point in the past, residents decided that they should contribute and participate in building our city. I'm also optimistic about the future. We have real opportunities in front of us to build on what we have and make a fairer, more equitable city for everyone.","Two things that don’t come through in the checkboxes. On Question 21: I am not hostile to historic preservation. I work in historic districts constantly in my practice, and my entire SMD is in one. But height and mass do not belong in HPRB cases. Reviewing them there simply results in design by committee. In other words: bad design. HPRB should be focused on materials, detailing, and how a building meets the street. To be clear: I am not arguing that height and mass should not be regulated. I am arguing that the zoning code is the right tool for regulating them. Moving that out of HPRB's purview would let each body do the job it was designed for. I support that change as a practitioner, not in spite of being one. The second is the point I would most like GGWash to take from this. My SMD is often described as a place that would be changed by new housing. It was already changed, a century ago. Cleveland Park grew up as a streetcar suburb, and it produced co-ops, duplexes, small apartment buildings, and large houses that took in lodgers, all within a few blocks of each other. Nearly none of that would be legal to build there today. The variety is the character. That is the argument I make to my neighbors, and I think it is a better one than asking them to accept a tradeoff."
119183335667,Shealia Tyson,,ancshealiat5f@gmail.com,,5F,5F03,Enough homes,"It's more important to enable more homes, and more types of homes, in more of our neighborhoods, even if that results in pushback for “changing a neighborhood’s character.”",Means-tested or income-restricted; Built by the government; Subsidized; Rent-controlled; Costing no more than 30 percent of one’s household income,Not means-tested or income-restricted; Built by private developers; Expensive; Unsubsidized; Not rent-controlled; Costing more than 30 percent of one’s household income,Housing that is accessible and meet the needs of the existing communities whereby residents aren't paying no more than 30% of their monthly income towards rent or mortgage.  Market rate housing is open to anyone who can afford the rent or mortgage no maximum income is needed to maintain their quality of life. Affordable housing participates can't afford the qualities that may exist in their communities because many are paying 40%-60% towards housing costs. Also seniors want independence so tiny homes village will help create that needed communities for seniors who want to maintain their independence and are able.,"District-owned housing on District-owned land, built by a District agency and managed by a District agency",Depending on the size of the household whereby children are 18 under or a single means no children.  Unfortunately in today climate a Mother and 3 children depending on the age and sex depends on the number of bedrooms needed.,Not enough historic districts,"Yes, inducing residents and visitors to drive less should be an explicit policy goal of the District.",Too many cars,One,Not enough parking,Too few bars and restaurants,"New housing should be built almost exclusively near transit or on major corridors. Adding new housing is important, but so is protecting neighborhoods from change. Limiting denser development to land near transit or on major corridors is a reasonable compromise.","Yes, apartments should be legal in all parts of all the District's neighborhoods.",N/A,"Yes, height and mass should be removed from the purview of the Historic Preservation Review Board.","I agree that 15 percent of all homes in a planning area should be affordable, and would introduce a resolution in support of such a policy.",Providence Hospital RFK Development Brookline Tavern Site,"I would prefer to negotiate a PUD. The delay in the production of new housing is worth the potential for—if not the guarantee of—benefits such as improvements to streets and sidewalks or more income-restricted, subsidized units than are required by District law.",I would support a zoning text amendment enabling an additional home per lot in R and RF zones.,If their home is further than a 30-minute walk or longer to a bus stop or train station.,"No, I do not support removing parking and travel lanes to build dedicated bus lanes, and would introduce a resolution in opposition to doing so in my ANC.","No, I do not support removing parking and travel lanes to build protected bike lanes, and would introduce a resolution in opposition to doing so in my ANC.","Yes, I support the implementation of road pricing.","No, I will not participate in the National Week Without Driving every fall.",Medstar Hospital Howard University Dental Clinic,Determine what streets are going to be one-way and bike lanes. Development on Rhode Island Ave and surrounding area  Making our busy 4th corridor one-way to meet the needs of bike users and remove parking spaces primarily use by seniors. Adequate stores other than liquor stores. Youth and seniors programs Clean up neighborhood Change the way residents are engaged with at ANC meetings by keeping the virtual line of communication open.  Stop passing resolutions without hearing from residents who are most affected   Before passing resolutions engage with the communities first,Diversity- get out and start engaging with homeowners and renters.  Do a newsletter,The present AND is not communicating with residents no newsletter no verbal communication,Don't force people into your beliefs engage with existing and attempt to maintain a dialogue with all residents.  Do not disrespect the natives
119183332788,Katie Henke,,@katie6d03.bsky.social ; katie6d03.substack.com,,6D,6D03,Not enough homes,"It's more important to enable more homes, and more types of homes, in more of our neighborhoods, even if that results in pushback for “changing a neighborhood’s character.”",Costing no more than 30 percent of one’s household income,Not means-tested or income-restricted; Unsubsidized; Not rent-controlled,"Affordable housing, generally, I view as simply being less than 1/3 of income while market-rate housing is simply the going rate on the market without any policy incentives or other measures to increase affordability. It may be more or less than 30% of someone's income, depending on how much that person earns compared to the cost of the housing in their market. Policy measures to increase affordability would be subsidies, rent control, or income restrictions that make more properties available to people at lower-income levels.","District-owned housing on District-owned land, built by a District agency and managed by a District agency; District-owned housing on District-owned land, built by a District agency and managed by a private property-management company; District-owned housing on District-owned land, built by a private construction company and managed by a District agency; District-owned housing on District-owned land, built by a private construction company and managed by a private property-management company","I would consider family-sized housing to be 3+ bedrooms and 2+ bathrooms where parents may comfortably live with multiple children and/or other family members. Many older properties in my ANC have a mix of family-sized housing and smaller housing suitable for individuals, couples, or roommates. However, newer housing in large buildings seems to favor studios and one-bedrooms, while some developers are trying to shift to low-occupancy dwellings instead of larger, multi-family housing. This limits options for families in Southwest.",Enough historic districts,"Yes, inducing residents and visitors to drive less should be an explicit policy goal of the District.",Too many cars,One,Enough parking,Enough bars and restaurants,"New housing should be built almost exclusively near transit or on major corridors. Adding new housing is important, but so is protecting neighborhoods from change. Limiting denser development to land near transit or on major corridors is a reasonable compromise.","Yes, apartments should be legal in all parts of all the District’s neighborhoods, and I would introduce a resolution supporting the legalization of sixplexes in the Comprehensive Plan rewrite.",N/A,"Yes, height and mass should be removed from the purview of the Historic Preservation Review Board.","I agree that 15 percent of all homes in a planning area should be affordable, and would introduce a resolution in support of such a policy.","In my SMD, there are several fairly decent-size lots that are on the cusp of being developed that are logically where the bulk of new units would be located. These are on 9th & Maine, 7th & Maine, and 4th & M SW. Additionally, there is some housing on the other side of the library, along M St SW, and near King Greenleaf Rec Center that are older and smaller dwellings. Some of these are in disrepair or are starting to require more substantive upkeep. Those, if appropriate, could be redeveloped into larger complexes while maintaining some of the historic character of the area.","I would prefer to negotiate a PUD. The delay in the production of new housing is worth the potential for—if not the guarantee of—benefits such as improvements to streets and sidewalks or more income-restricted, subsidized units than are required by District law.",I would support a zoning text amendment enabling an additional home per lot in R and RF zones.,If their home is further than a 15-minute walk to a bus stop or train station.,"Yes, I support removing parking and travel lanes to build dedicated bus lanes.","Yes, I support removing parking and travel lanes to build protected bike lanes.","Yes, I support the implementation of road pricing, and would introduce a resolution in support of the District doing so.","Yes, I will participate in the National Week Without Driving every fall.","I already don't own a car, so I very rarely take cars. My only car rides are for large shopping trips or airport runs and I think I could confidently switch from taking a car to the airport to using public transit for those.","Pedestrian safety and the general management of so many mixed modes of transportation in such a busy area. There are multiple bike lanes with limited protections and many neighbors have expressed concern about the safety of crossing the street, especially at some of the bigger intersections (4th & M, 7th & Maine, 7th & Eye SW). There are also a lot of concerns about scooters sharing sidewalks with pedestrians.  Our ANC previously had a pedestrian safety task force which I would like to see revived to explore improvements that we can push with DDOT and/or accomplish on our own. We could also explore ways to limit scooter and bikeshare zones to reduce the friction between micro-mobility and pedestrians.","In addition to input from constituents who proactively reach out, I would also like to do more community engagement than our current ANC, such as with regular ANC tables at the farmer's market or open office hours for community members to engage. I would like to also form relationships with the social service-type organizations in our ANC who have their finger on the pulse of the most vulnerable/at-risk members of our community who may not be able to advocate for themselves. Finally, I would monitor our local publications (e.g., the Southwester, Hill Rag, the 51st, CityCast DC, NOTUS, etc.) to get information on how the issues in front of ANC are impacting communities.",I will bring a fresh voice and perspective with an attitude toward collaboration with my fellow ANC commissioners and other District/Federal partners and mobilizing resources to address community problems.,I am in favor of people-first policies when it comes to development - streets are for the people!
119183332747,Janell Pagats,,,,3C,3C03,Not enough homes,"It's more important to enable more homes, and more types of homes, in more of our neighborhoods, even if that results in pushback for “changing a neighborhood’s character.”",Means-tested or income-restricted; Subsidized; Costing no more than 30 percent of one’s household income,Not means-tested or income-restricted; Built by private developers; Unsubsidized,"Affordable housing specifically targets households earning a designated percentage of the Area Median Income (AMI) and ensures housing costs do not exceed 30% of income through public subsidies or covenants. Market-rate housing is priced based on supply and demand without income verification or government subsidies. Both play crucial roles in our overall housing ecosystem: market-rate supply relieves regional competition, while legally binding affordable housing ensures lower- and middle-income residents can remain in our community.","District-owned housing on District-owned land, built by a District agency and managed by a District agency; District-owned housing on District-owned land, built by a private construction company and managed by a District agency","Family-sized housing means homes with three or more bedrooms that provide functional space for growing families, multi-generational households, and caregivers. Beyond square footage, it requires layout flexibility and safe access to neighborhood resources like parks, schools, and transit.",Too many historic districts,"Yes, inducing residents and visitors to drive less should be an explicit policy goal of the District.",Too many cars,One,Enough parking,Too few bars and restaurants,"New housing of all types should be built throughout all neighborhoods. Building more densely near transit is important, but people also deserve the option to live in rowhomes and small apartment buildings, even if those homes are not within a set proximity to a bus stop or train station.","Yes, apartments should be legal in all parts of all the District’s neighborhoods, and I would introduce a resolution supporting the legalization of sixplexes in the Comprehensive Plan rewrite.",N/A,"Yes, height and mass should be removed from the purview of the Historic Preservation Review Board, and I would introduce a resolution supporting such a policy.","I agree that 15 percent of all homes in a planning area should be affordable, and would introduce a resolution in support of such a policy.","In ANC 3C new housing should be prioritized along Connecticut Avenue and near Metro stations. Additionally, gentle density—such as accessory dwelling units (ADUs) and multi-family—should be integrated throughout residential zones to expand housing access across the neighborhoods.","I would prefer that development in my ANC be by-right. Knowing that what is zoned is all that is possible to build creates predictability for residents and housing providers, which is worth forgoing a negotiation for possible benefits.","I would support enabling an additional home per lot in R and RF zones, and would introduce a resolution in support of such a zoning text amendment.",If their home is further than a 15-minute walk to a bus stop or train station.,"Yes, I support removing parking and travel lanes to build dedicated bus lanes, and would introduce a resolution in support of doing so in my ANC.","Yes, I support removing parking and travel lanes to build protected bike lanes, and would introduce a resolution in support of doing so in my ANC.","Yes, I support the implementation of road pricing, and would introduce a resolution in support of the District doing so.","Yes, I will participate in the National Week Without Driving every fall.",I do not own a car. I have never driven a car in DC in the 16+ years that I lived here. I rarely take ride shares these days. I commit to getting more people on board the bus!,"Traffic safety.  Continue to use public roundtables at our committee meetings, ANC 3C resolutions, and direct advocacy with District agencies (DDOT, OP, and Vision Zero - if it still exists) to champion reforms and safety improvements.","I ground my decisions in active constituent listening, data, policy precedent, and long-term District goals. I balance community input with objective analysis to ensure decisions reflect broad public interest, equity, and sustainable urban growth.","My answer remains the same on this one - It is not an easy gig if you truly care. I care a lot. I look at the present, past, and future when I make decisions. I have learned a lot and will continue to do so. This is the most taxing, rewarding while unrewarding and thankless position I have ever volunteered for. I have no regrets. I enjoy serving my community. I have been able to meet so many neighbors and made so many friends and learned so much. The Girl Scout in me just really thrives meeting people where they are and trying to do best to improve upon that.","I am committed to progressive land-use, sustainable transportation, and expanded housing options. I support housing growth paired with realistic, achievable policies that get homes built efficiently while enhancing neighborhood vibrancy and safety."
119183311659,Jeffrey Menzer,,,,6B,6B08,Not enough homes,"It's more important to enable more homes, and more types of homes, in more of our neighborhoods, even if that results in pushback for “changing a neighborhood’s character.”",Means-tested or income-restricted; Subsidized; Rent-controlled; Costing no more than 30 percent of one’s household income,Not means-tested or income-restricted; Built by private developers; Not rent-controlled,"Market rate housing is not rent controlled, not subsidized, financed and built by private entities.","District-owned housing on District-owned land, built by a District agency and managed by a District agency; District-owned housing on District-owned land, built by a District agency and managed by a private property-management company; District-owned housing on District-owned land, built by a private construction company and managed by a District agency; District-owned housing on District-owned land, built by a private construction company and managed by a private property-management company",2 to 4 bedrroms,Enough historic districts,"Yes, inducing residents and visitors to drive less should be an explicit policy goal of the District.",Too many cars,One,Enough parking,Enough bars and restaurants,"New housing of all types should be built throughout all neighborhoods. Building more densely near transit is important, but people also deserve the option to live in rowhomes and small apartment buildings, even if those homes are not within a set proximity to a bus stop or train station.","Yes, apartments should be legal in all parts of all the District’s neighborhoods, and I would introduce a resolution supporting the legalization of sixplexes in the Comprehensive Plan rewrite.",(I did not say No),"Yes, height and mass should be removed from the purview of the Historic Preservation Review Board.",I agree that 15 percent of all homes in a planning area should be affordable.,"I support construction of multi story/multi family housing; there are existing warehouse buildings that can be better used for housing within the ANC; additionally, existing residential properties are being used for non-residential purposes, which reduces the amount of available housing","I would prefer that development in my ANC be by-right. Knowing that what is zoned is all that is possible to build creates predictability for residents and housing providers, which is worth forgoing a negotiation for possible benefits.",I would support a zoning text amendment enabling an additional home per lot in R and RF zones.,If their home is further than a 10-minute walk to a bus stop or train station.,"Yes, I support removing parking and travel lanes to build dedicated bus lanes.","Yes, I support removing parking and travel lanes to build protected bike lanes.","No, I do not support the implementation of road pricing.","Yes, I will participate in the National Week Without Driving every fall.","Almost of all of my trips are by walking, train or bike.  One of my routine trips outside of DC, I take the Metro and then walk or bike to my final destination when feasible.",Transportation and safety are significant issues within the neighborhood.  I will continue to work with DC governmental agencies to ensure that planning and implementation continue to engage with and respond to the community's needs and interests.  The planned stadium development will have spillover effects on traffic and safety in my neighborhood.  The community needs to be engaged in understanding this planned development and in effective planning to mitigate the effects of this large scale planned development.  The threat to home rule and the autonomy of the District's residents is a significant and existential  issue for all of us.  I would work with other commissioners and ANCs and elected officials throughout the city to defend home rule and our political autonomy.,"I will work with my neighbor and fellow commissioners and soliciting  their opinions regarding issues that come before the ANC. I will work with resident members of the ANC's standing committees to provide input into my decisions as a commissioner in issues that come before the ANC and to proactively bring forward issues/concerns to the ANC.  I will seek out local neighborhood organizations to ensure that their voices are heard and considered in ANC actions.  On issues that I am not familiar with, I will seek to engage with residents to learn of their views and consider them when making decisions.","I have lived in the ANC for over 40 years and have raised a family on Capitol Hill.  Over the past 3 years, I have been a resident member of the ANC 6B's transportation committee - serving as Vice Chair for the past 2 years.  I have worked on improving safety for students, pedestrians, and cyclists on roads.  I will continue to work with my neighbors in identifying needs and working towards effective resolution.","RE Congestion Pricing - I am supportive of the concept, but I do not think that the small downtown area depicted in the map is the right area to initially implement this, and I would support a smaller area with a specific focus on times of greatest congestion."
119183310322,Christian Dingus,,,,2G,2G01,Not enough homes,"It's more important to enable more homes, and more types of homes, in more of our neighborhoods, even if that results in pushback for “changing a neighborhood’s character.”",Means-tested or income-restricted; Subsidized; Rent-controlled; Costing no more than 30 percent of one’s household income,Built by private developers; Not rent-controlled,"Affordable housing, to me, is housing that's well-maintained and monitored to actually meet the needs of the people living in it, where the government or another entity steps in, whether through subsidy, income restrictions, or rent control, so that residents aren't stretched past what they can reasonably afford. Market-rate housing is left to private developers and the open market, without those same built-in protections for residents.  That said, I don't think government intervention has to be exclusive to what we label ""affordable housing."" I'd support the government stepping into market-rate pricing too, but only if it's structured so the savings actually reach the resident directly, not absorbed by a developer or landlord along the way. The distinction isn't that one type of housing is good and the other isn't. It's that any intervention needs guardrails ensuring the benefit lands with the person actually living there.","District-owned housing on District-owned land, built by a District agency and managed by a District agency; District-owned housing on District-owned land, built by a private construction company and managed by a District agency","To me, family-sized housing means a home with two to three genuinely livable bedrooms, not just space on paper, but rooms that can actually fit a bed, a desk, room to grow. It should be in a safe, functional building that a family can rely on.  But size alone isn't the whole picture. A family also needs stability to go along with the space. That means predictable rent or a mortgage they can plan around, not the constant threat of a price hike pushing them out of a home they've built their life in. Family-sized housing should give people room to grow physically, without kids sharing closets as bedrooms, and room to grow economically, without housing costs eating every bit of income that could otherwise go toward savings, education, or simply having some breathing room.  In short, it's a home that lets a family put down roots instead of just getting by.",Enough historic districts,"Yes, inducing residents and visitors to drive less should be an explicit policy goal of the District.",Too many cars,Two,Enough parking,Enough bars and restaurants,"New housing of all types should be built throughout all neighborhoods. Building more densely near transit is important, but people also deserve the option to live in rowhomes and small apartment buildings, even if those homes are not within a set proximity to a bus stop or train station.","Yes, apartments should be legal in all parts of all the District's neighborhoods.",N/A,"Yes, height and mass should be removed from the purview of the Historic Preservation Review Board.",I agree that 15 percent of all homes in a planning area should be affordable.,"Two vacant buildings in my SMD, at 801 Rhode Island Ave and the block near 5th and 8th, sit empty right now while people struggle to find housing. Both should be rapidly renovated or rebuilt to add units rather than continue sitting unused. Beyond these two sites, I'd work with the zoning commission to identify other underused lots in the SMD capable of adding density, prioritizing sites close to transit and existing services so new housing supports walkability rather than adding to car dependency.","I would prefer to negotiate a PUD. The delay in the production of new housing is worth the potential for—if not the guarantee of—benefits such as improvements to streets and sidewalks or more income-restricted, subsidized units than are required by District law.",I would support a zoning text amendment enabling an additional home per lot in R and RF zones.,If their home is further than a 15-minute walk to a bus stop or train station.,"Yes, I support removing parking and travel lanes to build dedicated bus lanes.","Yes, I support removing parking and travel lanes to build protected bike lanes.","Yes, I support the implementation of road pricing.","Yes, I will participate in the National Week Without Driving every fall.","I already avoid traveling by car except when going somewhere outside public transit's reach or in an emergency. My daily trips are made on foot, by bus, or by train.","The biggest issue in my SMD is one I think drives a lot of our other problems: vacant buildings and empty lots that have sat unused for years. This includes two large former residential complexes near Rhode Island Ave, along with smaller vacant lots scattered throughout the neighborhood and into neighboring SMDs.    These aren't just missed opportunities for housing. Empty buildings and lots become magnets for trash, unsafe conditions, and neglect, and of course, rats. Anyone who's lived here for a while knows exactly what these vacant spaces attract, and it's a problem that keeps coming up because the buildings just keep sitting there. That takes a toll on how safe people feel on their own block, and it wears down the pride people have in their neighborhood. The real problem is simple: we have buildings sitting empty instead of being put to use.  I know an ANC commissioner can't rezone a property or force an owner to build. What I can realistically do is use the position to keep pressure on. That means working directly with property owners, the zoning commission, and DC agencies to push these sites toward actual redevelopment under the mayor's new housing initiative, showing up consistently at the meetings where these decisions get made, and making sure my neighbors' voices are part of that conversation. It won't fix everything overnight, but a commissioner who won't let these lots be forgotten is a start.","Two thousand constituents is a real number, but it isn't an excuse to govern by guesswork. My approach starts with treating outreach as the job, not an afterthought to it.  This is a neighborhood position, and I don't think it should be run like a political campaign built around my own personal platform. The decisions that come before an ANC, alley closures, zoning cases, liquor licenses, development proposals, affect real people on real blocks, and I believe those people should have a direct hand in shaping the outcome, not just a commissioner assuming they know best.  So my plan is simple and direct. I intend to go to every household in my SMD, in person, and give people a real chance to talk to me or leave their concerns behind, whether that's a conversation on their porch or a QR code they can use on their own time to reach me directly. I won't hear from all 2,000 people, and I won't pretend that whoever I do hear from speaks for everyone. But that outreach becomes the foundation I build from. It tells me what people are actually worried about, not what I assume they're worried about.  Beyond that first round of outreach, my job doesn't stop at listening once. I plan to actively work to get more people engaged with our meetings themselves, whether that means letting neighbors know when something on the agenda will actually affect them, or simply making meetings feel worth showing up to. A commissioner can't represent people who don't know a decision is being made. Part of representing this community well is making sure more of it knows what's happening and has a chance to weigh in before decisions get made, not after.  I won't have perfect information from every constituent. No commissioner does. But I'd rather build my decisions on direct, ongoing conversations with my neighbors than on my own convictions about what's best for a community I was elected to serve, not lead from the front of.","I think I'm the right person for this because I'm not running on my own agenda, I'm running to actually listen and act on what my neighbors need. This is a neighborhood position, and I believe the decisions that come out of it should be shaped by the neighborhood, not by whatever platform I walked in with.  I'm personally affected by the same things most of my neighbors are: the cost of living in this city, the feeling that homeownership here is out of reach, and yes, sometimes that uneasy feeling walking home alone at night past a block that's been dark and empty for years. I'm not approaching these issues from a distance. I live them too.  What I bring to this role is a real plan to hear from people, not just the ones who already show up to meetings, but as many of my 2,000 neighbors as I can reach, and to use that input as the actual foundation for what I push for. I want to help build a neighborhood that feels safer to walk through, that people are proud to call home, and that actually has room for the people who want to live here.  I'm not looking to lead from the front. I'm looking to represent this community as it actually is, and fight for what it actually needs.","Reliable, frequent, and affordable public transportation is one of the most impactful investments any city can make in its residents, and I will always push for greater access to it.  I'm also personally affected by the cost of living crushing this city, where rent and property costs are at the center of the problem. Right now, multiple empty lots sit unused throughout our SMD while people struggle to find housing they can afford. That land should be put to work now, and I'll push our zoning commission and ANC to make that happen.  But affordability can't just mean lower rent. I want to see real support for first-time homeowners, not investors buying a third property to rent out, but families and individuals trying to put down roots in DC, where homeownership currently feels like a joke to most residents. I'd advocate for subsidies and programs targeted specifically at first-time buyers who will actually live in and be part of this city.  I believe this matters beyond individual finances. When people have a real stake in their community, not just a lease renewal, they invest in it. They show up to ANC meetings, know their neighbors, and fight for their block, rather than treating DC as a transient stop or a place they resent for draining their paycheck. Homeownership access isn't just an economic issue for me. It's how we build a city people actually feel is theirs."
119183305143,Omar Parbhoo,,,,1D,1D05,Not enough homes,"It's more important to enable more homes, and more types of homes, in more of our neighborhoods, even if that results in pushback for “changing a neighborhood’s character.”",Means-tested or income-restricted; Subsidized,Not means-tested or income-restricted; Not rent-controlled,N/A,"District-owned housing on District-owned land, built by a District agency and managed by a District agency; District-owned housing on District-owned land, built by a private construction company and managed by a District agency","Housing that’s large enough for a family with kids and/or multi-generational members (e.g. grandparent) to comfortably live. In urban areas, this type of housing is often hard to find or unaffordable for many families.",Too many historic districts,"Yes, inducing residents and visitors to drive less should be an explicit policy goal of the District.",Too many cars,Zero,Enough parking,Enough bars and restaurants,"New housing of all types should be built throughout all neighborhoods. Building more densely near transit is important, but people also deserve the option to live in rowhomes and small apartment buildings, even if those homes are not within a set proximity to a bus stop or train station.","Yes, apartments should be legal in all parts of all the District's neighborhoods.",N/A,"Yes, height and mass should be removed from the purview of the Historic Preservation Review Board.",I agree that 15 percent of all homes in a planning area should be affordable.,There is room to build up on Mount Pleasant Street and several lots that are underutilized. I’m also interested in seeing how density can be increased in the more residential areas of our ANC.,"I would prefer to negotiate a PUD. The delay in the production of new housing is worth the potential for—if not the guarantee of—benefits such as improvements to streets and sidewalks or more income-restricted, subsidized units than are required by District law.",I would support a zoning text amendment enabling an additional home per lot in R and RF zones.,If their home is further than a 10-minute walk to a bus stop or train station.,"Yes, I support removing parking and travel lanes to build dedicated bus lanes.","Yes, I support removing parking and travel lanes to build protected bike lanes.","Yes, I support the implementation of road pricing.","Yes, I will participate in the National Week Without Driving every fall.","My children love taking public transportation, so I plan to take them with me to get groceries. Their extra hands to carry groceries will help me eliminate the need for a car.","Affordability remains a top issue in my ANC. Housing pricing have continued to rise and basic items are shooting up in price. As community that deeply values diversity, we need to make sure we don’t price out the neighbors who are part of that fabric.  Support policies that promote more abundant and affordable housing and interrogate policies that may raise costs for the most vulnerable (e.g. I’ve had many conversations about the benefits and costs of the bottle bill, an environmental win that unfortunately puts a disproportionate burden on lower-income households).","I’m running for a third term, and an advantage of doing this once more is that I’ve become more connected with my neighbors and more of them know how to reach me. I feel more able than ever to understand, communicate with, and represent the neighbors in my SMD.",I live in an incredible community and I can name many others who would be incredible in this role. But I have privilege of being the one running and I have a track record of service my neighbors with care and pride.,Thank you for all the work you do for our city!
119183303735,Nancy Groth,,,https://goodchange.app/donate/nancygroth?mk=ggwash,2C,2C02,Not enough homes,"It's more important to enable more homes, and more types of homes, in more of our neighborhoods, even if that results in pushback for “changing a neighborhood’s character.”",Means-tested or income-restricted; Subsidized; Rent-controlled; Costing no more than 30 percent of one’s household income,Not means-tested or income-restricted; Unsubsidized; Not rent-controlled; Costing more than 30 percent of one’s household income,"Affordable housing should be means-tested and no more than 30% of income of a diversity of percentages of AMI. I disagree that affordable or social housing inherently means government-owned, government-built, or that the ongoing subsidy of hyper-affordable housing has to be government-subsidized. I see a role downtown for the private, not-for-profit, and cooperative stakeholders of downtown.","District-owned housing on District-owned land, built by a District agency and managed by a private property-management company; District-owned housing on District-owned land, built by a private construction company and managed by a private property-management company","Housing units with two or more bedrooms, with secure onsite access to outdoor spaces, and walkability to schools, playgrounds, shopping, and houses of worship.",Enough historic districts,"Yes, inducing residents and visitors to drive less should be an explicit policy goal of the District.",Too many cars,One,Too much parking,Too few bars and restaurants,"New housing of all types should be built throughout all neighborhoods. Building more densely near transit is important, but people also deserve the option to live in rowhomes and small apartment buildings, even if those homes are not within a set proximity to a bus stop or train station.","Yes, apartments should be legal in all parts of all the District's neighborhoods.",N/A,"No, height and mass should not be removed from the purview of the Historic Preservation Review Board.",I agree that 15 percent of all homes in a planning area should be affordable.,"There are TEN post-pandemic office conversions in SMD 2C02: three hotel projects and seven residential. From 2024 to 2030, there are already planned to be 1,466 new residential units created in 2C02. More conversions are being considered, and I expect the list to grow during the 2027-2028 ANC term.  I have “One Big Idea” for SMD 2C02. I want to add a distinctly new kind of conversion of a former downtown office or commercial building to use as Workforce Housing for Downtown Service Workers. I am committed to the work of the learning curve and coalition building necessary to execute the One Big Idea.  My premise is that if you work Downtown and make Downtown possible for all of us, you should have a chance of living downtown. If you are a housekeeper in a hotel, a service worker back-of-house in a restaurant, a worker for a custodial, concierge, or security company serving a downtown building, a retail clerk, an entry-level medical, geriatric, or home-health aide, a gig worker making deliveries, you should not have to face a lengthy, expensive commute to affordable entry-level housing.  I want to provide adult co-housing with adult amenities. ‘Co-housing’ means a private room and bathroom, with shared facilities for cooking, eating, gathering, remote working, video gaming, and other amenities. ‘Co-housing’ is not necessarily a forever home, not family housing, not permanent supportive housing. I want the One Big Idea to serve residents at 30% AMI, costing no more than 30% of their income for rent and utilities.  I want to explore alternative funding models and sources without the automatic assumption of reliance on DC budget funding. Federal tax credits, investment by corporate, philanthropic, and corporate sources for the conversion construction costs. Ongoing support by the spectrum of private, not-for-profit, and other Downtown stakeholders should be the foundation for total costs not covered by residents’ monthly contributions.","I would prefer to negotiate a PUD. The delay in the production of new housing is worth the potential for—if not the guarantee of—benefits such as improvements to streets and sidewalks or more income-restricted, subsidized units than are required by District law.",I would support a zoning text amendment enabling an additional home per lot in R and RF zones.,If their home is further than a 10-minute walk to a bus stop or train station.,"Yes, I support removing parking and travel lanes to build dedicated bus lanes.","Yes, I support removing parking and travel lanes to build protected bike lanes.","No, I do not support the implementation of road pricing.","Yes, I will participate in the National Week Without Driving every fall.","I only take 5-8 taxi or car rides PER YEAR. I neither drive, own a car, nor have a driver's license.","Quality of life for residents, and the occasional tension between resident expectations and business stakeholders’ operations and interests. My position is that resident needs are the ultimate foundation for success in public service, AND we all need to thrive together to have the vibrant diversity of services, opportunities, medical care, restaurants, and retail outlets that our business stakeholders provide.  Continue to work as a listener, connector, collaborator, and connector.","I welcome a diversity of points of view and follow disparate media and coalitions to continue to learn the needs of my stakeholders in 2C02, ANC 2C, Ward 2, and DC. I press myself to do the ongoing work of antiracism and of becoming aware of my own bias and privilege. In ANC 2C Commission meetings, I strive to amplify the voices of all persons coming before the Commission, and to model compassion, courtesy, and good manners in public service.  I had to chuckle when I read this question, because serving a downtown SMD, I often “hear from” construction managers and permit expediters who need the Commissioner’s permission for after-hours construction permits. Moving a crane overnight, starting early to avoid summer heat, working weekends to make a deadline – in each of these situations I check Google Maps to determine nearby residences and hotels that could bear the impact, make sure the parties have coordinated with each other, and gather all reference details in my permission letter. From January 2025 to August 2026, I have done NINETY construction permission letters.","I am committed to the stakeholders of 2C02 thriving together. I DO THE WORK, and I’ve proven my ability to promote BALANCE between the needs and expectations of resident (apartment renters, condo owners, and unhoused constituents) and business (commercial property owners, hotels, corporate-chain-franchises, local businesses) stakeholders. I am passionate about the Oath I took when I became a Commissioner: to preserve, protect, and defend the Constitution of the United States, and the DC Home Rule Act.","As I end my first ANC term, I would like to post an update on the situation that gave me the call to enter public service in 2024. In 2021, DC bought the property at 1339 Green Court, NW for use by the Department of Human Services (DHS) as a 150-bed, low-barrier, men's shelter. The site itself seemed to me to be wildly unsuitable for the purpose, and I persistently asked functional questions framed by the future safety of 150 of our most vulnerable neighbors:  1) contamination of the structure by 70 years as an industrial building;  2) alley-landlocked site with no sidewalks or pedestrian access;  3) limited access to firetrucks and emergency equipment;  4) alley lot zoning restrictions requiring challengeable variances; and 5) construction challenges with no space for a crane or construction material.  In early 2025,  my persistence led DHS to task the Department of General Services (DGS) to conduct a feasibility study of the property for use as a men's shelter. No funding has been allocated for a DGS study in the FY2025, FY2026, or FY2027 Budgets, effectively shelving the project indefinitely. In May 2026, DGS confirmed that 1339 Green Court has been removed from the DHS inventory and returned to DGS.  During the entire process, I pledged to find other sites in my own SMD 2C02 for use to address the needs of our unhoused neighbors. I am thrilled that Metropolitan AME Church, on the exterior surface of their historic church, is undertaking to build 27 units of Permanent Supportive Housing for Black veterans, and I have enthusiastically supported the initial stages of zoning variances which have been approved."
119183285423,Rashida E Brown,,@rashidabrowndc,,1E,1E04,Not enough homes,"It's more important to enable more homes, and more types of homes, in more of our neighborhoods, even if that results in pushback for “changing a neighborhood’s character.”",Means-tested or income-restricted; Built by the government; Cheap; Subsidized; Rent-controlled; Costing no more than 30 percent of one’s household income,Not means-tested or income-restricted; Built by private developers; Expensive; Unsubsidized; Not rent-controlled; Costing more than 30 percent of one’s household income,"As an ANC for over 10 years, I've witnessed Black and brown neighbors being systematically displaced by rising costs and weakened protections, and how much harder it is for seniors to age in place. But the need for affordable housing impacts everyone, across income levels, ages, and ethnicities.  To me, affordable housing means income-restricted, subsidized homes where families pay no more than 30% of their income and can live with dignity alongside market-rate residents and not warehoused in concentrated sites. Market-rate housing is unsubsidized and priced by the private market, with no income-eligibility requirements. The distinction matters most in how we deploy it.  At Bruce Monroe and Park Morton, we fought for a deliberate mix: replacement units for displaced Park Morton families, additional deeply affordable units, and market-rate housing alongside them. Mixed-income development helps keep a corridor economically diverse rather than gentrifying wholesale.  Affordable housing shouldn't mean ""cheap."" It should mean high-quality, dignified housing reachable for teachers, service workers, seniors, and long-term residents whose incomes haven't kept pace with rising costs. Market-rate development also plays a role, generating the density and revenue that can make projects like Bruce Monroe financially possible. ANCs play a critical role, and I look forward to continuing this work for Park Morton, Bruce Monroe, and beyond.","District-owned housing on District-owned land, built by a District agency and managed by a District agency; District-owned housing on District-owned land, built by a District agency and managed by a private property-management company; District-owned housing on District-owned land, built by a private construction company and managed by a District agency; District-owned housing on District-owned land, built by a private construction company and managed by a private property-management company","Family-sized housing means homes with two or more bedrooms, basically enough space for a household with children, multi-generational families, or caregivers to live together without being priced out of Ward 1. As ANC Commissioner for almost 12 years, I've watched families get displaced from Park View and Pleasant Plains because so much of our new housing stock is studios and one-bedrooms built for single renters, not families who want to stay and put down roots here. We need strong policy to back the realities of today’s challenges regarding affordability and fill gaps where the inequities exist.  That's a big part of why I've prioritized seeing the Park Morton/Bruce Monroe redevelopment through: it's designed with a genuine mix of unit sizes, including family-sized replacement units, so longtime residents don't have to choose between staying in their community and finding a home big enough for their family while creating a pathway for Park Morton residents to have the first right of return and live in their newly developed property. Family-sized housing also means proximity to what families actually need day to day such as parks, schools, recreation space, which is why the permanent one-acre park planned alongside the Bruce Monroe units matters in promoting positive family outcomes and creating an inclusive, thriving community where everyone belongs no matter their income or walk of life.",Enough historic districts,"Yes, inducing residents and visitors to drive less should be an explicit policy goal of the District.",Enough cars,One,Enough parking,Too few bars and restaurants,"New housing of all types should be built throughout all neighborhoods. Building more densely near transit is important, but people also deserve the option to live in rowhomes and small apartment buildings, even if those homes are not within a set proximity to a bus stop or train station.","Yes, apartments should be legal in all parts of all the District’s neighborhoods, and I would introduce a resolution supporting the legalization of sixplexes in the Comprehensive Plan rewrite.",N/A,"Yes, height and mass should be removed from the purview of the Historic Preservation Review Board, and I would introduce a resolution supporting such a policy.","I agree that 15 percent of all homes in a planning area should be affordable, and would introduce a resolution in support of such a policy.","This is already underway in my SMD. The Park Morton/Bruce Monroe redevelopment alone will bring 273 residential units to the old Bruce Monroe School site at 3000 Georgia Avenue which is roughly 90 replacement apartments for displaced Park Morton residents, just over 100 additional units affordable at 60 percent of median family income, and about 70 market-rate units, plus community and commercial space and a permanent one-acre park. That single project, which I testified in support of before the DC Council and which ANC 1E unanimously backed by resolution which I drafted and spearheaded the process for getting ANC votes. Beyond Bruce Monroe, I'd look to the Lower Georgia Avenue corridor more broadly, continuing to support Howard University's residential and commercial projects in the pipeline, and mixed-use infill along the commercial spine between Park View and Pleasant Plains, where added density can support more affordable and family-sized units without displacing the existing rowhouse blocks around it. The goal throughout is the same one I've pushed for a decade: concentrate new density where it can do the most good along the corridor and on publicly controlled sites like Bruce Monroe, and while preserving what makes the surrounding residential blocks stable for the families who already live there. I would also support new projects along Lower Georgia Avenue and close to transit to promote economic growth, opportunity and prosperity in my community and spark revitalization along the corridor.","I would prefer to negotiate a PUD. The delay in the production of new housing is worth the potential for—if not the guarantee of—benefits such as improvements to streets and sidewalks or more income-restricted, subsidized units than are required by District law.","I would support enabling an additional home per lot in R and RF zones, and would introduce a resolution in support of such a zoning text amendment.",If their home is further than a 20-minute walk to a bus stop or train station.,"Yes, I support removing parking and travel lanes to build dedicated bus lanes, and would introduce a resolution in support of doing so in my ANC.","Yes, I support removing parking and travel lanes to build protected bike lanes, and would introduce a resolution in support of doing so in my ANC.","Yes, I support the implementation of road pricing, and would introduce a resolution in support of the District doing so.","Yes, I will participate in the National Week Without Driving every fall.","I already do most of my getting-around on foot, by Metro, and by Metrobus rather than by car and living two blocks away from Lower Georgia Avenue where I get most of my goods and basic necessities and seek entertainment make this easy for me. It feels good to know that the protected bus, bike and pedestrian improvements I've pushed for along Kenyon, Warder, and Park Place have made that stretch genuinely safer and more pleasant to move through without a car. As ANC Commissioner, I've supported DDOT's Crosstown project, which is building out pedestrian crosswalks, protected bike lanes, and priority bus lanes along Irving Street and Columbia Road in my SMD — connecting Wards 1 and 5 east-west. In my next term, I'll keep pushing for that project's thoughtful implementation, because the more those connections improve, the easier it becomes for more of my neighbors to make the same choice.","Getting the Park Morton/Bruce Monroe redevelopment to the finish line. This effort is more than a decade old, has been among ANC 1E's highest priorities the entire time I've served, and is critically important to every resident in the lower Georgia Avenue community. I'm running for re-election to this seat specifically to see it through. I'm deeply concerned about the gentrification and displacement pressure facing our Black and Brown neighbors along the corridor, and I believe the District owes it to Park Morton families to finish what we started.  If elected, I would work hard to push for a coordinated effort in bringing the selected developers and architects for Bruce Monroe’s redevelopment project, the Department of Parks and Recreation, and Deputy Mayor for Planning and Economic Development on the community engagement and construction process forward, hold the District to the one-for-one affordable replacement commitment and the right-to-return for Park Morton residents, and ensure the community design process for the permanent one-acre park alongside the housing is successful. I'll keep working with the Deputy Mayor for Planning and Economic Development, Office of Planning, Howard University, and DC Council to keep the corridor's other pipeline projects and the comprehensive plan revisions shaping them moving in the same direction.","I rely on a mix of tools, because no single one reaches everyone: resident surveys, direct business, non-profit/community stakeholder, civic association and social media engagement, door to door education and promotion,community walks, regular SMD meetings, and one-on-one time with neighbors who request it. I've used these approaches for almost 12 years on ANC 1E from documenting resident priorities for WMATA's Better Bus Network redesign to working with District Government, developments, residents and community stakeholders to organize a strong community process on Park Morton and Bruce Monroe’s redevelopment to gathering comments to inform my resolutions on the Crosstown Project and community safety investments and strategies. I know I won't hear from every one of the roughly 2,000 people I represent, and that the loudest voices at a given meeting don't automatically reflect the majority view. So I try to actively go find the residents who aren't already in the room, especially seniors, people with disabilities, renters, younger neighbors, and people who can't make an evening meeting rather than waiting for consensus to arrive on its own, while still being transparent in my decision-making. You can’t please everyone but you have to get the job done and my constituents know the tenacity and positive spirit I bring to this work and that I have everyone’s best interest in mind.","I've proudly served and represented Park View and Pleasant Plains for almost 12 years, and lived here for 20. In that time I've helped foster major transportation projects that improved pedestrian, cyclist, and driver safety throughout my SMD and beyond it. I co-founded Georgia Avenue Thrive to support small businesses and public safety along the corridor. And I've stayed in the fight for Park Morton and Bruce Monroe longer than almost anyone else at the table, testifying before the DC Council, advocating for funding, engaging the community whenever possible and helping secure ANC 1E's unanimous resolution of support. I ran for the Ward 1 DC Council seat this year because I believe deeply in this community's future, and while that race didn't go my way in the primary, it didn't change what I'm accountable for right now: making sure Bruce Monroe's 273 units — and the families waiting on them — actually get built. We experienced a major milestone in getting the support from the DC Council, ANC1E and the Zoning Commission to the finish line, however, there is more work that needs to be done. We still need to rally the community and engage them in the design process and support the Park Morton resident’s right to return. That unfinished work, and the relationships and institutional knowledge built over a decade of doing it, are exactly why I'm asking to continue as ANC1E commissioner.","I'd ask GGWash to weigh my full record on this corridor, not just this election cycle. I ran for Ward 1 Council this year and didn't win the primary but that campaign was built on the same platform reflected in this questionnaire: more homes of more types in more places, stronger and better-enforced tenant protections, and a transportation network that doesn't force people to own a car to get around. Returning to ANC 1E lets me keep pushing that agenda from the seat where I've actually had the most direct, sustained impact: shepherding Bruce Monroe through disposition extensions and a Court of Appeals challenge, working resolution by resolution with DDOT on bike lanes and bus priority, and collaborating with fellow commissioners on comp-plan language supporting bonus density along Lower Georgia Avenue. I'm not looking to start over. I'm looking to finish what a decade of this work has built toward, and I'd welcome GGWash's support in doing that."
119183246113,Jack Hermes,,,,5A,5A04,Not enough homes,"It's more important to enable more homes, and more types of homes, in more of our neighborhoods, even if that results in pushback for “changing a neighborhood’s character.”",Means-tested or income-restricted; Cheap; Subsidized; Rent-controlled; Costing no more than 30 percent of one’s household income,Unsubsidized; Not rent-controlled,"In my YIMBY mind, ideally nothing. In reality, affordable will include subsidies and benefits that increase the project's feasibility. Market-rate, is unsubsidized and usually not rent-controlled. Ideally, with proper supply, it may need not be rent-controlled.","District-owned housing on District-owned land, built by a District agency and managed by a District agency; District-owned housing on District-owned land, built by a District agency and managed by a private property-management company; District-owned housing on District-owned land, built by a private construction company and managed by a District agency","3BR+ and 1,200 SF+",Too many historic districts,"Yes, inducing residents and visitors to drive less should be an explicit policy goal of the District.",Too many cars,One,Too much parking,Too few bars and restaurants,"New housing of all types should be built throughout all neighborhoods. Building more densely near transit is important, but people also deserve the option to live in rowhomes and small apartment buildings, even if those homes are not within a set proximity to a bus stop or train station.","Yes, apartments should be legal in all parts of all the District’s neighborhoods, and I would introduce a resolution supporting the legalization of sixplexes in the Comprehensive Plan rewrite.",n/a,"Yes, height and mass should be removed from the purview of the Historic Preservation Review Board, and I would introduce a resolution supporting such a policy.",I agree that 15 percent of all homes in a planning area should be affordable.,On North Campus of Catholic University so that students can live there instead of at Monroe Street; thus increasing supply for non-student housing with those units.,"I would prefer that development in my ANC be by-right. Knowing that what is zoned is all that is possible to build creates predictability for residents and housing providers, which is worth forgoing a negotiation for possible benefits.","I would support enabling an additional home per lot in R and RF zones, and would introduce a resolution in support of such a zoning text amendment.",If their home is further than a five-minute walk to a bus stop or train station.,"Yes, I support removing parking and travel lanes to build dedicated bus lanes.","Yes, I support removing parking and travel lanes to build protected bike lanes.","Yes, I support the implementation of road pricing, and would introduce a resolution in support of the District doing so.","Yes, I will participate in the National Week Without Driving every fall.",I never drive unless I absolutely MUST,Affordability; YIMBYism  Advocate for the 3-4 development projects in my area to not be delayed and to limit nieghborhood agreements/etc to affordability requirements,Regular meetings and email servers.,"Because I worked to promote 1,000+ new units in 5A in my last term",Nope
119183244009,Andrew Heimert,,,,3D,3D01,Not enough homes,"It's more important to enable more homes, and more types of homes, in more of our neighborhoods, even if that results in pushback for “changing a neighborhood’s character.”",Costing no more than 30 percent of one’s household income,Not means-tested or income-restricted; Unsubsidized; Not rent-controlled,"The two are not mutually exclusive, as housing at a market rate may still be affordable. However, there is an undersupply by the market of affordable housing, leading to urban sprawl. It is in the District's interest to take steps to increase the availability of affordable housing.","District-owned housing on District-owned land, built by a District agency and managed by a District agency; District-owned housing on District-owned land, built by a District agency and managed by a private property-management company; District-owned housing on District-owned land, built by a private construction company and managed by a District agency; District-owned housing on District-owned land, built by a private construction company and managed by a private property-management company","Family-sized housing is housing that is sufficiently and appropriately sized for a family to live in without overcrowding and some degree of comfort. I.e., not housing designed for a single or two occupants that is instead occupied by multiple occupants (2 parents plus one or more children, and potentially other relatives).",Enough historic districts,"Yes, inducing residents and visitors to drive less should be an explicit policy goal of the District.",Too many cars,One,Too much parking,Too few bars and restaurants,"New housing of all types should be built throughout all neighborhoods. Building more densely near transit is important, but people also deserve the option to live in rowhomes and small apartment buildings, even if those homes are not within a set proximity to a bus stop or train station.","No, apartments should not be legal in all parts of all the District's neighborhoods.","It is important to balance the expectations and interests of single family homeowners, who selected a neighborhood for characteristics as they are, with the need to provide additional housing within DC. There are ample opportunities to increase density without a one-size fits all approach with respect to allowing apartments.","Yes, height and mass should be removed from the purview of the Historic Preservation Review Board.",I agree that 15 percent of all homes in a planning area should be affordable.,"While building more homes is an important goal, my SMD does not appear to have sufficient available lots to meet a goal of 210 new homes without sales of a number of existing homes to developers who could subdivide lots. There are, however, some opportunities for increased density within the existing property ownership structure.","I would prefer to negotiate a PUD. The delay in the production of new housing is worth the potential for—if not the guarantee of—benefits such as improvements to streets and sidewalks or more income-restricted, subsidized units than are required by District law.",I would not support enabling an additional home per lot in R and RF zones.,If their home is further than a 10-minute walk to a bus stop or train station.,"Yes, I support removing parking and travel lanes to build dedicated bus lanes.","Yes, I support removing parking and travel lanes to build protected bike lanes, and would introduce a resolution in support of doing so in my ANC.","Yes, I support the implementation of road pricing.","No, I will not participate in the National Week Without Driving every fall.",Anything bikeable within 10-15 minutes.,"Lack of sidewalks and walkability in some areas  Continue to pursue a complete sidewalk network, filling gaps and fixing damaged sidewalks where necessary","I would base decisions on a combination of constituent input, which I would seek to ensure is representative, along with judgment as to what best promotes the SMD's and District's long-term interests.","I have extensive experience working on neighborhood issues, including through serving on the ANC's transportation committee since its inception, including as Chair the last two years, and as a member of the AU Neighborhood Partnership. As a resident in the neighborhood of nearly 20 years, I have come to gain a sense of the concerns and preferences of residents.","1) I want to highlight my leadership role on the ANC3D Transportation Committee, which has pushed the District to install protected bicycle lanes (including the first in Ward 3 on New Mexico Ave), as well as pushing for other transportation related improvement, both facilities and safety. 2) Land and housing use questions present particular challenges in ANC3D, which is predominately single family homes on large lots. While increasing the availability of housing, whether ""affordable"" or not, is important, it is important to ensure that existing homeowners are not confronted with radical change, which is unlikely to be successful."
119183228797,Marcus Thaw,,,,5D,5D03,Not enough homes,"It's more important to enable more homes, and more types of homes, in more of our neighborhoods, even if that results in pushback for “changing a neighborhood’s character.”",Means-tested or income-restricted; Built by the government; Cheap; Subsidized; Rent-controlled; Costing no more than 30 percent of one’s household income,Not means-tested or income-restricted; Built by private developers; Unsubsidized; Not rent-controlled,"Affordable housing provides the needs of the person/people living there at a low enough price for them to afford even if their income is low. Yesterday’s market-rate housing can become tomorrow affordable housing by amortizing the cost of construction over many, many years. It doesn’t mean that it’s missing key components but it doesn’t have to have every single bell and whistle that new market-rate housing is built with. Affordable housing can also take into account metrics beyond purely housing that can combine to make living more affordable, such as excellent access to good transit, diverse nearby grocery and other stores. These are unfortunately typically priced into the cost, elevating the price for housing.","District-owned housing on District-owned land, built by a District agency and managed by a District agency; District-owned housing on District-owned land, built by a District agency and managed by a private property-management company; District-owned housing on District-owned land, built by a private construction company and managed by a District agency; District-owned housing on District-owned land, built by a private construction company and managed by a private property-management company","Simply, that a family can live in the housing – more space and large enough rooms to serve larger numbers of people, like kitchens, front door/foyars, etc. It’s important to note that increasing numbers of younger people are starting families later in life, if at all, and that people make be interested in any number of group housing situation, especially if it can mean a discount for them.",Enough historic districts,"Yes, inducing residents and visitors to drive less should be an explicit policy goal of the District.",Too many cars,Zero,Too much parking,Too few bars and restaurants,"New housing of all types should be built throughout all neighborhoods. Building more densely near transit is important, but people also deserve the option to live in rowhomes and small apartment buildings, even if those homes are not within a set proximity to a bus stop or train station.","Yes, apartments should be legal in all parts of all the District’s neighborhoods, and I would introduce a resolution supporting the legalization of sixplexes in the Comprehensive Plan rewrite.",N/A,"Yes, height and mass should be removed from the purview of the Historic Preservation Review Board, and I would introduce a resolution supporting such a policy.","I agree that 15 percent of all homes in a planning area should be affordable, and would introduce a resolution in support of such a policy.","When it comes to new housing, the answer should be anywhere and everywhere, but if push came to shove and priorities needed to be dictated in my SMD, utilizing existing transportation options to provide residents of new housing with as much access to the rest of the city as possible – Montello and Trinidad Avenues both have operating bus lines through Trinidad (that can and should be prioritized better) as does Florida Avenue, a major thoroughfare cutting across the city. While West Virginia Avenue does not have any public transportation, it is generally the most direct to access the closest metro stop, NoMa/Galluadet University, and would be another opportunity to upzone and add housing density.  Additionally, there are plenty of oversized plots, which could easily provide space for accessory dwelling units (ADUs) or “in-law suites.” Other forms of incremental growth could come from rowhome redevelopments with added stories above, conversions to denser apartments also offer potential new housing opportunities. Plus, there are two very large parking lots adjacent to Florida Avenue (on either side of a church) that could be converted to housing.","I would prefer that development in my ANC be by-right. Knowing that what is zoned is all that is possible to build creates predictability for residents and housing providers, which is worth forgoing a negotiation for possible benefits.","I would support enabling an additional home per lot in R and RF zones, and would introduce a resolution in support of such a zoning text amendment.",If their home is further than a 10-minute walk to a bus stop or train station.,"Yes, I support removing parking and travel lanes to build dedicated bus lanes, and would introduce a resolution in support of doing so in my ANC.","Yes, I support removing parking and travel lanes to build protected bike lanes, and would introduce a resolution in support of doing so in my ANC.","Yes, I support the implementation of road pricing, and would introduce a resolution in support of the District doing so.","Yes, I will participate in the National Week Without Driving every fall.","I very, very rarely drive and would have a hard time committing to substituting any current car trip to another mode. I bike 95% of the time with bus/metro making up roughly 4% and personal car/ride hailing being a tiny portion. I ALWAYS take an intercity (Amtrak) train if its even close to a viable option and typically take transit to and from the airport when i must fly.","I don’t really agree with the sentiment, but I have heard a lot that crime is an issue in our neighborhood. With humility, knowing that I don’t know all of people’s experiences, I would say even if crime is an issue, the best way to address the problem is attacking the root-cause, which in my opinion is basically access to economic opportunities and activities/programming, especially for youth and young-adults. My position on this issue is that we should absolutely prioritize people being able to access jobs across the city and entire region to the maximum extent possible and we should take every step to make their lives more affordable overall – not necessarily reducing the cost of exactly what they want like owning and operating a wildly expensive motor vehicle – but the necessary components of a life including mobility.  Increase resources going to trinidad rec center and provide additional resources in schools that help youth see options.","One of my classes in grad school for my urban planning masters was focused on transportation demand modeling and the professor’s expertise is on surveying (specifically for Metropolitan Washington Council of Governments (MWCOG)). We discussed at length how to ensure your survey reaches those that are typically harder to reach, and then, how the transportation demand model you subsequently build needs to understand the lack of access. This is a way of saying I will first be cognizant of my own and naturally-occurring biases in the process of governing. To address these deficiencies, I will first put in excessive amounts of resources (i.e. my own energy, which I have a lot of) to ensure typically underrepresented demographics are given a voice. And I will seek out representative members of groups of people to help build an understanding of neighborhood viewpoints, such as faith-based and other organizational leaders. I will do my best to stress-test findings and my own assumptions before taking action.","I have lived in my neighborhood for almost a decade and believe I have the right set of values to do the most good. My educational background is in engineering and then I recently (3 months ago) graduated with my masters in urban planning from Georgetown where I attended part time while supporting the US DOT. I believe cities are for people. We, as a government and a society, should try do everything in our power to provide for the people that are living here, and the people that could be living here if not for structural barriers. These hurdles are almost never naturally occurring situations, rather, are deliberate decisions and reflect our priorities of how to devote resources.   My days are spent thinking about how municipalities, states, and the country as a whole can build and maintain the infrastructure we need to be successful. Then, anytime I don’t have to do that, I’m thinking about how cities can be more productive, healthier, livelier, and how we can better plan them for everyone rather than just the few.","In a program full of relatively progressive urban planners all interested in maximizing the amount of housing, especially affordable housing, that society can provide, efficiently using land for people and reducing the amount of space for oversized, wasteful automobiles, I was the most radicalized. I sit squarely at the far end of the spectrum, talking of banning cars because incrementalism doesn’t wake people up to the truly irrational strangle-hold that a transportation technology has in people’s brains. To be clear, I don’t think cars are the only barrier to more efficiently using urban land and providing more housing and affordability, and they are highly important to many people for their daily lives currently. But I feel like they’re a perfect analogy for so much that is going wrong in our society. Cars have become a proxy for mobility and a baked in assumption that everyone must own one to even exist. Cars are prioritized over people even though those that are in the most need of prioritization can’t even afford the required buy-in. Cities should be a place where economies of scale deliver people more for less – housing, economic opportunity, and all amenities for a good life – but they have instead transitioned into a luxury product serving only the select few."
119183090658,Melissa L Coughlin,,,,5F,5F04,Not enough homes,"It's more important to enable more homes, and more types of homes, in more of our neighborhoods, even if that results in pushback for “changing a neighborhood’s character.”",Means-tested or income-restricted; Subsidized; Rent-controlled; Costing no more than 30 percent of one’s household income,Not means-tested or income-restricted; Unsubsidized,"While both market-rate and affordable housing are vital to a complete neighborhood ecosystem, they serve distinct functions driven by entirely different mechanisms.  Market-rate housing relies on private development and supply-demand cycles to house people at prevailing costs. It is essential because failing to build enough market-rate units only intensifies competition, bidding up prices on older housing stock and squeezing out middle-income households.  Affordable housing is deliberately structured through tools like Inclusionary Zoning, subsidies, or public intervention to decouple housing costs from speculative market pressures. It ensures that public servants, service workers, seniors, and healthcare professionals are not priced out of the communities they serve.  Ultimately, market-rate housing drives overall production and supply absorption, while affordable housing is an active equity tool that prevents displacement and keeps our neighborhoods economically diverse.","District-owned housing on District-owned land, built by a District agency and managed by a District agency; District-owned housing on District-owned land, built by a District agency and managed by a private property-management company; District-owned housing on District-owned land, built by a private construction company and managed by a District agency; District-owned housing on District-owned land, built by a private construction company and managed by a private property-management company","Families come in all shapes and sizes, but housing 3BR apartments, condos, homes or anything that can comfortably home at least 4 humans",Enough historic districts,"Yes, inducing residents and visitors to drive less should be an explicit policy goal of the District.",Enough cars,One,Enough parking,Too few bars and restaurants,"New housing of all types should be built throughout all neighborhoods. Building more densely near transit is important, but people also deserve the option to live in rowhomes and small apartment buildings, even if those homes are not within a set proximity to a bus stop or train station.","Yes, apartments should be legal in all parts of all the District's neighborhoods.",N/A,"Yes, height and mass should be removed from the purview of the Historic Preservation Review Board.","I agree that 15 percent of all homes in a planning area should be affordable, and would introduce a resolution in support of such a policy.","There are a number of blighted properties in ANC5F that could be reimagined into housing for all. There is a significant stretch of land adjacent to the Metropolitan Branch Trail that is currently unused, underused or used by an  industrial operator. Proximity to the metro, major transit corridors and the MBT would make the repurposing of these areas ideal and drive the vision of a more walkable DC.","I would prefer that development in my ANC be by-right. Knowing that what is zoned is all that is possible to build creates predictability for residents and housing providers, which is worth forgoing a negotiation for possible benefits.",I would support a zoning text amendment enabling an additional home per lot in R and RF zones.,If their home is further than a 15-minute walk to a bus stop or train station.,"Yes, I support removing parking and travel lanes to build dedicated bus lanes.","Yes, I support removing parking and travel lanes to build protected bike lanes.","Yes, I support the implementation of road pricing.","Yes, I will participate in the National Week Without Driving every fall.","Trips downtown from my residence are often completed in my vehicle or in an Uber, depending on metro conditions. I will commit to using bus/metro/bike at least twice a week for these purposes.","The defining challenge facing Edgewood (ANC 5F04) is a collision between rapid, transit-oriented housing growth and outdated public right-of-way infrastructure that still prioritizes private car storage and auto-centric movement over safety and accessibility.  As ANC Commissioner, I would leverage the commission’s advisory power to push DDOT, DPW, and private stakeholders toward proactive, systemic urbanist solutions rather than reactive complaints by: 1. Prioritizing complete streets and safe multimodal acccess, modernizing waste and public space management (replacing vulnerable trash receptacles, better enforcement of commercial and multi family property waste violations). nfrastructure fixes are most successful when neighbors are actively invested in their public spaces. I will establish recurring, community-led neighborhood cleanups and public space activation days. These events not only directly maintain our neighborhood fabric and build ""eyes on the street,"" but they also organize residents to advocate collectively for the transit-forward, people-first investments Edgewood needs.","Representing an SMD means balancing the loud, immediate voices of the most active stakeholders with the quiet, everyday needs of the broader community. o bridge that gap, I plan to establish a network of engaged neighbors to keep communication channels open across every block. Hearing about issues in real-time will allow us to shift from reactive firefighting to proactive problem-solving.  When making decisions, I will weigh direct constituent feedback against core urbanist principles and this grassroots insight, ensuring our actions protect Edgewood’s charm and multigenerational feel while actively improving safety, walkability, and transit. For decisions where consensus is split, I will lean on transparency and community-driven data to shape comprehensive plans of action that serve the entire neighborhood, not just the loudest few.","Having lived in DC proper for over 20 years and making Edgewood my home since 2020, I have a deep, enduring love for this city's dynamic culture and rich history. I was drawn to Edgewood specifically for its rare blend of walkable amenities and genuine community feel - all qualities al committed to protecting and f ostering. I bring a professional background rooted in active listening, systematic problem-solving, and managing complex, high-stakes situations with empathy and precision. I understand what it takes to look out for vulnerable populations, help seniors age in place safely, and balance the needs of a rapidly growing neighborhood. Furthermore, my with our ANC - attending monthly meetings & service as chair of the Alcohol and Cannabis Licensing committee - has given me the practical experience to navigate District agencies and deliver real results. I am running because I want to ensure Edgewood thoughtfully manages growth, maintains its multigenerational character, and remains a welcoming, safe, and connected home for every resident.",Nothing in addition to what is stated above. Thank you for the opportunity!
119183011152,Jim Malec,,https://x.com/JimMalec,,2A,2A08,Not enough homes,"It's more important to enable more homes, and more types of homes, in more of our neighborhoods, even if that results in pushback for “changing a neighborhood’s character.”",Means-tested or income-restricted; Subsidized; Costing no more than 30 percent of one’s household income,Not means-tested or income-restricted; Built by private developers; Unsubsidized,"Affordable housing carries an income restriction — a covenant, subsidy, or inclusionary set-aside tying rent to a share of area median income. Market-rate housing carries no such restriction. It’s not a difference in quality or in who deserves to live there, and ""market-rate"" does not inherently mean “expensive.” But market-rate rents are expensive here in DC, and that is a consequence of a choice we've made. When a region adds jobs and households faster than it adds homes, the existing stock gets auctioned off to whoever can bid highest. Scarcity doesn't ration housing by need; it rations by income. The result is that older buildings, which used to house teachers, service workers, and young families without any subsidy at all, get renovated and repriced — and the households they used to serve are pushed out or pushed further away. So the two categories are linked. Restricting supply doesn't preserve affordability; it destroys the unsubsidized affordability we already have and dumps the entire burden onto subsidy programs that can never be funded at the scale required. Every unit we don't build becomes a household competing for one that already exists. Dedicated affordable housing is essential — it's the only tool that reaches the lowest incomes, and I support expanding it. But it can't do the job alone. If we want market-rate housing to be affordable to anyone but the wealthiest, we have to build enough of it.","District-owned housing on District-owned land, built by a District agency and managed by a District agency; District-owned housing on District-owned land, built by a District agency and managed by a private property-management company; District-owned housing on District-owned land, built by a private construction company and managed by a District agency; District-owned housing on District-owned land, built by a private construction company and managed by a private property-management company","My wife and I just welcomed our first child. We've lived in this neighborhood for 10 years, and for the first time we're doing the math on whether we can stay. That math is what family-sized housing means to me. Concretely, it means two or more bedrooms, with a real supply of three-bedrooms — enough room that a growing household isn't choosing between staying and having somewhere to put a child. Foggy Bottom and the West End are overwhelmingly studios and one-bedrooms. Families who want to grow here largely can't, and every year a few more of them leave. But bedroom count is only half of it. Housing is family-sized when the neighborhood works for a family: a grocery store you can walk to, a playground, a school, sidewalks you can push a stroller down, transit good enough that a car is optional. We have some of that here. What we don't have is the housing to match it. Also, I want to emphasize that ""family"" is broader than two parents and a child — it includes multigenerational households, single parents, and older adults trying to age in place near their kids. And ""family-sized"" is sometimes used to stop housing rather than shape it. Demanding large units where they don't work produces no housing at all. Studios and one-bedrooms are someone's home too, and they take pressure off the units families need.",Too many historic districts,"Yes, inducing residents and visitors to drive less should be an explicit policy goal of the District.",Too many cars,Zero,Enough parking,Too few bars and restaurants,"New housing of all types should be built throughout all neighborhoods. Building more densely near transit is important, but people also deserve the option to live in rowhomes and small apartment buildings, even if those homes are not within a set proximity to a bus stop or train station.","Yes, apartments should be legal in all parts of all the District’s neighborhoods, and I would introduce a resolution supporting the legalization of sixplexes in the Comprehensive Plan rewrite.",N/A,"Yes, height and mass should be removed from the purview of the Historic Preservation Review Board, and I would introduce a resolution supporting such a policy.","I agree that 15 percent of all homes in a planning area should be affordable, and would introduce a resolution in support of such a policy.","ANC 2A is densely built, so I am a STRONG advocate for office-to-residential conversion and think the District should do much more to incentivize this — especially within the downtown core.","I would prefer that development in my ANC be by-right. Knowing that what is zoned is all that is possible to build creates predictability for residents and housing providers, which is worth forgoing a negotiation for possible benefits.",I would support a zoning text amendment enabling an additional home per lot in R and RF zones.,If their home is further than a 10-minute walk to a bus stop or train station.,"Yes, I support removing parking and travel lanes to build dedicated bus lanes.","Yes, I support removing parking and travel lanes to build protected bike lanes.","Yes, I support the implementation of road pricing, and would introduce a resolution in support of the District doing so.","Yes, I will participate in the National Week Without Driving every fall.","I admit that my softball team (Go Deep Dishers!) plays its games at Anacostia Park. This is the one instance in which I turn to a car out of conveyance, and I will commit to finding an alternative method of transport to these games. (Outside of this, I rarely drive.)","The systematic failure of District government to consistently provide basic services at an acceptable level. Residents deserve a government that can pick up the trash, keep the grass cut in our parks, prevent rodent infestations, and hold drivers accountable to the traffic laws that are designed to keep pedestrians and cyclists safe.  Use the weight of the Commission to pressure the incoming administration to focus on improving its execution of these basic services.","I know this is an unpopular opinion in some circles, but I sincerely believe community engagement is a net positive. I just do not think it should be used as a tool to slow or stop progress, nor do I think that elected officials should tailor their decisions to the loudest voices in the room. My goal is to proactively engage as many of my constituents as possible — to genuinely listen to their views, and to share my own in earnest. This is often hard work that requires having difficult conversations, especially when dealing with a contentious issue. But it's the foundation of good governance. Ultimately, we are elected based on a combination of our policy ideas, reputation, and our constituents' views of character and judgement. I make decisions based on a combination of all of this, with the goal of doing the most good I can for the most people I can — and with a focus on centering those who most need government support and protection.","I've lived in this neighborhood for a decade and, over the past four years, I have fought hard to make ANC 2A a better example of local good governance — from leading an inclusive community engagement process that paved the way for the Aston to open with broad community support, to writing and passing a set of Standard Operating Procedures that ensure the Commission operates ethically and transparently. I have consistency supported housing development and redevelopment in our community, and will continue to do so. I have also been one of our community's most outspoken critics of the Trump administration, writing and passing resolutions condemning its treatment of the unhoused and demanding that it restore public access to Lafayette Park. It would be an honor and a privilege to be re-elected to continue this work.",We need more housing everywhere in the District. I am fully in support of changing our zoning laws to allow for more development and more types of housing.
119182701957,Travis R. Swanson,,Bluesky: @travisdc.bsky.social  | Spoutible: @travis,,7B,7B03,Not enough homes,"It's more important to enable more homes, and more types of homes, in more of our neighborhoods, even if that results in pushback for “changing a neighborhood’s character.”",Means-tested or income-restricted; Built by the government; Cheap; Subsidized; Rent-controlled; Costing no more than 30 percent of one’s household income,Not means-tested or income-restricted; Built by private developers,"I believe these characteristics can each be present in affordable housing, but none is a strict requirement on its own. Government can build affordable housing directly, but private developers play an equally important role here in the District through Inclusionary Zoning (IZ) requirements. Supporting both public and private approaches lets us expand the affordable housing supply faster to meet growing demand.  Market-rate and affordable housing are often framed as opposites, but I don't think that holds up cleanly. ""Expensive"" is relative to income, so market-rate housing isn't inherently unaffordable in every case. I also don't think market-rate status alone is a good reason to exempt a unit from rent control — being market-rate shouldn't, by itself, place a unit outside those protections. I support strengthening the District's rent control laws.","District-owned housing on District-owned land, built by a District agency and managed by a District agency; District-owned housing on District-owned land, built by a District agency and managed by a private property-management company; District-owned housing on District-owned land, built by a private construction company and managed by a District agency; District-owned housing on District-owned land, built by a private construction company and managed by a private property-management company","To me, family-sized housing means units with enough bedrooms to comfortably accommodate multiple generations or multiple children, generally three or more, but that doesn't require large square footage. My SMD is full of semi-detached rowhomes that are modest in size but still offer two or three bedrooms, a meaningful step up from the studios and one-bedrooms that dominate so much of the District's newer housing stock. Family-sized housing doesn't mean sprawling floor plans; it can mean the right bedroom configuration in a compact footprint.  The District's housing stock is historically skewed toward studios and one-bedrooms, which pushes families with children toward the suburbs and erodes the intergenerational fabric of neighborhoods like the ones I represent in Ward 7. Family-sized housing also isn't only about the unit itself, it means proximity to what families need day to day: schools, parks, grocery stores, and reliable transit. I'd also note that ""family"" shouldn't be narrowly defined as parents with biological children. Grandparents raising grandchildren, multigenerational households, and blended families all need housing that fits their structure, and our affordable housing requirements should reflect that reality rather than a nuclear-family default. I support requiring a meaningful share of new affordable and mixed-income developments to include family-sized units, rather than letting developers concentrate compliance in studios and one-bedrooms.",Enough historic districts,"Yes, inducing residents and visitors to drive less should be an explicit policy goal of the District.",Too many cars,One,Enough parking,Too few bars and restaurants,"New housing of all types should be built throughout all neighborhoods. Building more densely near transit is important, but people also deserve the option to live in rowhomes and small apartment buildings, even if those homes are not within a set proximity to a bus stop or train station.","Yes, apartments should be legal in all parts of all the District's neighborhoods.",N/A,"Yes, height and mass should be removed from the purview of the Historic Preservation Review Board.",I agree that 15 percent of all homes in a planning area should be affordable.,"I believe there's significant opportunity for housing growth in ANC 7B toward meeting the presumptive mayor's goal, including in 7B03. I strongly believe we need to increase density along the Pennsylvania Ave SE corridor, serving two purposes: meeting growing demand for housing and delivering the economic development the Small Area Plan (SAP) has been working toward for over half a decade. While testifying at the BZA in favor of a zoning variance for a project on Pennsylvania Ave that added units to an existing building, I stated that I support the variance and that, more broadly, nothing on Pennsylvania Ave should be zoned R-1. As part of the SAP covering Pennsylvania Ave, a special zone was created between Fairlawn Ave and 27th St to make the corridor more attractive to developers building mixed-use spaces. In 2022, a developer purchased the old Alexander Pope Funeral Home at 2617 Pennsylvania Ave SE with plans to build a 4-story residential building. The developer has since walked away after demolishing the old building, and the lot now sits overgrown, attracting rodents and trash in our community. This is a prime location to add density in 7B03. I'd love to see ground-level retail with housing above; the lot is already inside the newly created NMU-5A/PAE zone and is shovel-ready. A 2nd strong site, elsewhere in 7B, is the parking lot behind Penn Branch Shopping Center. A proposal first floated in 2022 would have added 6,850 sq ft of ground-level retail with 175-185 single and family-sized rental units above, but it hasn't moved since. Housing and retail along this corridor go hand in hand: if we want the economic development the SAP envisions, we need the population to support it, and housing above retail builds in a customer base from day one. I'd support reviving this project. A 3rd opportunity is addressing the number of gas stations along Pennsylvania Ave. Along the 1.3-mile stretch between Fairlawn and Alabama Aves, there are six gas stations, four clustered in just the two blocks between Fairlawn and Minnesota Aves. That's too many for this stretch of road, and it's not the best use of prime real estate along the corridor. I would support the District making it easier to convert some of these sites to mixed-use buildings, while being mindful that in some cases, these stations are also a nearby source of basic groceries or snacks in areas that are food deserts, so any conversion should account for that gap rather than simply ignoring this reality. If we could reclaim even half of these sites, it would let us build dozens of new retail spaces and hundreds of new housing units. Between the Alexander Pope site, the Penn Branch redevelopment, and reclaiming even a portion of these underused gas station lots, ANC 7B has a clear and achievable path to not just meet, but exceed, the numbers needed to help the incoming mayor meet this goal while also delivering the retail and economic development our community has been waiting on for years.","I would prefer to negotiate a PUD. The delay in the production of new housing is worth the potential for—if not the guarantee of—benefits such as improvements to streets and sidewalks or more income-restricted, subsidized units than are required by District law.",I would support a zoning text amendment enabling an additional home per lot in R and RF zones.,If their home is further than a five-minute walk to a bus stop or train station.,"Yes, I support removing parking and travel lanes to build dedicated bus lanes, and would introduce a resolution in support of doing so in my ANC.","Yes, I support removing parking and travel lanes to build protected bike lanes, and would introduce a resolution in support of doing so in my ANC.","Yes, I support the implementation of road pricing.","Yes, I will participate in the National Week Without Driving every fall.","In 2024, I committed to using Capital Bikeshare more often for ANC meetings, site visits, and nearby errands. I've followed through on the errands piece — I now default to Bikeshare or bus over driving for nearly everything in the District, since I've never found the car easier than a bikeshare or a bus once you factor in city parking. ANC meetings and site visits have been slower to fully shift, though I've been biking to more of them over the past several months. This year, I'm committing to biking to ANC 7B meetings and related site visits as my default, rather than defaulting to the car as I sometimes still do out of habit or timing. Between this and my existing transit habits — I rely on WMATA for essentially all work travel, including Capitol Hill visits — the car has become the exception rather than the default for how I get around the District.","The number of vacant and blighted properties in 7B03 that sit neglected for years, in some cases decades, with nothing done about them. Some have roofs actively collapsing. Because many are rowhomes or semi-detached properties physically attached to other, occupied homes, their decay actively threatens the structural integrity of the neighboring homes they're attached to. This isn't just an eyesore; it's a safety hazard, it depresses surrounding property values, and it represents housing stock that should be part of the solution to our affordability crisis instead of sitting empty and rotting. I don't think the District can credibly talk about a 72,000-unit housing goal while doing so little to activate the vacant properties we already have. This sits alongside two other issues I hear about constantly: residual problems from the Better Bus rollout — stops without shelters, routes that don't serve our community's actual needs, and frequencies that leave residents underserved — and moments where our community has felt outright forgotten by the District, like this year when several 7B03 streets went unplowed for several days after an ice storm until I personally intervened. No resident should feel forgotten by their own government.  Continue pushing DCRA and the Department of Buildings to aggressively enforce vacant and blighted property fines, and advocate for the District to move toward demolishing the most dangerous derelict structures and billing the owners directly, rather than letting properties sit indefinitely while fines go unpaid. As a Commissioner, I don't have direct enforcement authority, but I can and will keep filing 311 reports, testifying at relevant hearings, and putting public pressure on DCRA through ANC resolutions to escalate enforcement on the worst offenders in 7B03. On Better Bus and snow removal, I'll continue what I've already been doing: submitting formal resolutions like 7B-24-03 to WMATA with specific route and shelter requests, and directly advocating with DDOT and DPW when our streets are neglected, as I did this year to get 7B03 streets plowed. Commissioners don't control these agencies, but sustained, specific, public pressure gets results, and I intend to keep applying it.","I approach decision-making as a mix of active outreach, transparency, and honesty about uncertainty rather than assuming silence means consent or that the loudest voices in the room represent the whole SMD. First, I try to widen who I actually hear from, rather than relying only on those who show up to ANC meetings, which tend to skew toward retirees, homeowners, and people with fewer scheduling constraints. That means using tools like community surveys, as I did with the Pennsylvania Avenue/Minnesota Avenue intersection redesign, canvassing directly on specific issues, and using social media and listservs to reach residents who will never attend a meeting but will respond to a direct, low-effort ask. Second, when I do hear from constituents, I try to distinguish between a genuine cross-section of opinion and an organized or vocal minority. A dozen passionate emails on one side of an issue isn't the same as a representative sample, and I try to be honest with myself and with residents about which one I'm looking at before I treat it as a mandate. Third, on issues where I can't get meaningful direct input, because perhaps they're too technical, too fast-moving, or too under-the-radar for most residents to weigh in, I rely on established public policy principles, and my own professional background in advocacy and compliance work to make a judgment call, and I try to explain that reasoning publicly rather than hiding behind ""constituent feedback"" I don't actually have. Finally, I believe part of the job is proactively surfacing issues before they become emergencies, rather than only reacting to what constituents happen to bring to me. The snow removal and vacant property issues in 7B03 are good examples: most residents don't think to email their Commissioner about unplowed streets or a rotting rowhouse next door, but part of representing them well is noticing these problems myself, investigating, and acting without waiting for a critical mass of complaints. Ultimately, I try to make decisions I can defend publicly and explain clearly, not just decisions that reflect whoever emailed me last, because being a good representative means using your judgment responsibly when you don't and can't have a full picture of every constituent's view.","I've been the Commissioner for 7B03 since 2021, and active in this community even longer, involved with the Randle Highlands Citizens Civic Association since 2015. I've spent this term proving I show up for this community, not just at ANC meetings, but in the details that make a real difference. When DDOT proposed expanding the Pennsylvania/Minnesota Avenues intersection from 8 to 10 lanes, I didn't just object, I helped pass multiple unanimous ANC resolutions, ran a community survey, hosted a public meeting, wrote publicly about it, and pushed the issue directly to DDOT's Director. We didn't win that fight, but I don't shy away from taking on the District's biggest agencies even when the odds are long. When DDOT proposed closing access to 25th Street from Pennsylvania Ave as part of that same project, I pushed back and won, keeping that access open. Professionally, I bring my government relations and advocacy background to the table locally: I know how to navigate bureaucracy, build coalitions, and apply sustained pressure on agencies that would rather residents stay quiet. I've put those same skills to use reading the fine print on zoning cases, BZA filings, and District regulations, and testifying on cases directly affecting our SMD. I'm not new to this work, and I'm not doing it for a resume line. I've spent a decade building relationships and understanding of this community, and I'm asking for the chance to keep putting that experience to work for Randle Highlands.","A few additional notes to round out my answers above. On Q10, I checked all four combinations because I consider public ownership of the land and the housing itself to be the defining feature of social housing, not who performs construction or day-to-day management. As long as the District retains ownership and control of the underlying asset, it can guarantee the unit stays permanently off the speculative market and set the terms such as rent levels, tenant protections, and eligibility regardless of who was contracted to build or manage it. This mirrors systems like Vienna's Gemeindebau and Singapore's HDB, which routinely use private contractors while remaining unambiguously public housing. Contracting out can be a practical necessity given the District's limited in-house capacity, and I don't think that should disqualify a unit from being considered social housing as long as public ownership remains the anchor, though I'd support strong contractual and oversight requirements on any private management company to ensure accountability isn't lost in the handoff.  I answered ""enough"" on Q12 regarding historic districts, but I want to be clear about what that reflects. ANC 7B doesn't currently have any historic districts, so ""enough"" is accurate to my SMD today, but it also reflects my broader view. I don't support expanding historic district designations. There's a meaningful difference between a building or landmark having historic significance worth preserving, and designating entire zones or neighborhoods as historic, which can be used to broadly restrict housing development and density. I'd rather see preservation tools used narrowly, for individual structures that genuinely warrant it, than applied at the neighborhood scale. My answer to Q15 also doesn't fully capture my view on car ownership. The realistic number of vehicles a family needs varies depending on where in the District they live and what transit is available; a family in 7B03 is in a different position than one steps from a Metro station. Rather than assume a single ""right"" number citywide, I'd rather see the District focus on making zero or one vehicle a realistic choice everywhere, through better bus frequency, protected bike infrastructure, and safer pedestrian access. On Q27 and Q28, I selected the options indicating I would introduce a resolution in support of dedicated bus lanes and protected bike lanes, and want to be clear that isn't hypothetical, I've already written and passed resolutions on these issues. Looking ahead, two priorities for the next two years: working with DDOT and NPS to finally implement resolution 7B-23-05, which calls for pedestrian and cyclist improvements on 27th Street between Naylor Road and Texas Avenue and has passed but seen no real movement; and pushing for real action on the vacant and blighted houses in 7B03 I've raised repeatedly. I'm proud of the work I've done on these issues, and I look forward to continuing it if reelected."
119182621634,Pete Loftus,,"@votepeteloftusanc, www.jpeterloftus.com",,5D,5D02,Not enough homes,"It's more important to preserve the character of our neighborhoods, and the District’s land-use regulations should reflect that.",Means-tested or income-restricted; Subsidized; Costing no more than 30 percent of one’s household income,Not means-tested or income-restricted; Built by private developers; Unsubsidized,"I believe affordable housing and market-rate housing serve different but equally important purposes in a healthy community.  I know what it's like to reside in unhealthy conditions, work and save to change that.  Affordable housing is intended to ensure that lower- and moderate-income individuals and families are not priced out of the neighborhoods where they live and work. Its cost is generally tied to household income or established affordability standards rather than simply what the private market will bear.  Market-rate housing, by contrast, is generally priced according to supply, demand, location, and overall market conditions without an affordability requirement or subsidy.  I do not believe these two forms of housing should be viewed as being in competition with one another. Washington needs housing at different income levels. Responsible growth should provide opportunities for new residents while protecting longtime residents from displacement and respecting the character of established neighborhoods.  My goal is a diverse, mixed-income community where working families, seniors, young professionals, and people at different income levels have an opportunity to call the neighborhood home.","District-owned housing on District-owned land, built by a District agency and managed by a District agency; District-owned housing on District-owned land, built by a District agency and managed by a private property-management company; District-owned housing on District-owned land, built by a private construction company and managed by a District agency; District-owned housing on District-owned land, built by a private construction company and managed by a private property-management company","To me, family-sized housing means housing that gives families enough space, stability, and affordability to put down roots and remain part of their community as their needs change.  It generally means homes with two, three, or more bedrooms, but bedroom count alone does not make housing family-friendly. Families also need adequate living and storage space, safe buildings, and reasonable access to transportation, schools, childcare, parks, recreation, groceries, and other everyday necessities.  In a growing neighborhood like Ivy City, I believe new residential development should include a meaningful number of units designed for families. If most new housing consists only of studios and one-bedroom apartments, it becomes difficult for households to remain in the neighborhood as their families grow.  Family-sized housing should also exist at different price points, including affordable and market-rate options. A strong neighborhood should provide opportunities for families of different incomes and at different stages of life.  Ultimately, family-sized housing means creating homes where people can establish roots, raise children, build relationships with their neighbors, and become long-term members of the community.",Enough historic districts,"No, inducing residents and visitors to drive less should not be an explicit policy goal of the District.",Enough cars,One,Not enough parking,Too few bars and restaurants,"New housing should be built almost exclusively near transit or on major corridors. Adding new housing is important, but so is protecting neighborhoods from change. Limiting denser development to land near transit or on major corridors is a reasonable compromise.","No, apartments should not be legal in all parts of all the District's neighborhoods.","I support building more housing in the District, including apartments, but I do not believe that every type of housing is appropriate on every block of every neighborhood.  Washington is a city of very different neighborhoods, each with its own character, infrastructure, transportation access, street configuration, historic resources, and existing housing patterns. A zoning policy that automatically allows six-unit apartment buildings everywhere does not adequately recognize those differences.  I support greater density and multifamily housing in appropriate locations, particularly along major corridors, near public transportation, and in areas where infrastructure can accommodate additional residents. I also support creating more affordable and family-sized housing.  At the same time, residents should have a meaningful voice when significant zoning changes are proposed for established residential neighborhoods. New development should consider parking, traffic, pedestrian safety, schools, utilities, public transportation, and the existing character of the surrounding community.  We can increase Washington's housing supply without adopting a one-size-fits-all approach. I favor thoughtful growth that creates more homes while respecting the characteristics and needs of individual neighborhoods.","No, height and mass should not be removed from the purview of the Historic Preservation Review Board.",I agree that 15 percent of all homes in a planning area should be affordable.,"I believe Ivy City can accommodate additional housing, but where and how it is built matters.  Rather than dramatically increasing density on established residential blocks, I would prioritize underutilized commercial and industrial properties, vacant or redevelopment-ready parcels, and locations along major transportation corridors where additional density can be accommodated responsibly.  Ivy City has historically contained a mixture of residential, commercial and industrial uses. As some properties transition away from older industrial uses, we have an opportunity to consider mixed-use redevelopment that can provide new housing while also bringing neighborhood-serving retail, services and public improvements.  Any significant residential development should take infrastructure into consideration, including public transportation, parking, traffic, pedestrian safety, utilities, schools and other services. I would also want new development to include a meaningful mix of housing, including affordable and family-sized units, rather than concentrating exclusively on studios and small apartments.  I do not believe meeting a citywide housing target should mean simply assigning an arbitrary number of units to every neighborhood regardless of local conditions. However, I believe Ivy City can contribute to Washington's housing needs through thoughtful development in appropriate locations.  My goal would be to add housing while preserving Ivy City's identity, protecting existing residents and businesses, and ensuring that new development contributes positively to the community.","I would prefer to negotiate a PUD. The delay in the production of new housing is worth the potential for—if not the guarantee of—benefits such as improvements to streets and sidewalks or more income-restricted, subsidized units than are required by District law.",I would support a zoning text amendment enabling an additional home per lot in R and RF zones.,If their home is further than a 10-minute walk to a bus stop or train station.,"No, I do not support removing parking and travel lanes to build dedicated bus lanes.","No, I do not support removing parking and travel lanes to build protected bike lanes.","No, I do not support the implementation of road pricing.","Yes, I will participate in the National Week Without Driving every fall.","I can commit to replacing some short neighborhood trips that I would normally make by car with walking. For destinations that are reasonably close and safely accessible on foot, walking is a practical alternative that reduces unnecessary vehicle trips while also allowing me to spend more time engaging with and observing my community firsthand.  As a prospective ANC commissioner, walking more frequently through the neighborhood would also give me an opportunity to identify issues such as unsafe intersections, damaged sidewalks, inadequate lighting, litter, accessibility concerns, and other quality-of-life issues that are sometimes less noticeable when traveling by car. I also support the use of e-bikes and e-scooters and look forward to the implementation of WayMo and more technological advancements in transportation and keep it economical so DC residents are able to take trips as needed.","Public safety and quality of life are the biggest issues facing Ivy City. We need effective law enforcement, but enforcement alone will not solve every problem. We also need greater access to mental-health and substance-use professionals, stronger educational opportunities, and better coordination among District agencies.  One example is the alley adjacent to the shelter in Ivy City. Poor management of this area has contributed to persistent drug activity, violence, public health and sanitation concerns, and other dangerous behavior that affects shelter residents, neighborhood residents, employees, and businesses. We must address these conditions while treating people experiencing homelessness, addiction, or mental-health crises with dignity and connecting them with appropriate services.  Parking and transportation decisions are also significant quality-of-life concerns for residents and businesses. At the same time, I want Ivy City to have more positive community activities, including arts, music, cultural events, youth programs, and neighborhood festivals.  I believe public safety means creating a neighborhood that is safe, clean, welcoming, and active for everyone.  If elected, I would use the ANC's influence and my relationships with District agencies to aggressively advocate for solutions while recognizing that an ANC commissioner cannot directly command MPD or other agencies.  I would document recurring problems, bring them formally before the ANC, request agency action and written follow-up, introduce or support ANC resolutions when appropriate, and maintain regular communication with MPD, DDOT, DPW, DBH, DHS and other agencies responsible for the issues affecting Ivy City.  For the shelter and surrounding area, I would push for coordinated action involving law enforcement, homeless-services providers, mental-health and substance-use professionals, sanitation services, shelter management, residents, and businesses. My goal would be both accountability and getting people who need help connected with appropriate services.  I would also advocate for practical solutions to parking and pedestrian-safety problems and work to bring more arts, educational programs, community events, and family-friendly activities to Ivy City.  Most importantly, I would follow up. Referring a constituent to an agency is not enough. I would track problems, communicate progress publicly, and continue pressing for action until residents receive an answer.","An ANC commissioner represents the entire community, not simply the residents who attend meetings or speak the loudest. If elected, I will make a deliberate effort to hear from people throughout my district before making important decisions.  I believe representation requires going to the community rather than expecting the community to always come to you. I will regularly walk the neighborhood, speak directly with residents and local businesses, attend community events, and use meetings, social media, email, surveys, and direct outreach to seek input. I will make a particular effort to reach people who may never attend an ANC meeting.  When an important issue arises, I will seek information from multiple sources. I will listen to those who support a proposal and those who oppose it, review the facts, consult District agencies and subject-matter experts when appropriate, and consider both the immediate and long-term consequences for Ivy City.  I will not assume that the loudest voices necessarily represent the majority. At the same time, leadership sometimes requires making a difficult decision after listening to everyone and carefully examining the facts.  Transparency will be fundamental to how I serve. Residents should know what issues are before the ANC, what position I take, why I take it, and what actions I am pursuing on their behalf.  My commitment is simple: **Your voice will always be heard.** That does not mean everyone will always agree with every decision I make. It means every constituent will be treated with respect, given an opportunity to be heard, and represented fairly—whether they voted for me or not.","I believe I am the right person to serve as ANC Commissioner because Ivy City is not simply where I am running for office—it is my home and a community I have been deeply involved with for years.  I've lived in Ivy City since 2016 and worked in the neighborhood for more than a decade. As a Director of Operations, I've experienced solving problems, managing people and budgets, working with government agencies, and bringing people with different interests together.  My commitment to public safety is demonstrated through years of cooperation with Ward 5 MPD, including providing video analysis and digital evidence that has assisted investigations. In 2025, MPD recognized me as a Ward 5 Outstanding Citizen for those efforts.  My connection to Ward 5 also goes back generations. My ancestors settled here, my father grew up in Ward 5, and members of my family are buried at Mount Olivet Cemetery in Ivy City. Serving this community is personal to me.  Most importantly, I am accessible. I walk these streets, speak with residents and businesses, see our challenges firsthand, and believe constituent concerns deserve follow-through, not just promises.  I will bring experience, energy, transparency, accountability, and a unique, left-handed, right brain burst of creativity bundled in an ANC. Whether someone agrees with me or not, **their voice will always be heard.**","My answers reflect a belief that Washington can grow without losing sight of the people and neighborhoods that make the city successful. I support creating more housing, including affordable and family-sized housing, and I welcome responsible development. At the same time, I do not believe every housing or land-use policy should be applied identically to every neighborhood.  Ivy City has a unique mixture of residential, commercial and industrial uses. New development can bring housing, jobs, neighborhood-serving businesses and investment, but residents and existing businesses should have a meaningful voice in how that growth occurs. I support greater density where appropriate while also respecting neighborhood character, infrastructure limitations and historic resources.  My transportation positions follow a similar principle of balance. I strongly support reliable public transportation, safer streets, walking and bicycle infrastructure. However, I do not believe improving one form of transportation should automatically require making another form unnecessarily difficult. Residents, seniors, families, employees and businesses have different transportation needs. In Ivy City, parking is already a significant concern, and eliminating additional parking without considering the consequences can create new problems rather than solve existing ones.  I believe government should provide people with better transportation choices rather than dictate one choice for everyone.  As an ANC Commissioner, I would approach housing, transportation and land-use decisions individually, listen to residents and businesses, examine the facts, and work toward practical compromises. I am pro-growth, but I believe growth should be responsible, inclusive and beneficial to the community that is being asked to accommodate it.  My goal is an Ivy City that welcomes new neighbors and investment while remaining a place where existing residents, families and businesses can continue to thrive."
119182597199,Isaac Bowers,,,,3A,3A03,Not enough homes,"It's more important to enable more homes, and more types of homes, in more of our neighborhoods, even if that results in pushback for “changing a neighborhood’s character.”",Means-tested or income-restricted; Cheap; Subsidized; Rent-controlled; Costing no more than 30 percent of one’s household income,Not means-tested or income-restricted; Built by private developers; Unsubsidized; Not rent-controlled,"My point of view is that market-rate housing is priced at what the market will bear. It is an important component in increasing the city’s tax base and in creating an affordable city. For example, when Austin added roughly 120,000 homes over about ten years, the rents in Class C buildings fell 11.4% and Class A rents fell 2.6%. In contrast, affordable housing is priced below that through subsidy, regulation, or building age. There are a variety of policy handles to create affordability and they need to be used correctly. Inclusionary zoning can reach roughly 50–80% of AMI before new housing development does not pencil out and nothing gets built. Deeply affordable units – which are also needed – require direct public investment rather than a requirement added onto private development. In my opinion, this is why the Office of Planning correctly proposed exempting projects with a one-third deep-affordability set-aside from design review in ZC 25-13.","District-owned housing on District-owned land, built by a District agency and managed by a District agency; District-owned housing on District-owned land, built by a District agency and managed by a private property-management company; District-owned housing on District-owned land, built by a private construction company and managed by a District agency; District-owned housing on District-owned land, built by a private construction company and managed by a private property-management company","As a basic definition, I define family sized housing as housing that is large enough for a family of at least two adults and one child to live in with separate bedrooms. So at least two bedrooms, but we also need three plus bedrooms available. And my sense is that we are not building enough housing with 3+ bedrooms. I would like to note that what doesn’t matter in my opinion is the type of building. A three-bedroom apartment is family-sized housing. So is a unit in a rowhouse conversion or a sixplex. A detached house with a yard is a preference some families have and the fact that we have written it into the into the zoning code has made it much harder for families of ordinary means to stay or move to our neighborhoods.",Too many historic districts,"Yes, inducing residents and visitors to drive less should be an explicit policy goal of the District.",Too many cars,One,Too much parking,Too few bars and restaurants,"New housing of all types should be built throughout all neighborhoods. Building more densely near transit is important, but people also deserve the option to live in rowhomes and small apartment buildings, even if those homes are not within a set proximity to a bus stop or train station.","Yes, apartments should be legal in all parts of all the District’s neighborhoods, and I would introduce a resolution supporting the legalization of sixplexes in the Comprehensive Plan rewrite.",N/A,"Yes, height and mass should be removed from the purview of the Historic Preservation Review Board, and I would introduce a resolution supporting such a policy.",I agree that 15 percent of all homes in a planning area should be affordable.,"As noted above, I think it makes sense to prioritize development along the major corridors (e.g. Wisconsin and Connecticut Avenues) and near Metro stations. Within the ANC and the city, I think that gentle density (up to sixplexes) should be allowed by right in residential zones and have introduced a resolution to that effect. Within the ANC, there are a number of sites that could be developed and make up most or all of the 1,565 units: the McDonald's/ABC block south of Van Ness, the Pepco and gas station parcel, the PNC and 7-Eleven blocks, and 4201 Wisconsin. The Office of Planning's analysis in ZC 25-13 shows these parcels supporting substantially more square footage than exists today. I've filed comments in that case arguing the design-review criteria should be objective and measurable so those projects can actually get built rather than tied up for years.","I would prefer that development in my ANC be by-right. Knowing that what is zoned is all that is possible to build creates predictability for residents and housing providers, which is worth forgoing a negotiation for possible benefits.","I would support enabling an additional home per lot in R and RF zones, and would introduce a resolution in support of such a zoning text amendment.",If their home is further than a 15-minute walk to a bus stop or train station.,"Yes, I support removing parking and travel lanes to build dedicated bus lanes, and would introduce a resolution in support of doing so in my ANC.","Yes, I support removing parking and travel lanes to build protected bike lanes, and would introduce a resolution in support of doing so in my ANC.","Yes, I support the implementation of road pricing, and would introduce a resolution in support of the District doing so.","No, I will not participate in the National Week Without Driving every fall.",I am going to work to shop for groceries on foot rather than using the car.,"The biggest issue is housing cost, and I think it's fundamentally a supply problem. Ward 3 has not built its share of housing over the last decade and the result is priced into every house and apartment.  A commissioner's formal authority is advisory, but it’s real and can be effective. In ZC 25-13, I worked with colleagues to shape the ANC's resolution and filed my own comment with the Zoning Commission arguing that design-review criteria should be objective and measurable, so large corridor projects aren't tied up for years by standards no architect can design to. I'd apply the same approach to gentle density: bring my colleagues along where I can, and make the record myself where I can't.","I hear from constituents through ANC meetings, neighborhood events, and organizations like the Cleveland Park Community Association. I have found being active and introducing resolutions helps get people involved and wanting to share their opinions.  But I try to weigh this input carefully. The people who come to a Tuesday evening ANC meeting are not a random sample of my 2,000 constituents. They skew toward homeowners, longer-tenured residents, and people with the time and flexibility to attend. Renters, younger residents, people working evening shifts, and people with small children are often underrepresented but they also have a lot at stake. Also not present are the future residents who could live here if there was more housing. So I treat what I hear as important evidence, not as a vote count. Where the input I receive conflicts with what I think serves the ANC and the district as a whole, I say so and explain why. On ZC 25-13, several of the loudest voices wanted more discretionary design review. I concluded that vague, unmeasurable review criteria would delay or block housing development on Wisconsin Avenue and raise costs for people who aren't at our meetings — including people who don't live here yet because they can't afford to – and the comments I filed individually said that. I also try to weigh input I can check against evidence — Office of Planning capacity analysis, zoning case records, election data — rather than relying only on impressions from the people who reach me.","I served a previous term as commissioner so I think there is a track record I can point to of doing the homework, making arguments on the merits, listening to my colleagues respectfully and bringing them along where possible, being willing to say what I think, and introducing substantive resolutions. I'd rather be persuasive than loud. For example, on ZC 25-13, I read the Office of Planning's supplemental report closely enough to notice that its exemption for deeply affordable projects conceded the argument about discretionary review's cost — and I used that to make the case to my colleagues. I proposed amendments to our resolution rather than introducing a competing one, worked through several drafts with the commissioner who authored it, and we ended up passing something 5-0 that asked the Zoning Commission for clear standards and a defined timetable. Where the ANC chose not to take a substantive position, I filed my own comment so the argument was in the record. I think this is what being an effect ANC Commissioner requires.","I would like to go into more detail on a couple of questions. Re the National Week Without Driving. I declined not because I disagree with the goal but because I try not to commit to things I'm not confident I'll do. We have two young children and most weeks a car trip isn't optional. What I will commit to is the policy work, which I think matters more: I'd introduce resolutions supporting dedicated bus lanes, protected bike lanes, and road pricing, and shifting more of my own grocery trips to foot. Re the affordable housing question. I checked rent control because it does produce below market rents, but I'd distinguish it from the other mechanisms listed because it isn’t be targeted by need. It may also not be that effective at producing below market rents: the Office of Revenue Analysis found rent control only delivers about a 4.6% discount against comparable Class B market-rate stock. I'd rather deliver deep affordability through direct public investment in order to reach the households that need it."
119182523238,Mike Warburton,,www.mikejw.me/4c03,,4C,4C03,Not enough homes,"It's more important to enable more homes, and more types of homes, in more of our neighborhoods, even if that results in pushback for “changing a neighborhood’s character.”",Costing no more than 30 percent of one’s household income,Not means-tested or income-restricted; Unsubsidized; Not rent-controlled,"In theory, housing could be both market-rate and affordable. But when housing is market-rate, it’s functioning primarily as a commodity, which I consider unethical and unlikely to produce sufficient and timely affordability. Interventions like rent control, housing vouchers, or the Tenant Opportunity to Purchase Act (TOPA) help blunt market-rate impacts, but are constantly eroded by market pressures and landlord lobbying. I believe long-lasting affordability and quality will only come from treating housing as a public good (like libraries or air quality) rather than as a commodity. That would mean publicly directed and/or financed construction, limiting the ability to use residences as investment vehicles, tenant control of property management, and more. In the meantime, I support building as much housing as possible under the Inclusionary Zoning (IZ) Affordable Housing Program, since that’s the best tool on the books that I know of. I’m eager to negotiate in Board of Zoning Adjustment (BZA) cases for voluntary inclusionary units and/or for additional units on new developments in order to trigger the IZ thresholds.","District-owned housing on District-owned land, built by a District agency and managed by a District agency; District-owned housing on District-owned land, built by a private construction company and managed by a District agency","Generally, I think family-sized housing means 2-6 bedrooms, so that there is space for more than 2 adults to live comfortably. “Family” often means an adult or two living with kids, but it can also mean living with multiple generations, or with cousins, or with friends who are as close as family, or with pets. I think “family-sized housing” ought to include configurations that support those dynamics as well. And that goes beyond bedrooms; it can mean multiple kitchens, or common space shared among dormitory units, or accessory dwelling units. I also want us to think outside the lot; family housing includes good parks, schools, and other amenities nearby, because it truly does take a village and we should design our environments accordingly. So, overall, I think family-sized housing should mean housing that fits people’s varied needs, rather than housing that forces people to contort or compress their lives.",Too many historic districts,"Yes, inducing residents and visitors to drive less should be an explicit policy goal of the District.",Too many cars,One,Enough parking,Too few bars and restaurants,"New housing of all types should be built throughout all neighborhoods. Building more densely near transit is important, but people also deserve the option to live in rowhomes and small apartment buildings, even if those homes are not within a set proximity to a bus stop or train station.","Yes, apartments should be legal in all parts of all the District’s neighborhoods, and I would introduce a resolution supporting the legalization of sixplexes in the Comprehensive Plan rewrite.",N/A,"Yes, height and mass should be removed from the purview of the Historic Preservation Review Board, and I would introduce a resolution supporting such a policy.","I agree that 15 percent of all homes in a planning area should be affordable, and would introduce a resolution in support of such a policy.","I think the most appealing location in 4C03 is above the eastern entrance to the Georgia Ave-Petworth Metro Station. I envision a public arcade at ground level to keep a plaza feeling, with about 6 stories of residences on top. Looking bigger, if the existing tenants gave consent and were treated with respect, I believe that whole block between Georgia Ave, Quincy St, and New Hampshire Ave has strong potential for a comprehensive increase in density. Park Place, the housing over the western entrance, holds 156 apartments, so this block on the eastern side could feasibly host all 210 new units.","I would prefer to negotiate a PUD. The delay in the production of new housing is worth the potential for—if not the guarantee of—benefits such as improvements to streets and sidewalks or more income-restricted, subsidized units than are required by District law.","I would support enabling an additional home per lot in R and RF zones, and would introduce a resolution in support of such a zoning text amendment.",If their home is further than a five-minute walk to a bus stop or train station.,"Yes, I support removing parking and travel lanes to build dedicated bus lanes, and would introduce a resolution in support of doing so in my ANC.","Yes, I support removing parking and travel lanes to build protected bike lanes, and would introduce a resolution in support of doing so in my ANC.","Yes, I support the implementation of road pricing, and would introduce a resolution in support of the District doing so.","Yes, I will participate in the National Week Without Driving every fall.","I often drove to our ANC meetings this year, while we were at an alternate location. I pledge to walk to the meetings again when we resume in September at the Petworth Library. For a little more information about my habits, I take Metro Rail to work, walk to the grocery store, love the CaBi e-bikes, and haven’t used Uber or Lyft in months, maybe years.","My target issue is the stiflingly high rent, both commercial and residential, that keeps our storefronts empty and our residents over-burdened. For example, a current proposal in 4C seeks to redevelop two properties on Upshur St and charge $45/sqft for the new commercial space. I think this high rent will limit the possible businesses, especially small, new, and local businesses, at that location in a way that is detrimental to the neighborhood.  I want rents to come down dramatically.  I would continue to use every opportunity to advocate for density, Inclusionary Zoning (IZ), and other mechanisms to keep rents low. This would include negotiations in Board of Zoning Adjustment (BZA) and Alcoholic Beverage and Cannabis Administration (ABCA) cases, ANC resolutions, and testimony to the DC Council. In my Upshur St example above, so long as concerns around trash, etc were addressed, I would support additional residences on upper floors in order to bring down the rent per unit. More generally, I support almost all of the DC YIMBY platform, particularly on the issues of setbacks, floor area ratio, car parking, and lot coverage. I want to assist potential and extant tenant unions. I support the Tenant Opportunity to Purchase Act (TOPA); I support up-zoning; and I support social housing.","First, I want my constituents to know that outreach and communication is a top priority for me in the near future. As a first-term Commissioner taking on the duties of Chair for an ANC that was in financial reporting non-compliance, I’ve focused heavily on internal concerns and on educating myself as to the powers and duties of a Commissioner. Now, I am turning to external concerns, like avenues of communication. I hope that consistent communication from me will prompt more people to share their thoughts and sentiments. I will provide this communication through our website, an email newsletter, and in-person community engagement. When it comes time to make decisions, I will draw upon these interactions as background and I will solicit opinions directly when I can. But as the question notes, that won’t be perfect. I will draw upon expertise of District agencies, other Commissioners, and DC-focused research; I will consult with trusted members of my social circle who are active and informed on areas like climate, urbanism, and race; I will continue reading books on political theory, policy, and history (I just finished The Rise and Decline of Patriarchal Systems by Nancy Folbre); and, ultimately, I will rely on my sense of ethics to find outcomes that are equitable, just, and supportive of an accessible, inclusive, sustainable DC.","I don’t know if I’m the best person to be Commissioner. But last election, as in so many SMDs, I was the only one who volunteered. My reason for volunteering again is the same: I want to serve my neighborhood and my city. Over my first term, I’ve been energized by the chance to help folks. In an atomized and alienated society like ours, I see the hyperlocal structure of ANCs as a seed for community restoration. In my 11 years of political organizing, the most effective leaders bring a combination of bureaucratic skill and social cohesion. I’ve always had an analytical mind, which has served me well in my physics major, software engineering career, and (most importantly) board game night. I think it has aided me greatly in my research and application of ANC duties, zoning regulations, governmental structures, and policy matters. But I left software because I’m disgusted by the industry’s ethics. Flock cameras, generative AI, “educational” tech, pervasive social media, invasive advertising, and Palantir mercenaries are driving us into a societal pit of despair. With 4C back in financial compliance and with a firm sense of the ANC role, I want to move beyond the bureaucratic and into the community. I’ll draw upon the same skills I used as a leader of Sunrise Movement DC, where I applied consensus-based decision making, hosted social events, fostered relationships with other organizations, and met people with warmth and an open mind. Let’s build a community, not just houses.","For question 10, I think social housing can include housing managed by a private property-management company if residents of the housing have control over that company’s operations with respect to their building. But since that is not a certainty, I’m choosing not to select those options on this form.  For question 15, my goal is for that number to be 0 cars. I also want to acknowledge families that do have 0 cars. But between the varied needs of families (especially those with disabled members), the gaps in our transit services, and a limited protected bike network, I can’t say 0 today.  For question 16, I support sacrificing parking for the sake of different infrastructure, I just want to see more support for being car-free and more foot traffic for our businesses before I say there is too much parking, which I think implies to my constituents that the parking pressures they feel aren’t real.  For question 26, given the context of the linked article, I want to be clear that I support density in all areas of the city, regardless of distance to transit. Also, the question asked about walk-times, but I would ideally consider various travel times, such as when using a wheelchair, riding a bike, etc. And lastly, I might include a slightly longer journey time in my definition if frequency and reliability of the transit were high.  Related to question 29, I actually took an interview this summer with a researcher from George Mason’s & George Washington’s research on the intersection of policymakers, air quality, and congestion pricing. It was a pleasure to see the work being done and I was happy to be a voice in support of congestion pricing."
119182167507,Cheryl A. Tracy,,Facebook,,5A,5A02,Enough homes,"It's more important to preserve the character of our neighborhoods, and the District’s land-use regulations should reflect that.",Subsidized; Costing no more than 30 percent of one’s household income,Built by private developers; Expensive; Unsubsidized; Not rent-controlled,Affordable housing is housing that is based upon your ability to pay. Market-rate housing is based upon the value of the homes with no limits,"District-owned housing on District-owned land, built by a District agency and managed by a District agency; District-owned housing on District-owned land, built by a District agency and managed by a private property-management company",A house that can comfortably accommodate the number of people,Not enough historic districts,"Yes, inducing residents and visitors to drive less should be an explicit policy goal of the District.",Too many cars,Two,Enough parking,Enough bars and restaurants,"New housing of all types should be built throughout all neighborhoods. Building more densely near transit is important, but people also deserve the option to live in rowhomes and small apartment buildings, even if those homes are not within a set proximity to a bus stop or train station.","No, apartments should not be legal in all parts of all the District’s neighborhoods, and I would oppose a resolution in support of such a policy.",Apartments in residential neighborhoods could change he value of the homes and the character of the neighborhood,"No, height and mass should not be removed from the purview of the Historic Preservation Review Board.","I agree that 15 percent of all homes in a planning area should be affordable, and would introduce a resolution in support of such a policy.",ANC 5A will get approximately 300 new homes in SMD 02 and 03. With the redevelopment of Providence would could reach over 500 new homes.,"I would prefer to negotiate a PUD. The delay in the production of new housing is worth the potential for—if not the guarantee of—benefits such as improvements to streets and sidewalks or more income-restricted, subsidized units than are required by District law.","I would support enabling an additional home per lot in R and RF zones, and would introduce a resolution in support of such a zoning text amendment.",If their home is further than a 15-minute walk to a bus stop or train station.,"No, I do not support removing parking and travel lanes to build dedicated bus lanes.","Yes, I support removing parking and travel lanes to build protected bike lanes.","No, I do not support the implementation of road pricing.","No, I will not participate in the National Week Without Driving every fall.",One less visit to a nearby store.,DC Agency Accountability and more consequence for our civil servants  Immediately I would research who has oversight of District agencies and what is done if the agency is not operating to provide the service efficiently.  Look into whether or not that At-Large Councilmembers has agency oversight and what are the penalty if found that the agency does not provide the service.,My plan will be to produce surveys to all via postal mail. Therefore each resident will have the knowledge and the ability to present their views on community issues.,At this time I am the right person to serve as ANC because I will be responsive and will inform the constituents.,No not at this time.
119182166823,Joseph Schmitt,,,,1A,1A03,Enough homes,"It's more important to enable more homes, and more types of homes, in more of our neighborhoods, even if that results in pushback for “changing a neighborhood’s character.”",Means-tested or income-restricted; Subsidized; Costing no more than 30 percent of one’s household income,Unsubsidized; Not rent-controlled,"Market-rate housing is housing that is unsubsidized and not rent-controlled. Affordable housing has some element of income restriction and/or subsidy. Rent control may be used in affordable housing, but not all rent-controlled homes count as affordable housing.","District-owned housing on District-owned land, built by a District agency and managed by a District agency; District-owned housing on District-owned land, built by a District agency and managed by a private property-management company; District-owned housing on District-owned land, built by a private construction company and managed by a District agency; District-owned housing on District-owned land, built by a private construction company and managed by a private property-management company","In general, I would say that family-sized housing means a home with 3 or more bedrooms, whether it be a detached house, rowhouse, condo, or apartment. The exact style of home isn't important. A two-bedroom home can be comfortable for a family too, but making the limit three bedrooms is an easy and well-accepted rule.",Too many historic districts,"Yes, inducing residents and visitors to drive less should be an explicit policy goal of the District.",Too many cars,Zero,Enough parking,Too few bars and restaurants,"New housing of all types should be built throughout all neighborhoods. Building more densely near transit is important, but people also deserve the option to live in rowhomes and small apartment buildings, even if those homes are not within a set proximity to a bus stop or train station.","Yes, apartments should be legal in all parts of all the District’s neighborhoods, and I would introduce a resolution supporting the legalization of sixplexes in the Comprehensive Plan rewrite.",N/A,"Yes, height and mass should be removed from the purview of the Historic Preservation Review Board, and I would introduce a resolution supporting such a policy.",I agree that 15 percent of all homes in a planning area should be affordable.,"I live in the core of Columbia Heights. Using GGWash's own ""Indicator table"" spreadsheet, my commission area, ANC 1A, is the densest ANC in DC. My Single Member District (SMD), 1A03, is the densest SMD in the densest ANC and is the 4th densest SMD in DC overall. That means both my SMD and my ANC are already more than pulling our weight when it comes to housing. On top of that, a 109-unit affordable housing building appears to be in the final stages of construction (in place of a parking lot). Additionally, a developer is trying to build an 87-unit building on a vacant lot in my SMD. That's already 196 units, and I fully support all of that. Given how dense my SMD is and how much new housing is on the way already, I don't think my neighborhood needs to be prioritized in placing those 72,000 homes. That said, there is a condemned building in my SMD that needs to be torn down and rebuilt with new housing. There's also a small church parking lot that would be good to make into something more useful, since it's empty and locked up at all times except during church hours. Outside of those two properties, I don't feel the need to push for more housing in my SMD, although if someone wants to tear down a current building and replace it with more housing, I'd be generally supportive. The same goes for ANC 1A in general, although there are probably a few lots outside my SMD in ANC 1A that could probably be used better.","I would prefer that development in my ANC be by-right. Knowing that what is zoned is all that is possible to build creates predictability for residents and housing providers, which is worth forgoing a negotiation for possible benefits.",I would support a zoning text amendment enabling an additional home per lot in R and RF zones.,If their home is further than a 10-minute walk to a bus stop or train station.,"Yes, I support removing parking and travel lanes to build dedicated bus lanes.","Yes, I support removing parking and travel lanes to build protected bike lanes.","Yes, I support the implementation of road pricing.","No, I will not participate in the National Week Without Driving every fall.","I already take the metro to work and walk when I go grocery shopping. I typically only use my car 3 times a week to play badminton in Virginia, and I generally carpool for those trips. The only regular trip I take by car that I could reasonably replace is going to get my haircut in Woodley Park. I used to take the Circulator there, but now that that's gone, it would take two buses or a bus plus a 13-minute walk.","I feel the biggest issue in my neighborhood is the number of vacant buildings, especially the storefronts on Irving Street, including the old Lou's, the old Wawa, the old Five Below, and the old CVS (the latter two are technically across the street from my SMD, but still in our neighborhood). I want new businesses in there, preferably shops or restaurants. As mentioned in a previous answer, we also have a condemned building I'd like to get torn down and replaced and a rarely-used parking lot that I would like to see better used.  As a first-time ANC candidate, I admit that I do not know exactly how much I can do to encourage the current owners of these properties to do something with them or sell them to someone who will. I would try to get in touch with the owners and do my best to persuade them. I would reach out to others in the neighborhood and in the wider DC community to help figure out ways to encourage the owners of these vacant buildings to put them to better use. I do know that DC has a process for registering vacant properties and charging them higher taxes. I would be open to exploring additional ways, financial or otherwise, to put pressure on the owners to put these properties back to good use and sponsoring resolutions to do so. As I said in an earlier answer, ANC 1A is the densest ANC in DC, and my SMD is the densest SMD in it (and 4th in DC). It's simply unbelievable that somebody can't figure out how to make money from these empty storefronts.","I've lived in 1A03 for 7 years, so I know it pretty well. However, everybody has their own experiences, and I know they can be very different from mine. I will listen to every one of my constituents who wants to speak with me, and I know I'll learn more about my neighborhood throughout my term. Also, like most ANCs, I have a day job, and I'm not going to be an expert on everything or even most things that come before me. I'll do research. I'll read the documents. I'll listen to organizations that I consider reliable sources of information and analysis. However, if elected, votes comes down to me making decisions. After hearing from people and organizations and doing the research I need, I'll make the decision I think is right for our neighborhood and for our city.","I've lived in my space place in Columbia Heights for more than 7 years now (and DC for 9 years). That's the longest I've lived in one place my whole adult life. Columbia Heights is my home. DC is my home. My Twitter handle has had ""#DCstatehood"" on it for something like 6 years now (not that an ANC commissioner can do much about that). This last primary made me really get into the problems the city faces and also all the little problems in my neighborhood. I know an ANC commissioner can't fix the city, but I'll certainly do what I can to advocate for big changes that help the whole city. However, I think the highest priority of an ANC commissioner is to focus primarily on our own neighborhoods. We have the ability to get things done (or get city officials/employees to get things done) that will address all those tiny little inconveniences that have been overlooked or that we've all come to just accept as normal. I want to do just that, and I'll put in the effort to do it.","On Question #29 on congestion pricing, I'm more undecided with a tinge of cautious support, so I took the least committed ""yes"" answer on that one. I fully accept that congestion pricing has been great for New York City, and I agree with the theory behind congestion pricing. However, the 2021 DC study was outdated by the time Mayor Bowser released it 5 years later. I think a new study is warranted that can take into account post-COVID traffic and commuting patterns and also look to NYC's experience, and I'm not saying ""a new study is needed"" in a NIMBY-like way just to delay, delay, delay. Even if economically valid, I'm also very cautious about moving forward with congestion pricing due to Congressional interference. Politically, it would require buy-in from the Representatives and Senators of our neighbors in Virginia and Maryland. Many Congresspeople would love to use their unethical power to overturn our local laws too, so congestion pricing would have to be passed at a favorable time and implemented rapidly. Overall, I'm not as anti-car as many pro-housing urbanists are though. I'm a car owner. I love having my car. I'm not going to give it up. I travel to the outer suburbs a few times a month on average. What takes me an hour in my car would take 2 transfers and 2 hours by public transportation or $60 by rideshare each way. I think residents should be able to have cars if they want them. However, I think we should make DC a city where cars aren't as necessary so that most people can live comfortably without them. I support dedicated bus lanes and protected bike lanes even though I don't often ride the bus and don't own a bike. I don't think it's a contradiction to support bike-friendly and public transportation-friendly policies while also continuing to make owning and using a car an option that one can choose, even if it's a bit more of a hassle or having to pay a bit of a premium. Along those same lines, I'm in favor of robotaxis. There are certainly questions on how to best implement them, but I'd rather they be permitted sooner rather than later. On Question #5, I said my ANC has ""enough homes"". As elaborated in some of my other answers, ANC 1A is the densest in DC. If anybody wants to develop a property to make it denser, I'll of course be supportive, but DC's focus should be on making most other neighborhoods denser. Lastly, on Question #12 on historic districts, ANC 1A only slightly overlaps with the Meridian Hill Historic District. It affects only about 3.5 blocks in ANC 1A, some of which are owned by embassies, so it's not a significant issue in this ANC. I would probably be supportive of at least reducing the part labeled ""historic"" in ANC 1A though."
119182123611,John Henderson,,,,1A,1A04,Enough homes,"It's more important to enable more homes, and more types of homes, in more of our neighborhoods, even if that results in pushback for “changing a neighborhood’s character.”",Means-tested or income-restricted; Subsidized; Costing no more than 30 percent of one’s household income,Built by private developers; Unsubsidized,Market-rated housing is not affordable in DC. Affordability requires a subsidy or mechanism like a limited-equity co-op to restrain the impact of market forces.,"District-owned housing on District-owned land, built by a District agency and managed by a District agency; District-owned housing on District-owned land, built by a District agency and managed by a private property-management company; District-owned housing on District-owned land, built by a private construction company and managed by a District agency; District-owned housing on District-owned land, built by a private construction company and managed by a private property-management company",Two or more bedrooms and designed for households with children,Enough historic districts,"Yes, inducing residents and visitors to drive less should be an explicit policy goal of the District.",Too many cars,One,Enough parking,Too few bars and restaurants,"New housing should be built almost exclusively near transit or on major corridors. Adding new housing is important, but so is protecting neighborhoods from change. Limiting denser development to land near transit or on major corridors is a reasonable compromise.","No, apartments should not be legal in all parts of all the District's neighborhoods.","Generally, apartments should be legal in all parts of DC neighborhoods. There are exceptions where the historic character of a block face may be negatively impacted by the addition of a multi-unit structure, especially if the area is more than a 10-minute walk to public transit and would be likely to increase automobile use. However, well-meaning rules, including those regarding height and mass, should not be weaponized to exclude appropriate apartment options.","No, height and mass should not be removed from the purview of the Historic Preservation Review Board.",I agree that 15 percent of all homes in a planning area should be affordable.,I do not think new housing should be built in my SMD or ANC.,"I would prefer to negotiate a PUD. The delay in the production of new housing is worth the potential for—if not the guarantee of—benefits such as improvements to streets and sidewalks or more income-restricted, subsidized units than are required by District law.",I would support a zoning text amendment enabling an additional home per lot in R and RF zones.,If their home is further than a 10-minute walk to a bus stop or train station.,"Yes, I support removing parking and travel lanes to build dedicated bus lanes.","Yes, I support removing parking and travel lanes to build protected bike lanes.","Yes, I support the implementation of road pricing.","Yes, I will participate in the National Week Without Driving every fall.","If I'm traveling at night, I will often take my car or a ride-share. I can do better by using Metro.",The biggest issue is apathy. I pledge to make the ANC known to residents as an effective forum to discuss and resolve local issues.  I would work to hold elected and appointed officials accountable to provide the quality of services to which all residents of the District are entitled and provide opportunities for residents to volunteer to improve their neighborhood.,"The ANC is intended to work for the residents by providing a forum for residents to bring their issues to the table for resolution. I will provide a meeting environment where my SMD residents feel welcome and encouraged to contribute. On issues where consensus is desired, smaller groups of stakeholders will be convened to deliberate and make recommendations.","I am the right person to represent my SMD because I have been a resident for over 25 years with expertise in urban planning, law, and parks. As a public participation advocate, I want SMD  residents to attend ANC meetings and participate in deliberations.","As an urban planner, my positions reflect the need to create and maintain balanced neighborhoods, where all residents have access to transit options, well-maintained and welcoming parks , and healthy food. A focus on increasing density without considering the capacity of the neighborhood to accommodate increased services is misguided. ANC 1A is well-served with transit options, but is a heat island and is underserved with parks. Many parks are poorly maintained with poor connectivity via sidewalks without shade."
119182107244,Daquan Johnson,,@Gildedquan,,8D,8D04,Not enough homes,"It's more important to preserve the character of our neighborhoods, and the District’s land-use regulations should reflect that.",Costing no more than 30 percent of one’s household income,Costing more than 30 percent of one’s household income,I believe that any housing be it affordable or market rate should be no less than 30% of a persons actual income.,"District-owned housing on District-owned land, built by a District agency and managed by a District agency",Family-sized housing means how ever many immediate family members that comprise that household,Not enough historic districts,"No, inducing residents and visitors to drive less should not be an explicit policy goal of the District.",Enough cars,One,Not enough parking,Too few bars and restaurants,"New housing should be built almost exclusively near transit or on major corridors. Adding new housing is important, but so is protecting neighborhoods from change. Limiting denser development to land near transit or on major corridors is a reasonable compromise.","Yes, apartments should be legal in all parts of all the District's neighborhoods.",N/A,"No, height and mass should not be removed from the purview of the Historic Preservation Review Board.",I agree that 15 percent of all homes in a planning area should be affordable.,I believe that housing should be built in place of buildings that violate the safety codes and are being held up by slum lords.,"I would prefer to negotiate a PUD. The delay in the production of new housing is worth the potential for—if not the guarantee of—benefits such as improvements to streets and sidewalks or more income-restricted, subsidized units than are required by District law.",I would support a zoning text amendment enabling an additional home per lot in R and RF zones.,If their home is further than a 20-minute walk to a bus stop or train station.,"No, I do not support removing parking and travel lanes to build dedicated bus lanes.","No, I do not support removing parking and travel lanes to build protected bike lanes.","No, I do not support the implementation of road pricing.","No, I will not participate in the National Week Without Driving every fall.",I could walk to my local gym,The biggest issue in my neighborhood is the lack of opportunities our youth have outside of school. A lot of them are receiving little to any enrichment opportunities and that will lead to other issues if left unchecked  partner with the locale recreation centers as well as the local library to start programing like a bike club or a reading club for kids to find positive outlets afterschool,"As a former educator I will make sure that I use my ability to respond to the needs of my constituents in the same manner that I responded to each of my students needs in real time. I believe in engaging the community, having conversations and building relationships is always a best practice and collaborating with my fellow ANC commissioners as well as the mayor will help me align my work with the overall goals of the cities leadership.",I am the right candidate for my SMD because I come from a service background. As a full-time teacher for 5 years and a substitute teacher for 10 I have learned the power of building strong relationships and being consistant with your vision. I believe that my SMD has the most beautiful characteristics and the people need someone who will deliver real results and fight for their needs.,Housing is a human necessity and we need representation such as myself and other leaders to begin to mimic that sentiment.
119182075548,Dominic Pacheco,,instagram: dominic4anc,,7D,7D06,Not enough homes,"It's more important to enable more homes, and more types of homes, in more of our neighborhoods, even if that results in pushback for “changing a neighborhood’s character.”",Means-tested or income-restricted; Cheap; Subsidized; Rent-controlled; Costing no more than 30 percent of one’s household income,Not means-tested or income-restricted; Built by private developers; Not rent-controlled,"Market-rate housing is simply housing that doesn't offer subsidies to tenants who opt-in to live that dwelling. It is not means or income tested, allowing the tenant to make the best decision for themselves on where it makes the most sense to live. Market-rate housing often can provide more amenities and luxuries to tenants. On the other hand, affordable housing is subsidized to offer a price that would not exist in the natural competitive market, and therefore allowing residents to enter the market at a price they can afford.","District-owned housing on District-owned land, built by a District agency and managed by a District agency; District-owned housing on District-owned land, built by a District agency and managed by a private property-management company; District-owned housing on District-owned land, built by a private construction company and managed by a District agency; District-owned housing on District-owned land, built by a private construction company and managed by a private property-management company","Family-sized housing means there is enough physical space for a family to grow and build long-term stability. Logistically, this housing should consist of homes that are two or more bedrooms.",Enough historic districts,"No, inducing residents and visitors to drive less should not be an explicit policy goal of the District.",Enough cars,One,Enough parking,Too few bars and restaurants,"New housing of all types should be built throughout all neighborhoods. Building more densely near transit is important, but people also deserve the option to live in rowhomes and small apartment buildings, even if those homes are not within a set proximity to a bus stop or train station.","Yes, apartments should be legal in all parts of all the District's neighborhoods.",N/A,"No, height and mass should not be removed from the purview of the Historic Preservation Review Board.","I agree that 15 percent of all homes in a planning area should be affordable, and would introduce a resolution in support of such a policy.","Yes, I would support adding 210 new housing units in SMD 7D06, provided the development(s) welcome a true mix of income levels to balance the nearly 500 existing dedicated affordable units in 7D06. A thoughtful and well planned development to bring market-rate units could help activate new amenities including restaurants, cafes, and other quality of life improvements to the neighborhood.","I would prefer to negotiate a PUD. The delay in the production of new housing is worth the potential for—if not the guarantee of—benefits such as improvements to streets and sidewalks or more income-restricted, subsidized units than are required by District law.",I would support a zoning text amendment enabling an additional home per lot in R and RF zones.,If their home is further than a 20-minute walk to a bus stop or train station.,"Yes, I support removing parking and travel lanes to build dedicated bus lanes.","Yes, I support removing parking and travel lanes to build protected bike lanes, and would introduce a resolution in support of doing so in my ANC.","No, I do not support the implementation of road pricing.","Yes, I will participate in the National Week Without Driving every fall.","I am already deeply committed to this goal! Because I do not own a vehicle, I rely entirely on walking, biking, Metro, and Metrobus to travel throughout the District. Embracing active transportation and public transit is already a way of life for me, allowing me to explore every part of our city sustainably without contributing to car dependency.","As I talk to my neighbors it is clear that the biggest issues in our neighborhood are public safety, general trash and cleanliness of our alleys and streets, and receiving equitable treatment and responsiveness from city agencies like DPW, DOB, and DGS. In 2026 alone, there have been multiple fatal shootings in our neighborhood involving teenagers. Our neighborhood is a hotspot for illegal dumping and neighbors often reach out to me about DPW missing their entire alley’s trash during collection days. When neighbors reach out to their city agencies, we deserve to be heard and responded to - just as much as every other ward in D.C.  Since I’ve been serving as my neighborhood’s Commissioner, I’ve made it my number one priority to build strong relationships with district agencies and Councilmember Felder’s Office to bring long-over due attention to Rosedale. I’ve organized multiple community cleanups alongside Councilmember Felder and DPW, I’ve worked with district agencies to lead a Public Safety Walk throughout our SMD, and I’ve helped advocate for new pilot programs, like the Roving Clean Team, which gives Rosedale dedicated attention from street sweepers. We’ve worked together to address multiple scofflaw vehicles, removing dangerous and abandoned vehicles from the streets. And we’ve worked with DOB to enforce that property owners do their part in securing abandoned properties that make it a safe haven for illegal activity.  As Commissioner, I will continue to bridge the gap between residents and their government, while consistently advocating for our neighborhood’s fair share of attention and resources from the District. I won’t stop until these needs are met.","I’m not sure I accept the notion that our representative can’t connect with all residents in an SMD. I am proactively engaging with neighbors on every block - especially those who are leaders and advocates with a goal to improve our district. To me, everyone in Rosedale is advocating for cleaner streets, alleys, equitable city services, safety, better housing policy, and overall improved quality of life. I have yet to meet a neighbor who opposes those values, and I lead every discussion or position I have with that starting point. While some issues like bike lanes or parking become more debated topics, I always intend to find common ground solutions that meet the needs of everyone, not just those that are the loudest. My goal will always be to make sound decisions that echo the voices of the neighbors I represent.","Rosedale is my home. The people who share this home with me have become more than just neighbors, they have become my community - even like family to me. When I purchased my home in this neighborhood nearly 4 years ago, I quickly recognized the almost-intentional lack of dedicated resources, services, and care for our neighborhood from District agencies. When I’d pick up litter along my street, I’d hear long-time neighbors say “good luck, the city will never help us.” And often they were right, we were missing leadership to advocate for these issues on our behalf.  Since becoming Commissioner in January of 2026, our neighborhood has made so much progress in addressing chronic issues related to trash collection, alley conditions, traffic safety, abandoned vehicles and homes - all symptoms of an unhealthy neighborhood. We still have a lot of work to do, especially in the scope of public safety, but I believe the investments I’ve made with Councilmember Felder and agency leaders at DPW, DOB, and DGS are the unlock to finding real solutions that better the lives of every Rosedale resident in SMD 7D06.","I think often our conversation on housing, transportation, and land use ignores incorporating the experiences and points of view of the residents who actually live in the SMD being discussed. A desirable community is one where people can comfortably live, feel safe in their homes, and afford to stay long-term to build stability for themselves.  On housing, I do believe we should build more if we want to be a neighborhood where people of all income levels, life stages, and family sizes can afford to live. It’s how we create healthy neighborhoods. That means it is critical to build both affordable and market-rate homes. At the same time, I don't think responsible growth means dismissing concerns of current residents and home-owners who have the best pulse check on their neighborhood. We shouldn’t ignore their concerns for the sake of anyone’s unchecked bias for development. Good planning should take seriously our neighbor’s questions about public safety, traffic, infrastructure, neighborhood character, tree canopies and green space, construction impacts, and the cumulative effect of development on a block or neighborhood. Residents should have a meaningful voice, and that process should be about improving proposals rather than simply deciding whether change happens at all. On transportation, I come at this from a somewhat different perspective because I don't own a car. I value having safe, convenient alternatives to driving, and I want to see continued investment in transit, sidewalks, crosswalks, and safer streets. But I don't think the people who drive should be treated as the problem. Many neighbors depend on cars for work, caregiving, disability, errands, or other parts of their lives. A good transportation policy should give people more choices without making everyday life harder for those who need or choose to drive. More broadly, I want to approach these issues with curiosity rather than a predetermined ideological answer. The best outcome won't always be the one that most neatly fits into a particular policy category. As an ANC commissioner, I want to understand the evidence, listen to residents with different experiences, and weigh neighborhood impacts alongside the larger need for safety and growth in our neighborhood. For me, a win is when a neighborhood can keep existing residents in place, change and grow in a well thought out and careful way, and can welcome new residents without making current residents feel like their concerns no longer matter. I think we can do both and I approach the ANC with that balance in mind."
119182041706,Chris Kennedy,,x.com/chrisjkennedy,,6A,6A06,Not enough homes,"It's more important to enable more homes, and more types of homes, in more of our neighborhoods, even if that results in pushback for “changing a neighborhood’s character.”",Cheap; Costing no more than 30 percent of one’s household income,Not means-tested or income-restricted; Built by private developers; Unsubsidized; Not rent-controlled,"I care about outcomes, and I support policies that get us there. DCHA has a poor record at building and managing housing. IZ mandates increase costs and kill projects. The best way to more affordable housing is building more. The best way to build more is to reduce barriers to building, not to impose mandates or favor government-run housing. At the same time, I support housing vouchers as a way to make market rate housing more affordable.","District-owned housing on District-owned land, built by a District agency and managed by a District agency; District-owned housing on District-owned land, built by a District agency and managed by a private property-management company; District-owned housing on District-owned land, built by a private construction company and managed by a District agency; District-owned housing on District-owned land, built by a private construction company and managed by a private property-management company","All types of housing (single family homes, rowhomes, apartments, etc.) that have at least two bedrooms.",Enough historic districts,"Yes, inducing residents and visitors to drive less should be an explicit policy goal of the District.",Enough cars,One,Enough parking,Too few bars and restaurants,"New housing of all types should be built throughout all neighborhoods. Building more densely near transit is important, but people also deserve the option to live in rowhomes and small apartment buildings, even if those homes are not within a set proximity to a bus stop or train station.","Yes, apartments should be legal in all parts of all the District’s neighborhoods, and I would introduce a resolution supporting the legalization of sixplexes in the Comprehensive Plan rewrite.",N/A,"Yes, height and mass should be removed from the purview of the Historic Preservation Review Board.","I do not agree that 15 percent of all homes in a planning area should be affordable, and would introduce a resolution in opposition to such a policy.","H St and Maryland Ave are the obvious places for new housing of this magnitude. That said, I support conversions.","I would prefer that development in my ANC be by-right. Knowing that what is zoned is all that is possible to build creates predictability for residents and housing providers, which is worth forgoing a negotiation for possible benefits.",I would support a zoning text amendment enabling an additional home per lot in R and RF zones.,If their home is further than a 10-minute walk to a bus stop or train station.,"Yes, I support removing parking and travel lanes to build dedicated bus lanes.","Yes, I support removing parking and travel lanes to build protected bike lanes.","Yes, I support the implementation of road pricing.","Yes, I will participate in the National Week Without Driving every fall.","I drive maybe once every two weeks, primarily for shopping in the suburbs. At this point, I drive less than 2000 miles per year.","Decline in quality of life and investment on the east end of H St NE. My position is we need to improve the investment climate, including through addressing blight and quality of life issues.  Focus on ensuring Nesso Plaza moves forward as planned. We are fortunate to have such a project slated, but the developers have already had to delay because of permitting issues. To me, this project is the best shot we have at revitalizing the neighborhood.","I plan to engage with residents through direct solicitation of requests (via website), participation in community events, and walking around the neighborhood. I've also been working to meet business owners in my SMD. I've knocked on at least 100 doors already.",I'm a 13 year resident of the neighborhood. I've been a tenant and landlord. I owned a business (Reliable Tavern) for seven years and understand the challenges facing businesses in DC. And I'm an economist who understands the research on issues ranging from public safety to traffic safety to housing. I've written publicly about many of these issues.,"A few things. On housing: I plan to support the needs and priorities of homeowners, renters, investors and landlords in my district. That means:  - For homeowners, taking into account parking concerns (and pushing for expanded and more reliable public transportation in our SMD, which is a mile from the nearest metro). Also, design issues. Many of my potential constituents moved to this area because of the lovely row homes. Conversions that spoil the view reduce support for more housing. I understand this can increase costs, but it is a drop in the bucket compared to IZ mandates. - For renters, dealing with problematic landlords who fail to remedy issues and cause a nuisance for neighbors, thereby reducing community support for denser development. There is a multi-unit building in our SMD seeking to add another story. Unfortunately, that building has been a major nuisance, especially on trash issues. My neighbors support more housing, but situations like this are not helpful. There needs to be a more effective way to ensure our multi-unit landlords act as responsible neighbors. That helps build support for more housing. - For investors, streamlining and approving both residential and commercial development projects, and pushing back against inclusionary zoning or parking requirements. I believe that residents of new large residential buildings should not be eligible for residential parking permits.  - For landlords, helping them deal with problem tenants. We face a crisis in our rental market because the city has failed to reform pandemic-era rules on evictions. This is depressing investment and keeping units offline or encouraging conversions to condos. On transportation: I support bike lanes but the biggest challenge now is the failure of DC to enforce traffic laws. I ride to work every day. Bike lanes are nice but dangerous drivers really don't care. Please see my substack post on Capital Commonsense for a data-driven analysis of this issue."
119181789312,Ty'on L. Jones,,@TJfor8A06,https://secure.actblue.com/donate/tjfor8a06,8A,8A06,Enough homes,"It's more important to preserve the character of our neighborhoods, and the District’s land-use regulations should reflect that.",Subsidized; Costing no more than 30 percent of one’s household income,Not means-tested or income-restricted; Not rent-controlled; Costing more than 30 percent of one’s household income,Affordable housing is income restricted. Market-rate is not.,"District-owned housing on District-owned land, built by a District agency and managed by a District agency; District-owned housing on District-owned land, built by a private construction company and managed by a District agency",Housing that contains 3 or more bedrooms,Enough historic districts,"Yes, inducing residents and visitors to drive less should be an explicit policy goal of the District.",Too many cars,One,Enough parking,Too few bars and restaurants,"New housing of all types should be built throughout all neighborhoods. Building more densely near transit is important, but people also deserve the option to live in rowhomes and small apartment buildings, even if those homes are not within a set proximity to a bus stop or train station.","Yes, apartments should be legal in all parts of all the District's neighborhoods.","We can build more housing without building everywhere the same way. A large apartment building may make sense along major corridors, near transit, or in areas already designed for greater density. But placing a large, out-of-scale development in a neighborhood of historic row houses or within a historic district (like historic Anacostia) can fundamentally change the character of the neighborhood.","No, height and mass should not be removed from the purview of the Historic Preservation Review Board, and I would oppose a resolution in support of such a policy.","I agree that 15 percent of all homes in a planning area should be affordable, and would introduce a resolution in support of such a policy.","Bridge District, Howard Road, Anacostia Metro Station Area","I would prefer that development in my ANC be by-right. Knowing that what is zoned is all that is possible to build creates predictability for residents and housing providers, which is worth forgoing a negotiation for possible benefits.",I would support a zoning text amendment enabling an additional home per lot in R and RF zones.,If their home is further than a 15-minute walk to a bus stop or train station.,"Yes, I support removing parking and travel lanes to build dedicated bus lanes, and would introduce a resolution in support of doing so in my ANC.","Yes, I support removing parking and travel lanes to build protected bike lanes, and would introduce a resolution in support of doing so in my ANC.","Yes, I support the implementation of road pricing, and would introduce a resolution in support of the District doing so.","Yes, I will participate in the National Week Without Driving every fall.",Costcos trip. Often times I believe I will leave with a car load of stuff and never do.,"Anacostia residents do not have the same access to consistent, quality necessities, services, and amenities that residents in other parts of the District take for granted.  Bring residents, businesses, community organizations, government agencies, and other stakeholders to the table to think creatively and collaboratively and draft a plan about how we can change that reality.","In addition to building a process to engage those who are missing from regular conversations, I plan to use evidence and data along the public input that I obtain when making decisions as a representative.","I understand both the community and how government works. I know what it means to listen to residents, bring the right people to the table, navigate government systems, and turn concerns into solutions. I bring experience, action, and results.","I support increasing various housing, especially affordable housing across the District but it can not continue to be concentrated in the neighborhoods that have already carried the burden. Balanced growth creates stronger communities and better economic oppurunity and Anacostia residents are overdue for it."
119181760188,Andrew Waks,,https://andrewwaks.com/,,5E,5E03,Not enough homes,"It's more important to enable more homes, and more types of homes, in more of our neighborhoods, even if that results in pushback for “changing a neighborhood’s character.”",Means-tested or income-restricted; Subsidized; Rent-controlled,Not means-tested or income-restricted; Unsubsidized; Not rent-controlled,Market-rate housing's price is determined by market forces. Affordable housing's price is significantly influenced by government interventions to ensure that it remains below the market rate.,"District-owned housing on District-owned land, built by a District agency and managed by a District agency; District-owned housing on District-owned land, built by a District agency and managed by a private property-management company; District-owned housing on District-owned land, built by a private construction company and managed by a District agency; District-owned housing on District-owned land, built by a private construction company and managed by a private property-management company","To me, family-sized housing means residences with at least two bedrooms and meaningful living and storage space.",Too many historic districts,"Yes, inducing residents and visitors to drive less should be an explicit policy goal of the District.",Too many cars,One,Enough parking,Too few bars and restaurants,"New housing of all types should be built throughout all neighborhoods. Building more densely near transit is important, but people also deserve the option to live in rowhomes and small apartment buildings, even if those homes are not within a set proximity to a bus stop or train station.","Yes, apartments should be legal in all parts of all the District’s neighborhoods, and I would introduce a resolution supporting the legalization of sixplexes in the Comprehensive Plan rewrite.",N/A,"Yes, height and mass should be removed from the purview of the Historic Preservation Review Board, and I would introduce a resolution supporting such a policy.","I agree that 15 percent of all homes in a planning area should be affordable, and would introduce a resolution in support of such a policy.","New housing can and should be built in SMD 5E03 on the long-vacant “Mamo lot” located at 1600 North Capitol St NW. The rest of the SMD consists of rowhouses within a historic district, so further development opportunities are limited. That said, ensuring property owners have flexibility to subdivide homes into additional units could help to add more housing, and so could eventually converting (once market conditions allow) the large gas station located at the intersection of Rhode Island Ave NW and Florida Ave NW.","I would prefer to negotiate a PUD. The delay in the production of new housing is worth the potential for—if not the guarantee of—benefits such as improvements to streets and sidewalks or more income-restricted, subsidized units than are required by District law.","I would support enabling an additional home per lot in R and RF zones, and would introduce a resolution in support of such a zoning text amendment.",If their home is further than a 10-minute walk to a bus stop or train station.,"Yes, I support removing parking and travel lanes to build dedicated bus lanes, and would introduce a resolution in support of doing so in my ANC.","Yes, I support removing parking and travel lanes to build protected bike lanes, and would introduce a resolution in support of doing so in my ANC.","Yes, I support the implementation of road pricing, and would introduce a resolution in support of the District doing so.","Yes, I will participate in the National Week Without Driving every fall.","Sometimes I drive to the grocery store (when, I'll admit, I'm simply feeling lazy), and can certainly commit to walking or biking more frequently instead!","In my opinion, the biggest issue in our neighborhood is pedestrian safety. North Capitol Street is functionally a highway that cuts through the middle of a residential neighborhood. The road encourages dangerous, high-speed driving, and the sidewalks and pedestrian infrastructure are terrible. First Street NW is better, but by no means ideal—drivers routinely ignore stop signs, and there is minimal traffic calming infrastructure. The result is an environment that is hostile to pedestrians and the neighborhood, and that serves no one except for out-of-state drivers speeding through our community.  I have passed resolutions and advocated with the DC government for several changes, and will continue to do so if reelected. Those include permanent traffic calming infrastructure on First ST NW, including speed bumps, raised crosswalks, stop-sign cameras, and permanent sidewalk bump-outs; and a full overhaul of North Capitol St NW, including sidewalk expansions, protected bus lanes, increased mixed-use zoning, and (once federal funding is once again a realistic possibility) a deck-over or full “community boulevard” conversion.","Resident input is invaluable for knowing where safety improvements are most needed, and I often seek (and will continue to seek) resident input to know where to target my advocacy for pedestrian safety improvements. But when it comes to issues like increasing density, expanding transit access, or permitting businesses to operate, I think Commissioners often hear from a very small group of residents who are opposed to improvements that would benefit the community as a whole. If I believe a zoning or transit change would benefit the community and I hear opposition from a small group of opponents, I will still support the change. However, if I were to hear widespread opposition from a very large cross-section of the community, then I would more seriously reconsider my support for the proposal.","I am a passionate advocate for pedestrian safety, transit access, and economic opportunity. Although I have only been a commissioner for a few months (following a special election), I have relentlessly advocated for pedestrian safety improvements on First Street and North Capitol Street and for WMATA to acknowledge and correct its failure to provide reliable bus service in Bloomingdale. I also understand how deeply unaffordable our city has become—in my day job, I am a union lawyer, and I know that working people are being increasingly priced out of DC. As a lawyer, I fight to make sure they are paid fairly for their labor. And as a Commissioner, I fight (and will continue to fight) to make sure our city builds enough housing to ensure that working people are not forced to spend most of that fair pay just to afford a place to live.",N/A
119181702322,Josh Mahan,,none at the moment,,4C,4C02,Not enough homes,"It's more important to enable more homes, and more types of homes, in more of our neighborhoods, even if that results in pushback for “changing a neighborhood’s character.”",Means-tested or income-restricted; Cheap; Subsidized; Rent-controlled; Costing no more than 30 percent of one’s household income,Not means-tested or income-restricted; Built by private developers; Unsubsidized; Not rent-controlled,"I think affordable housing requires some sort of government mechanism to guarantee the ""affordable"" part. Market-rate housing doesn't necessarily have to be expensive but it often is because there's no inherent price ceiling and DC has a constrained supply of houses compared to the demand. I don't think the two are opposed, necessarily, but they serve different functions and are both pieces of the puzzle in good city development.","District-owned housing on District-owned land, built by a District agency and managed by a District agency; District-owned housing on District-owned land, built by a private construction company and managed by a District agency","Family-sized housing allows two or more people (often spanning multiple generations) to live together comfortably. In practice, that generally means at least 2 bedrooms and 2 bathrooms, with enough shared common space for day-to-day function. Families need room to cook, work, and host guests without tripping over each other, and family-sized housing should be able to accommodate that. I think DC housing tends to skew towards smaller studios and 1-bedrooms, which pushes families out of the city.",Enough historic districts,"Yes, inducing residents and visitors to drive less should be an explicit policy goal of the District.",Enough cars,One,Enough parking,Enough bars and restaurants,"New housing of all types should be built throughout all neighborhoods. Building more densely near transit is important, but people also deserve the option to live in rowhomes and small apartment buildings, even if those homes are not within a set proximity to a bus stop or train station.","Yes, apartments should be legal in all parts of all the District's neighborhoods.",N/A,"Yes, height and mass should be removed from the purview of the Historic Preservation Review Board.",I agree that 15 percent of all homes in a planning area should be affordable.,"I think the biggest opportunity for new housing in 4C02, and 4C more broadly, is along the major corridors — Georgia Ave and 14th Street. I think it would be smart to look for places where we can build atop existing commercial or government structures. For example, the Wendy's on Georgia Ave is a single-level structure with a massive footprint and has untapped potential for housing without touching existing residential.","I would prefer to negotiate a PUD. The delay in the production of new housing is worth the potential for—if not the guarantee of—benefits such as improvements to streets and sidewalks or more income-restricted, subsidized units than are required by District law.",I would support a zoning text amendment enabling an additional home per lot in R and RF zones.,If their home is further than a 10-minute walk to a bus stop or train station.,"Yes, I support removing parking and travel lanes to build dedicated bus lanes.","Yes, I support removing parking and travel lanes to build protected bike lanes.","Yes, I support the implementation of road pricing.","Yes, I will participate in the National Week Without Driving every fall.","I play in a weekly volleyball league on the other side of the city, and alternate between driving and biking there but I'd commit to biking it 100% of the time. It's a good warmup, if nothing else!","My SMD is fortunate to be in a relatively strong position overall, but one recurring issue is that many streets don't feel safe, particularly if you're not in a car. I support expanding bike lanes throughout the ANC, particularly on corridors where residents already report near-misses or avoid biking altogether. I think well-implemented bike lanes not only add space for cyclists but also slow down traffic, making streets safer for everyone. I do also think, though, that it has to be done thoughtfully: in the right locations and in ways that don't cut off access for drivers, delivery vehicles, or residents who depend on cars.  I'd work to establish a strong, consistent line of communication with fellow 4C02 residents. A key part of the job is hearing the most pressing concerns and using the authority of the office to elevate them — I'd like to start a monthly newsletter, and maybe even hold ""office hours"" at local businesses for residents who'd like to meet face-to-face. Commissioners don't control city agencies or set citywide policy, but we have real leverage through formal input and by virtue of just being a visible elected official. My biggest overarching goal would be to use that position to make sure residents' concerns are actually heard by the people who can act on them.","Some priorities don't need explicit, widespread consensus. Things like trash pickup and repairing broken infrastructure are broadly shared quality-of-life basics, and I'd want to move on those without waiting for extensive input. Beyond that, I'll also rely on my own lived experience and judgment as a 4C02 resident — for example, bringing my perspective as a commuter on 14th Street and Georgia Avenue into decisions like liquor license reviews, where familiarity with a block can be just as critical as reviewing the application paperwork. Lastly, neighborhood-level systems for disseminating and collecting information already exist — listservs, group chats, and so on — and as a commissioner I'd want to plug into those to aid the flow of information. I think a great question to ask my neighbors would be, ""Where do you get information about the neighborhood?""","I've lived in 4C02 for almost a decade, and in that time I've come to love this neighborhood and know it intimately. I frequently walk and bike each street, from Georgia Ave to 14th Street, and participate in our local community garden at Twin Oaks.  I believe the job requires a passion for building connections and being a voice for residents. I want to listen to my fellow 4C02'ers AND I have a concrete plan for doing so. I strongly believe in the power of community and want to help build that further during my tenure.",Nope!
119181697251,Danielle Henry,,https://www.facebook.com/profile.php?id=61593401844782,https://secure.actblue.com/donate/danielle-henry-1,5C,5C02,Not enough homes,"It's more important to enable more homes, and more types of homes, in more of our neighborhoods, even if that results in pushback for “changing a neighborhood’s character.”",Means-tested or income-restricted; Cheap; Subsidized; Rent-controlled; Costing no more than 30 percent of one’s household income,Not means-tested or income-restricted; Unsubsidized; Costing more than 30 percent of one’s household income,"Both affordable housing and market-rate housing are ok, provided we have a sufficient amount of housing stock so that our neighbors aren't priced out of their neighborhood.","District-owned housing on District-owned land, built by a District agency and managed by a District agency; District-owned housing on District-owned land, built by a District agency and managed by a private property-management company; District-owned housing on District-owned land, built by a private construction company and managed by a District agency",Family housing means multi-bedroom housing that provides a comfortable space for a family. This includes intergenerational families. My community has a wide age-range and their needs don't look the same from family to family.,Enough historic districts,"Yes, inducing residents and visitors to drive less should be an explicit policy goal of the District.",Enough cars,Two,Enough parking,Too few bars and restaurants,"New housing of all types should be built throughout all neighborhoods. Building more densely near transit is important, but people also deserve the option to live in rowhomes and small apartment buildings, even if those homes are not within a set proximity to a bus stop or train station.","Yes, apartments should be legal in all parts of all the District's neighborhoods.",N/A,"Yes, height and mass should be removed from the purview of the Historic Preservation Review Board.","I agree that 15 percent of all homes in a planning area should be affordable, and would introduce a resolution in support of such a policy.","Ivy City would be a good start in terms of density, and it's already happening. The area near EchoStage could also work, provided the units have adequate soundproofing and the businesses near there are willing to be good neighbors.","I would prefer to negotiate a PUD. The delay in the production of new housing is worth the potential for—if not the guarantee of—benefits such as improvements to streets and sidewalks or more income-restricted, subsidized units than are required by District law.",I would support a zoning text amendment enabling an additional home per lot in R and RF zones.,If their home is further than a 15-minute walk to a bus stop or train station.,"Yes, I support removing parking and travel lanes to build dedicated bus lanes.","Yes, I support removing parking and travel lanes to build protected bike lanes.","Yes, I support the implementation of road pricing, and would introduce a resolution in support of the District doing so.","Yes, I will participate in the National Week Without Driving every fall.","I work from home 99% of the time. Aside from driving my children to school (I will NOT let my kids cross Rhode Island Ave on a bike) and occasionally going to doctor's appointments that aren't Metro accessible, I don't drive all that much, and rarely to places in walking distance. (But I'm also not comfortable walking alone as a woman in the late evening.) Most of the time I drive to the Metro, because the bus in my area can be dicey off-peak. I also fear this question assumes that a candidate is able-bodied enough to access bus stops in my area or can easily acquire/ride a bike. Not that I can't do these things, but I live in a valley of sorts. The bus stop is up a steep hill and not everyone can manage it. I'm not avoiding the question necessarily, but I don't think it factors in some issues unique to my SMD.","Road safety. Your own map indicates 35,000 crashes in Ward 5 in the past ten years. We need to restore some sanity and balance on the major thoroughfares in our area.  Help my neighbors of all ages access city services. DC.gov is hard to navigate for no reason, and many older residents don't have enthusiasm/interest in conducting business online. I'd also advocate for road-calming measures on South Dakota, Bladensburg and Rhode Island Ave NE.","I plan to regularly knock doors, mail and email important updates, and provide ""office hours"" at local businesses to listen to as many people as possible. The gift of 5C02 is that few of us are shy or quiet. That being said, I'm a strong proponent of data-based decisions. I read studies, I look to relevant examples. I would talk to neighborhood leaders and groups, especially the folks that have lived here longer than I have.","I've lived here nearly 20 years. On my block that still makes me a newcomer to the more-established residents, and a veteran to the newer folks. I work hard to build community connections in my neighborhood. I served as board chair for Rhode Island Ave Main Street for many years because of my commitment to the area. I also believe I have the temperament to listen to ALL my neighbors and navigate all of their needs for the betterment of us all.","My responses on transportation are framed by the fact that I live in a very car-centric area of the city. I'm not sure we can ask folks to abandon their cars before we make bus transit more reliable. My neighborhood has a lot of young families and elderly folks. These are not constituencies that will abandon their cars entirely. I think we can drastically reduce car use, but it needs to come in tandem with greater access to transit."
119181650634,LaDan Wallace Johnson,,,,7C,7C06,Not enough homes,"It's more important to enable more homes, and more types of homes, in more of our neighborhoods, even if that results in pushback for “changing a neighborhood’s character.”",Costing no more than 30 percent of one’s household income,Not means-tested or income-restricted; Built by private developers; Unsubsidized,"Essentially, affordable housing is designed to keep housing costs lower for people who meet certain income requirements and is often supported by government programs or subsidies. Market-rate housing is generally unsubsidized and priced based on current economic conditions, supply, demand, and the local housing market.","District-owned housing on District-owned land, built by a District agency and managed by a District agency; District-owned housing on District-owned land, built by a District agency and managed by a private property-management company; District-owned housing on District-owned land, built by a private construction company and managed by a District agency; District-owned housing on District-owned land, built by a private construction company and managed by a private property-management company","Family-sized housing means having enough space for families to grow and for multiple generations to live together comfortably, while supporting extended family connections and long-term stability across generations.",Not enough historic districts,"Yes, inducing residents and visitors to drive less should be an explicit policy goal of the District.",Enough cars,One,Enough parking,Too few bars and restaurants,"New housing of all types should be built throughout all neighborhoods. Building more densely near transit is important, but people also deserve the option to live in rowhomes and small apartment buildings, even if those homes are not within a set proximity to a bus stop or train station.","Yes, apartments should be legal in all parts of all the District’s neighborhoods, and I would introduce a resolution supporting the legalization of sixplexes in the Comprehensive Plan rewrite.",N/A,"Yes, height and mass should be removed from the purview of the Historic Preservation Review Board.","I agree that 15 percent of all homes in a planning area should be affordable, and would introduce a resolution in support of such a policy.","My SMD does not have enough available land to reasonably support 210 new homes. However, I do believe that where land is available, we should consider a mix of housing types that increases density while fitting the surrounding community. Looking at the ANC as a whole, I believe we do have the capacity for additional housing, particularly near Metro stations and along major transit corridors. Residents in Ward 7 are often told that we do not have enough population density or household income to support the grocery stores, restaurants, and retail that our communities need. At the same time, much of the new housing approved in Ward 7 is 100% affordable housing. While affordable housing is necessary, repeatedly concentrating deeply affordable housing in the same communities can reinforce economic segregation rather than create mixed-income neighborhoods. New housing in our ANC should include affordable, workforce, market-rate, family-sized, and homeownership opportunities. It should also be located near Metro and reliable public transportation, where residents have greater access to employment, services, and opportunities throughout the city. If we are going to significantly increase housing in Ward 7, we should use that growth to create stronger, mixed-income, transit-oriented communities that can also support the retail and amenities residents have long been asking for.","I would prefer to negotiate a PUD. The delay in the production of new housing is worth the potential for—if not the guarantee of—benefits such as improvements to streets and sidewalks or more income-restricted, subsidized units than are required by District law.",I would support a zoning text amendment enabling an additional home per lot in R and RF zones.,If their home is further than a 10-minute walk to a bus stop or train station.,"Yes, I support removing parking and travel lanes to build dedicated bus lanes.","Yes, I support removing parking and travel lanes to build protected bike lanes, and would introduce a resolution in support of doing so in my ANC.","No, I do not support the implementation of road pricing.","Yes, I will participate in the National Week Without Driving every fall.","One trip I would like to transition from driving to biking is my commute from Ward 7 to Howard University. My goal is to be able to make that trip safely and consistently by bike. However, Ward 7 still lacks sufficient protected bike infrastructure and safe, continuous connections to communities west of the Anacostia River. Much of the transportation infrastructure separating Ward 7 from the rest of the city reflects a history of inequitable investment and physical barriers between communities. If the District expects residents to reduce car trips, it must also address these disparities by creating protected bike lanes and safer connections across the river and into the city’s major employment centers. With better infrastructure, I would commit to biking to work regularly instead of driving. Reducing car dependency should be possible for residents in every ward, not just those who already live in communities with strong bicycle and transit infrastructure.","The biggest issue in my neighborhood is the lack of grocery stores, healthy food options, and other basic retail. I believe this is directly connected to the continued concentration of poverty in Ward 7. Decisions by the Council and mayoral administrations have allowed a disproportionate amount of deeply affordable housing to be concentrated east of the river without enough mixed-income development, jobs, retail, and amenities to support these communities.  Affordable housing is necessary, but no community should be expected to carry a disproportionate share of the city’s poverty. Ward 7 needs a more balanced approach to development that creates economically diverse neighborhoods and supports the services residents have long been asking for.  Advocate for the kind of investment that allows residents to not just live in our community, but actually enjoy living here. That means better access to quality schools, jobs, recreation, healthy food, and places to shop and gather close to home. Residents should not have to leave Ward 7 for many of the basic things other parts of the city already have. I would also push for balanced development that brings a mix of affordable, market-rate, family-sized, and homeownership opportunities. As a commissioner, I know I cannot fix these issues alone, but I can use the position to keep pressure on city agencies, developers, and elected leaders, and make sure our community’s needs are consistently represented.","I would make decisions by being a good citizen and a responsible steward of my community. I live here too, so the decisions made in our neighborhood affect me just like they affect my neighbors. My decisions would be guided by whether they improve the quality of life for residents, regardless of income, age, ability, or how long someone has lived in the neighborhood. I would not see the role as representing only the people who agree with me or the people who are most politically active. I would see it as representing all of my neighbors and making thoughtful decisions that move our community forward.","I believe I am the right person because I genuinely want to see everybody in our community win. I care about my neighbors, I care about where we live, and I want to use the role to help make sure every resident has the opportunity to thrive.",United States
119181635602,Emily Winternitz,,,,4C,4C01,Not enough homes,"It's more important to enable more homes, and more types of homes, in more of our neighborhoods, even if that results in pushback for “changing a neighborhood’s character.”",Means-tested or income-restricted; Subsidized; Rent-controlled; Costing no more than 30 percent of one’s household income,Not means-tested or income-restricted; Unsubsidized,N/A,"District-owned housing on District-owned land, built by a District agency and managed by a District agency; District-owned housing on District-owned land, built by a District agency and managed by a private property-management company; District-owned housing on District-owned land, built by a private construction company and managed by a District agency; District-owned housing on District-owned land, built by a private construction company and managed by a private property-management company","It means enough bedrooms to accommodate multi-person and multi-generational families, it has functional and accessible spaces for people of all ages, it provides opportunities for both renting and ownership.",Enough historic districts,"Yes, inducing residents and visitors to drive less should be an explicit policy goal of the District.",Too many cars,One,Enough parking,Too few bars and restaurants,"New housing of all types should be built throughout all neighborhoods. Building more densely near transit is important, but people also deserve the option to live in rowhomes and small apartment buildings, even if those homes are not within a set proximity to a bus stop or train station.","Yes, apartments should be legal in all parts of all the District's neighborhoods.",N/A,"Yes, height and mass should be removed from the purview of the Historic Preservation Review Board.",I agree that 15 percent of all homes in a planning area should be affordable.,"I believe ANC 4C, and my SMD specifically, can accommodate a meaningful share of those 210 additional homes. The greatest density should be concentrated near the Georgia Avenue–Petworth Metro station and along the Georgia Avenue transit corridor, but new housing should not be limited to those areas. We can add homes throughout residential neighborhoods through ADUs, thoughtful conversions, and new small multifamily buildings that include family-sized options. Locations within walking distance of schools, the library, recreation centers, grocery stores, transit, and other daily needs are particularly well suited for additional housing.","I would prefer to negotiate a PUD. The delay in the production of new housing is worth the potential for—if not the guarantee of—benefits such as improvements to streets and sidewalks or more income-restricted, subsidized units than are required by District law.",I would support a zoning text amendment enabling an additional home per lot in R and RF zones.,If their home is further than a 15-minute walk to a bus stop or train station.,"Yes, I support removing parking and travel lanes to build dedicated bus lanes.","Yes, I support removing parking and travel lanes to build protected bike lanes.","Yes, I support the implementation of road pricing.","No, I will not participate in the National Week Without Driving every fall.",Taking my daughter to ballet in Silver Spring via bus.,"The biggest issue in my neighborhood is ensuring that every resident can safely and fully access the public resources our city provides. My SMD includes the Petworth and Upshur recreation centers, McFarland, Roosevelt, Dorothy Height, and Powell schools, the Petworth Library, and the Upshur Street commercial corridor. Because of this, the needs throughout my SMD are varied, but all tether to the fact that these spaces should be community anchors—safe, welcoming, well-maintained, and accessible to residents of every age, income, background, and ability. Access means more than having a facility nearby; it means that the space is functioning, residents know what is available, programs reflect community needs, and safety concerns do not prevent people from using it.  I would continue serving as a connector, advocate, and accountability partner between residents and District agencies. I would proactively seek input from people who may not regularly attend ANC meetings, identify barriers to accessing neighborhood facilities and services, and help residents navigate the agencies responsible for addressing them. I would use ANC resolutions, budget testimony, agency relationships, public meetings, and persistent follow-up to advocate for safe facilities, timely repairs, inclusive programming, accessible information, and responsible investment in our neighborhood. Because commissioners do not directly operate schools, libraries, recreation centers, or commercial corridors, I would be honest about the limits of the role while using its visibility and convening power to bring residents, agencies, schools, businesses, and community organizations together around practical solutions.","I do not assume that the people who attend an ANC meeting or email me most frequently necessarily represent the full community. When an issue has broad implications, I try to create accessible ways for more residents to weigh in. For example, I collected more than 500 survey responses to inform a resolution I introduced and passed in support of funding for PKEEP. I also seek perspectives less formally through conversations with neighbors, parents, local organizations, businesses, and people using our public spaces.  I approach decisions by listening, educating myself about the issue, and trying not to enter with a predetermined answer. I consider resident input alongside available data, similar experiences and issues in other ANCs, agency expertise, and the broader impact on the District. Ultimately, I see my role as making informed decisions in the public interest, not tallying the loudest opinions or leaning on my perspective alone. I will explain how I reached a decision, be transparent about the factors I considered, and remain open to new information.","I am the right person to continue serving 4C01 because I combine a deep personal investment in this neighborhood with a practical understanding of how to turn community concerns into action. I have lived in DC for more than a decade, use the public resources throughout 4C, and send my children to school here. That gives me direct knowledge of many of the systems I am working to improve—but I also know my experience is only one perspective. I have a responsibility to seek out and understand residents whose circumstances and relationships with the city differ from mine.  During my first term, I have built relationships with residents, schools, businesses, community organizations, fellow commissioners, and District agencies. I have learned when an issue calls for a formal resolution, when residents need a convener, and when progress depends on persistent behind-the-scenes follow-up.  I am responsive, curious, and willing to do the often unglamorous work of navigating city systems until residents get an answer. I would bring the knowledge and relationships I developed during my first term—along with the same openness, persistence, and commitment to making 4C01 work for everyone—to a second term.",N/A
119181522129,Abel Amene,,,,4D,4D02,Not enough homes,"It's more important to enable more homes, and more types of homes, in more of our neighborhoods, even if that results in pushback for “changing a neighborhood’s character.”",Rent-controlled; Costing no more than 30 percent of one’s household income,Expensive; Not rent-controlled; Costing more than 30 percent of one’s household income,The chief difference between affordable housing and market-rate housing is that affordable housing has rent determined by what people living in the neighborhood can reasonably afford while meeting their other needs and thriving as a household.,"District-owned housing on District-owned land, built by a District agency and managed by a District agency; District-owned housing on District-owned land, built by a District agency and managed by a private property-management company; District-owned housing on District-owned land, built by a private construction company and managed by a District agency; District-owned housing on District-owned land, built by a private construction company and managed by a private property-management company","Family-sized housing is housing with multiple bedrooms (3, 4, 5 or more rooms) that is affordable to families of all income levels.",Enough historic districts,"Yes, inducing residents and visitors to drive less should be an explicit policy goal of the District.",Too many cars,Zero,Too much parking,Too few bars and restaurants,"New housing of all types should be built throughout all neighborhoods. Building more densely near transit is important, but people also deserve the option to live in rowhomes and small apartment buildings, even if those homes are not within a set proximity to a bus stop or train station.","Yes, apartments should be legal in all parts of all the District’s neighborhoods, and I would introduce a resolution supporting the legalization of sixplexes in the Comprehensive Plan rewrite.",N/A,"Yes, height and mass should be removed from the purview of the Historic Preservation Review Board.","I agree that 15 percent of all homes in a planning area should be affordable, and would introduce a resolution in support of such a policy.","There is a lot of potential for building new units in my SMD and ANC, and I welcome especially the building of social housing in my SMD. My neighborhood has been calling for years for the development of a library with housing on top in the 600 block of Kennedy Street. Along 1st Street, 3rd Street, 4th Street, 5th Street, there are plenty of opportunities to build more dense housing. There are also quite a few blighted and vacant row houses that are perfect for combination into sixplexes. We have seen significant success with this on Kennedy Street. The only issue has been affordability of the resulting new units.","I would prefer to negotiate a PUD. The delay in the production of new housing is worth the potential for—if not the guarantee of—benefits such as improvements to streets and sidewalks or more income-restricted, subsidized units than are required by District law.",I would support a zoning text amendment enabling an additional home per lot in R and RF zones.,If their home is further than a five-minute walk to a bus stop or train station.,"Yes, I support removing parking and travel lanes to build dedicated bus lanes, and would introduce a resolution in support of doing so in my ANC.","Yes, I support removing parking and travel lanes to build protected bike lanes, and would introduce a resolution in support of doing so in my ANC.","Yes, I support the implementation of road pricing, and would introduce a resolution in support of the District doing so.","Yes, I will participate in the National Week Without Driving every fall.","I do not drive or take car rides, except in emergencies. I exclusively bike or take public transit for all my trips.","Vacant and blighted property that should be used to give a home to my neighbors who remain unhoused. My priority has been to ensure these property are brought back into service as affordable housing, and I have diligently worked to apply pressure via DOB inspections.  Advocate on behalf of tenants of rental housing to bring about changes to housing laws, housing code, and programs for affordable housing.","When making decisions as an elected official, I prioritize the interests of my most vulnerable constituents. That means considering the perspective of those most marginalized in my neighborhood because of disparities in resources, socio-economic status, class, race, gender and other marginalized identities, immigration status and type of employment. For example, when considering the often raised issue of substance abuse among the unhoused in our neighborhood, I hold front of mind the systems of oppression that have resulted in our unhoused neighbors, many of them native to DC and the Kennedy Street neighborhood who find themselves in this situation. While the public safety interests of my housed constituents are important, I remind myself to never forget that my unhoused neighbors are also my constituents.","My lived experience coming from a low-income, working-class, immigrant family, my decades of experience living in the DC as a Black man, my experience with racial criminalization, my experience with housing and food insecurity, my experience as a tenant living under a slumlord, my experience in legislative advocacy and representing the interests of immigrants and minimum-wage workers are all factors that make me the right person to serve as an ANC commissioner for SMD 4D02. DC is my home, and the Kennedy Street neighborhood in Brightwood Park has been my home for several years now. I understand and can serve as the best representative for the interests of this neighborhood.","DC has the potential to accommodate more density while maintaining a high quality of life for its residents. Most policy issues facing the District are actually issues of land use. As I said in WaPo in 2023 when I was first elected, even issues like public safety are  about land use.  https://archive.is/vsOVN"
119181390228,Zachary Adams,,,,2B,2B08,Not enough homes,"It's more important to enable more homes, and more types of homes, in more of our neighborhoods, even if that results in pushback for “changing a neighborhood’s character.”",Means-tested or income-restricted; Built by the government; Cheap; Subsidized; Rent-controlled; Costing no more than 30 percent of one’s household income,Not means-tested or income-restricted; Built by private developers; Expensive; Unsubsidized; Not rent-controlled; Costing more than 30 percent of one’s household income,"Any of the selections within their sections can apply to ""affordable"" or ""market-rate"" housing. The differences between ""affordable"" and ""market-rate"" vary by location and circumstance. In many more expensive neighborhoods, ""market-rate"" may not be ""affordable"", and in other cheaper neighborhoods, it may be. A key motivator of building more housing is to help accommodate demand pricing pressure by increasing supply.","District-owned housing on District-owned land, built by a District agency and managed by a District agency; District-owned housing on District-owned land, built by a District agency and managed by a private property-management company; District-owned housing on District-owned land, built by a private construction company and managed by a District agency; District-owned housing on District-owned land, built by a private construction company and managed by a private property-management company","Room for at least two people, and ideally three or more. As much as I love my cat and joke about her as a person and a member of my family, she would be comfortable in far less space than a human would be.",Too many historic districts,"Yes, inducing residents and visitors to drive less should be an explicit policy goal of the District.",Too many cars,Zero,Too much parking,Too few bars and restaurants,"New housing of all types should be built throughout all neighborhoods. Building more densely near transit is important, but people also deserve the option to live in rowhomes and small apartment buildings, even if those homes are not within a set proximity to a bus stop or train station.","Yes, apartments should be legal in all parts of all the District’s neighborhoods, and I would introduce a resolution supporting the legalization of sixplexes in the Comprehensive Plan rewrite.",N/A,"Yes, height and mass should be removed from the purview of the Historic Preservation Review Board, and I would introduce a resolution supporting such a policy.","I agree that 15 percent of all homes in a planning area should be affordable, and would introduce a resolution in support of such a policy.","My SMD is already quite dense, but there is no doubt room to grow redeveloping the lots of mansions that largely sit vacant and of any remaining dedicated commercial surface parking lots. There's room to grow up as well. This picture looks even clearer across the ANC, especially in our less housing-dense SMDs.","I would prefer that development in my ANC be by-right. Knowing that what is zoned is all that is possible to build creates predictability for residents and housing providers, which is worth forgoing a negotiation for possible benefits.","I would support enabling an additional home per lot in R and RF zones, and would introduce a resolution in support of such a zoning text amendment.",If their home is further than a 15-minute walk to a bus stop or train station.,"Yes, I support removing parking and travel lanes to build dedicated bus lanes, and would introduce a resolution in support of doing so in my ANC.","Yes, I support removing parking and travel lanes to build protected bike lanes, and would introduce a resolution in support of doing so in my ANC.","Yes, I support the implementation of road pricing, and would introduce a resolution in support of the District doing so.","Yes, I will participate in the National Week Without Driving every fall.","I have cut out so much car travel in my life it is genuinely difficult to even think of another trip I could cut. I walk, bike, and take transit even in situations where others suggest I should take rideshare. I'm married to the game. I will try to make one trip to my grandmother's retirement community this year via bike/bus/Metro -> Union Station, MARC -> Penn Station, and then bike from there, but I am still grappling with finding a feasible route on that last leg that doesn't include a car ride from my parents.","Right now our biggest issue is reestablishing consistent delivery of basic services from the DC government. We have sidewalks that are falling apart and leading to constituent injuries. We have refuse that is not getting picked up, leading to unnecessary cost and rat infestations. We have trees that are not being maintained to preserve them safely (increasing our urban heat). We have bike lanes that are not cleared and unsafely push cyclists into the road. Hiring more people and doing jobs should be easy and constituents shouldn't be lied to about service levels.  Continue to hammer on this to the relevant people to get the jobs done (which I cannot believe this is necessary), and work with the successor administration to get systems in place to identify backlog problems and solve them proactively. It will be tough, but our government can and should do this!","Constituent services are most heard about from those who have issues, so that's a hotspot/problem identifier. For policymaking (or really policymaking requests, since as ANCs we do ""resolutions""), I will do the legwork to gather input from the broad and representative community.","I am dedicated to following up to solve problems for my neighborhood and making sure that our policy priorities are aligned with what's best for us and the District as a whole (and not just a small group of rich people). My neighbors know me and how much I care, and I constantly strive to do better for all of us.",N/A
119181158106,Adam J. Prinzo,,@aprinzodc on Twitter and Bluesky and Instagram,,3C,3C02,Not enough homes,"It's more important to enable more homes, and more types of homes, in more of our neighborhoods, even if that results in pushback for “changing a neighborhood’s character.”",Means-tested or income-restricted; Subsidized; Rent-controlled; Costing no more than 30 percent of one’s household income,Not means-tested or income-restricted; Not rent-controlled; Costing more than 30 percent of one’s household income,"I think of affordable housing as housing that is actually affordable to the people who live in it. Generally, that means residents are paying no more than 30 percent of their income toward housing costs, with public tools like subsidies and tax credits helping make that possible. Market-rate housing is different because rents are set by the market and aren’t tied to a resident’s income. At the end of the day, the distinction is whether housing is income-restricted and helps ensure people aren’t spending too much of their paycheck just to keep a roof over their head.","District-owned housing on District-owned land, built by a District agency and managed by a District agency; District-owned housing on District-owned land, built by a District agency and managed by a private property-management company; District-owned housing on District-owned land, built by a private construction company and managed by a District agency","Family-sized housing means homes that truly work for families at every stage of life, not just larger units on paper. It includes two- and three-bedroom or larger units with functional layouts, real living space, and storage. It means affordability at different income levels so teachers, first responders, service workers, and young professionals can stay in the city. It also means access to strong schools, parks, transit, and safe streets, and options to age in place so families do not have to leave their neighborhood when their needs change. Family-sized housing is about stability, opportunity, and keeping communities multi-generational.",Too many historic districts,"Yes, inducing residents and visitors to drive less should be an explicit policy goal of the District.",Too many cars,One,Enough parking,Too few bars and restaurants,"New housing of all types should be built throughout all neighborhoods. Building more densely near transit is important, but people also deserve the option to live in rowhomes and small apartment buildings, even if those homes are not within a set proximity to a bus stop or train station.","Yes, apartments should be legal in all parts of all the District’s neighborhoods, and I would introduce a resolution supporting the legalization of sixplexes in the Comprehensive Plan rewrite.",N/A,"Yes, height and mass should be removed from the purview of the Historic Preservation Review Board.","I agree that 15 percent of all homes in a planning area should be affordable, and would introduce a resolution in support of such a policy.","I am strongly supportive of adding housing along Connecticut Avenue, Wisconsin Avenue, and Massachusetts Avenue. While I believe people should be able to live where they want, I think these major corridors are the right places to start because they already have transit, businesses, and neighborhood services in place. We should start by building more housing where the existing infrastructure can support it, while ensuring new development contributes to vibrant, walkable neighborhoods.","I would prefer that development in my ANC be by-right. Knowing that what is zoned is all that is possible to build creates predictability for residents and housing providers, which is worth forgoing a negotiation for possible benefits.",I would support a zoning text amendment enabling an additional home per lot in R and RF zones.,If their home is further than a 15-minute walk to a bus stop or train station.,"Yes, I support removing parking and travel lanes to build dedicated bus lanes, and would introduce a resolution in support of doing so in my ANC.","Yes, I support removing parking and travel lanes to build protected bike lanes, and would introduce a resolution in support of doing so in my ANC.","Yes, I support the implementation of road pricing.","Yes, I will participate in the National Week Without Driving every fall.","I do tend to Uber to DCA when I travel with my dog, I can and should try better to do that trip via Metro.","For me, the biggest issue in my neighborhood is public safety, particularly traffic safety mainly on Connecticut Avenue and 34th Street/Reno Road. As an ANC Commissioner, I’ve seen how speeding, dangerous intersections, and near-misses can affect residents’ daily lives. I support practical investments in traffic calming, better enforcement, and street design that makes those streets safer for pedestrians, cyclists, and drivers.  I would focus on using the tools available to commissioners: working directly with DDOT and other relevant agencies, bringing residents’ concerns forward, submitting formal recommendations, and following up until issues are addressed. I believe an ANC is most effective when it is persistent, practical, and willing to hold agencies accountable.","As a Commissioner, I hear from residents in formal ways through emails and meetings, but also in informal ways, at the dog park, the grocery store, talking with neighbors, and speaking with local business owners. Those conversations can provide perspectives I might not otherwise hear through email or meetings.  Ultimately, my responsibility is to represent the broader community, not just the loudest voices. I always listen to different perspectives, look at the facts and available data, and am transparent about how I reach a decision. I also think it is important to remain open to changing my position should new information warrants it.","I believe I am the right person to serve as ANC Commissioner because I care deeply about this neighborhood and have a track record of showing up and getting involved. As a Commissioner, I have worked with residents, local businesses, and District agencies on issues ranging from public safety and transportation to neighborhood development. I try to be accessible and responsive, whether that means answering an email, talking with neighbors or business owners, or following up with an agency when something needs to get done. I understand that being an ANC Commissioner is about listening to the community and being persistent in advocating for the neighborhood. I would continue to bring that practical, hands-on approach to representing my SMD.","I believe DC needs to build more housing, particularly along major corridors like Connecticut, Wisconsin, and Massachusetts Avenues where transit, businesses, and other infrastructure already exist. While I understand concerns about neighborhood character and change, we cannot solve our housing shortage without building more homes. We also need to pair housing production with more income-restricted affordable housing and make it easier for residents to choose Metro, walking, and biking."
119181063449,Jeffrey Rueckgauer,,Twitter: @capitaljeff Bluesky: @capitaljeff.bsky.social Facebook: jeff.rueckgauer,,2B,2B02,Not enough homes,"It's more important to enable more homes, and more types of homes, in more of our neighborhoods, even if that results in pushback for “changing a neighborhood’s character.”",Rent-controlled; Costing no more than 30 percent of one’s household income,Not means-tested or income-restricted; Built by private developers; Expensive; Unsubsidized; Not rent-controlled; Costing more than 30 percent of one’s household income,"Affordable housing used to mean most people were able to rent or buy in neighborhoods of their choice without the need for means testing or subsidies. This has been corrupted by developers and unwilling Mayor & Council so only high-end units get built. The refusal to build quality mid-grade ""everyone"" housing has displaced tens of thousands of residents, forcing many to leave DC or become unhoused. We can restore the ""old"" meaning if we pressure the Council/elect Councilmembers to put DC residents above developer cash, oversight dysfunction.","District-owned housing on District-owned land, built by a District agency and managed by a District agency; District-owned housing on District-owned land, built by a private construction company and managed by a District agency",At least 1350 square feet. 3-4 bedrooms with 2-3 full bathrooms.,Too many historic districts,"Yes, inducing residents and visitors to drive less should be an explicit policy goal of the District.",Too many cars,Zero,Too much parking,Enough bars and restaurants,"New housing of all types should be built throughout all neighborhoods. Building more densely near transit is important, but people also deserve the option to live in rowhomes and small apartment buildings, even if those homes are not within a set proximity to a bus stop or train station.","Yes, apartments should be legal in all parts of all the District’s neighborhoods, and I would introduce a resolution supporting the legalization of sixplexes in the Comprehensive Plan rewrite.",N/A,"Yes, height and mass should be removed from the purview of the Historic Preservation Review Board, and I would introduce a resolution supporting such a policy.","I agree that 15 percent of all homes in a planning area should be affordable, and would introduce a resolution in support of such a policy.","My SMD has very limited options for more housing beyond redevelopment of existing properties. Overall, my ANC has underutilized or vacant office buildings that could be converted to residential or redeveloped into residential/mixed-use.","I would prefer that development in my ANC be by-right. Knowing that what is zoned is all that is possible to build creates predictability for residents and housing providers, which is worth forgoing a negotiation for possible benefits.","I would support enabling an additional home per lot in R and RF zones, and would introduce a resolution in support of such a zoning text amendment.",If their home is further than a 15-minute walk to a bus stop or train station.,"Yes, I support removing parking and travel lanes to build dedicated bus lanes, and would introduce a resolution in support of doing so in my ANC.","Yes, I support removing parking and travel lanes to build protected bike lanes, and would introduce a resolution in support of doing so in my ANC.","Yes, I support the implementation of road pricing, and would introduce a resolution in support of the District doing so.","Yes, I will participate in the National Week Without Driving every fall.",My household already rarely drives for trips that we can walk or use a non-vehicular mode.,"Loss of neighborhood businesses; high rate of vacant business properties fueled by rents still expecting very deep-pocket 1990s tenants. This is due in large part to inaction by the Council and the Executive to address the fundamental obstacles to local businesses siting and remaining in Dupont.  Continue my efforts working with the Dupont BID and Dupont Main Streets to promote and activate the neighborhood to attract people to activities and businesses. Continue engaging with the Council to support local businesses establishing in Dupont and other downtown areas. Not only restaurants and bars; goods and services that generate revenue for the community and the District, not distant corporate websites.","My oath requires that I act in the best interest of The District. This means I analyze needs, objectives, impacts, and choose the most beneficial outcome. I welcome and value constituent comments. However, I must go with what provides the greatest benefits to all; not only those who are more concerned about their personal preferences or opposition to the neighborhood changing.","I have been an active and engaged member of the neighborhood for 35 years. Even before becoming Commissioner, I have worked with my neighbors, the ANC, and DC agencies, to address issues affecting our quality of life. As 2B02 Commissioner since 2021, I have continued working for residents to keep our neighborhood welcoming, safe, comfortable, vibrant.","I look forward to working with the new mayor and the Council to address the appalling dysfunction of DC agencies that can turn even simple service requests into months-long nightmares. Improve the responsiveness and quality of service we receive from DC agencies by simplifying processes and ensuring timely action. We should not have deal with runarounds, radio silence, then have to involve the Councilmember or the Mayor's office to get satisfactory resolutions. I will keep working to get DDOT to address the multiple decades-old safety issues in 2B02 and the rest of 2B."
119181059814,Margaret Thomas,,ANC 8B01 Commissioner,,8B,8B01,Not enough homes,"It's more important to preserve the character of our neighborhoods, and the District’s land-use regulations should reflect that.",Subsidized; Rent-controlled; Costing no more than 30 percent of one’s household income,Expensive; Not rent-controlled; Costing more than 30 percent of one’s household income,"1. Affordable: Applicants are restricted to remain reasonably priced for low-to-moderate-income households. 2. Market-Rate: Applicants must pass a standard credit check, background, and income check, (earnings 3x the monthly rent) can apply.","District-owned housing on District-owned land, built by a District agency and managed by a District agency; District-owned housing on District-owned land, built by a private construction company and managed by a District agency","Residential units that have 2 or more bedrooms, and are structurally and geographically suitable for households with children.",Enough historic districts,"Yes, inducing residents and visitors to drive less should be an explicit policy goal of the District.",Too many cars,Two,Not enough parking,Enough bars and restaurants,"New housing should be built almost exclusively near transit or on major corridors. Adding new housing is important, but so is protecting neighborhoods from change. Limiting denser development to land near transit or on major corridors is a reasonable compromise.","Yes, apartments should be legal in all parts of all the District’s neighborhoods, and I would introduce a resolution supporting the legalization of sixplexes in the Comprehensive Plan rewrite.",N/A,"No, height and mass should not be removed from the purview of the Historic Preservation Review Board, and I would oppose a resolution in support of such a policy.","I agree that 15 percent of all homes in a planning area should be affordable, and would introduce a resolution in support of such a policy.","New Homes for sale should be build near grocery stores, schools, bus stops/Metro subway stations.","I would prefer to negotiate a PUD. The delay in the production of new housing is worth the potential for—if not the guarantee of—benefits such as improvements to streets and sidewalks or more income-restricted, subsidized units than are required by District law.","I would support enabling an additional home per lot in R and RF zones, and would introduce a resolution in support of such a zoning text amendment.",If their home is further than a 30-minute walk or longer to a bus stop or train station.,"Yes, I support removing parking and travel lanes to build dedicated bus lanes, and would introduce a resolution in support of doing so in my ANC.","Yes, I support removing parking and travel lanes to build protected bike lanes, and would introduce a resolution in support of doing so in my ANC.","Yes, I support the implementation of road pricing, and would introduce a resolution in support of the District doing so.","Yes, I will participate in the National Week Without Driving every fall.","Traveling to the grocery store, Target, and CVS",1. Constituent Intake & Evidence Gathering; 2. Direct Mediation with Property Management; 3. Escalation to DC Regulatory Agencies; and 4. Passing a Formal ANC 8B Resolution.  Address and Create a Mandatory Solution on Poor Property Management and Security in the Neighborhood/Community,"Create a Decision-Making & Engagement Plan.  1. Establish an ""Omnichannel"" Intake System; 2. Host Structered ""Data-Driven"" Town Hall; 3. Deploy ""Random-Sample"" ""Micro-Polling""; 4. Categorized and weigh the Data; 5. Close the loop with Transparent Reporting.","I am running to serve as your ANC Commissioner for Advisory Neighborhood Commission Single Member District 8B01 because I believe true leadership begins with service, listening, and accountability. As a dedicated resident of the Woodmont Crossing community. Serving as the Secretary of the Woodmont Crossing Unified Tenant Association (WCUTA) Board has taught me how to organize, formalize resident concerns, and effectively partner with entities like the Office of the Tenant Advocate to safeguard our rights.I have had the profound privilege of working closely with both our youth—as a coordinator for the Youngnificent After School program at our Community Center. I am fully committed to ensuring our seniors are protected and respected, and that our youth have the safe, enriching opportunities they deserve.  I will bring this same energy, accountability, and love for our community to the Advisory Neighborhood Commission 8B framework. Together, we can make a lasting difference for 8B 01.",Not at this time.
119181003292,Ashton DeLano,,,,5E,5E05,Not enough homes,"It's more important to enable more homes, and more types of homes, in more of our neighborhoods, even if that results in pushback for “changing a neighborhood’s character.”",Costing no more than 30 percent of one’s household income,Not rent-controlled,No elaboration needed.,"District-owned housing on District-owned land, built by a District agency and managed by a District agency; District-owned housing on District-owned land, built by a private construction company and managed by a District agency","Family-sized Housing is housing that is large enough to support a single, nuclear family.",Enough historic districts,"Yes, inducing residents and visitors to drive less should be an explicit policy goal of the District.",Too many cars,One,Enough parking,Too few bars and restaurants,"New housing of all types should be built throughout all neighborhoods. Building more densely near transit is important, but people also deserve the option to live in rowhomes and small apartment buildings, even if those homes are not within a set proximity to a bus stop or train station.","Yes, apartments should be legal in all parts of all the District's neighborhoods.",N/A,"No, height and mass should not be removed from the purview of the Historic Preservation Review Board.",I agree that 15 percent of all homes in a planning area should be affordable.,"My SMD is already full of densely packed row homes, my ANC lacks a grocery store, needs more restaurants, and my SMD is in the progress of completing (a much needed) expansion of housing on reservoir hill. This is not an SMD full of empty lots and large blocks that can fit an apartment complex. The complex on reservoir hill could be expanded, but that space would be better used to build out what the original plan promised: a grocery store, a pharmacy, offices, etc. There are plenty of vacant lots that should have housing development performed or completed that could add additional housing to the neighborhood.","I would prefer to negotiate a PUD. The delay in the production of new housing is worth the potential for—if not the guarantee of—benefits such as improvements to streets and sidewalks or more income-restricted, subsidized units than are required by District law.",I would support a zoning text amendment enabling an additional home per lot in R and RF zones.,If their home is further than a 15-minute walk to a bus stop or train station.,"No, I do not support removing parking and travel lanes to build dedicated bus lanes.","No, I do not support removing parking and travel lanes to build protected bike lanes.","Yes, I support the implementation of road pricing.","Yes, I will participate in the National Week Without Driving every fall.","If the grocery store on reservoir hill is completed, I can turn my weekly grocery shopping run by bike or foot instead of driving.","Completing development of the reservoir district project. There needs to be an ANC in 5E that will work with developers instead of slowing them down, is pro-development, and wants to maximize the use of the space. I plan on being that member of the ANC.  Focus on addressing the issues my constituents have with rats, lack of trash pickups, and keeping sidewalks safe and navigable.","I plan on holding weekly office hours to listen to the needs of my constituents, keeping an open email inbox where they can message me privately with their concerns, and taking those opinions into account while also evaluating the best policy decisions that will meet the needs of the ANC, the SMD, and the city at large.",I have lived in my neighborhood for 6 years and gotten to know my neighbors very well. I am prepared to represent them and their needs while also balancing the needs of the city writ-large.,Just tax land.
119180920323,Devon Lesesne,,@theeblackanglosaxon,,8D,8D06,Not enough homes,"It's more important to enable more homes, and more types of homes, in more of our neighborhoods, even if that results in pushback for “changing a neighborhood’s character.”",Means-tested or income-restricted; Subsidized; Rent-controlled; Costing no more than 30 percent of one’s household income,Not means-tested or income-restricted; Expensive; Unsubsidized; Not rent-controlled; Costing more than 30 percent of one’s household income,"Affordable housing allows residents to build other aspects of their life, while being able to maintain shelter and other expenses.Affordable housing also should act as a tool to mitigate the impacts of under employment, crisis and lack of economic mobility.","District-owned housing on District-owned land, built by a District agency and managed by a District agency; District-owned housing on District-owned land, built by a District agency and managed by a private property-management company; District-owned housing on District-owned land, built by a private construction company and managed by a District agency; District-owned housing on District-owned land, built by a private construction company and managed by a private property-management company","Family sized housing is housing that can be transient to support immediate family, and possibly multi-generational members comfortably.",Not enough historic districts,"No, inducing residents and visitors to drive less should not be an explicit policy goal of the District.",Enough cars,Two,Enough parking,Too few bars and restaurants,"New housing of all types should be built throughout all neighborhoods. Building more densely near transit is important, but people also deserve the option to live in rowhomes and small apartment buildings, even if those homes are not within a set proximity to a bus stop or train station.","Yes, apartments should be legal in all parts of all the District’s neighborhoods, and I would introduce a resolution supporting the legalization of sixplexes in the Comprehensive Plan rewrite.",N/A,"Yes, height and mass should be removed from the purview of the Historic Preservation Review Board, and I would introduce a resolution supporting such a policy.","I agree that 15 percent of all homes in a planning area should be affordable, and would introduce a resolution in support of such a policy.","New housing units should be produced along the South Capitol Corridor, there are empty parcels that have been a blight for 5yrs now.","I would prefer to negotiate a PUD. The delay in the production of new housing is worth the potential for—if not the guarantee of—benefits such as improvements to streets and sidewalks or more income-restricted, subsidized units than are required by District law.",I would support a zoning text amendment enabling an additional home per lot in R and RF zones.,If their home is further than a 10-minute walk to a bus stop or train station.,"No, I do not support removing parking and travel lanes to build dedicated bus lanes.","No, I do not support removing parking and travel lanes to build protected bike lanes.","No, I do not support the implementation of road pricing.","No, I will not participate in the National Week Without Driving every fall.",I currently travel by metro and do not own a vehicle.,"The biggest issue in my neighborhood is lack of food access.  I will work to repurpose 4001 S Capitol St SW, at Atlantic St (old Good Food Market) to bring a grocery store/large market in walking distance.","I plan to make decisions using both local and national data, accompanied with my own cultural compotency leveraged against the input from residents and other community organizations that serve specific needs.","I am the right person beacuase I understand the issues, have the relationships to move policies forward. I was born and raised in Ward 8 and have worked in DC Council and for the Bowser Administration.","My position on the Congestion Pricing is due to a lack of knowledge and need  more time to develop a genuine stance. I am an individual who will have any discussion, in an honest, respectful manner to come to a resolution that presents the least long term socioeconomic impact."
119180442498,Joe Barrios,,www.barriosanc.com,,4B,4B05,Not enough homes,"It's more important to enable more homes, and more types of homes, in more of our neighborhoods, even if that results in pushback for “changing a neighborhood’s character.”",Means-tested or income-restricted; Subsidized; Rent-controlled,Not means-tested or income-restricted; Built by private developers; Unsubsidized; Not rent-controlled,"To me the definition of market rate housing is housing that is sold or rented by private entities at the highest price that the market will bear. Affordable housing is where some mechanism exists to allow the purchase or rental of property at a price lower than what the market would bear. Those mechanisms can include a subsidy, rent control, means testing, and income restrictions. Affordable housing can be built either by the government (such as Section 8 ) or private developers (inclusionary zoning).","District-owned housing on District-owned land, built by a District agency and managed by a District agency; District-owned housing on District-owned land, built by a District agency and managed by a private property-management company; District-owned housing on District-owned land, built by a private construction company and managed by a District agency",Apartments with 3 or more bedrooms.,Enough historic districts,"Yes, inducing residents and visitors to drive less should be an explicit policy goal of the District.",Too many cars,One,Enough parking,Too few bars and restaurants,"New housing of all types should be built throughout all neighborhoods. Building more densely near transit is important, but people also deserve the option to live in rowhomes and small apartment buildings, even if those homes are not within a set proximity to a bus stop or train station.","Yes, apartments should be legal in all parts of all the District's neighborhoods.",N/A,"Yes, height and mass should be removed from the purview of the Historic Preservation Review Board.",I agree that 15 percent of all homes in a planning area should be affordable.,"Hypothetically, the best place to build new homes in ANC 4B would be near the Takoma metro station. Secondarily (and including SMD 4B05) would be immediately adjacent to the commercial zoning areas on Georgia Avenue.","I would prefer to negotiate a PUD. The delay in the production of new housing is worth the potential for—if not the guarantee of—benefits such as improvements to streets and sidewalks or more income-restricted, subsidized units than are required by District law.",I would not support enabling an additional home per lot in R and RF zones.,If their home is further than a 10-minute walk to a bus stop or train station.,"Yes, I support removing parking and travel lanes to build dedicated bus lanes.","Yes, I support removing parking and travel lanes to build protected bike lanes, and would introduce a resolution in support of doing so in my ANC.","Yes, I support the implementation of road pricing.","Yes, I will participate in the National Week Without Driving every fall.",I commit to skipping the gym (where I drive) in favor of jogging in the neighborhood many times!,"Being adjacent to upper Georgia Avenue, one would expect the usual challenges around speeding vehicles and pedestrian safety. While considering this answer I also found your indicator map statistic of 830 crashes in my SMD since 2016. Wow! If I'm elected I will seek to learn more about ways in which we can make the Avenue safer for pedestrians, drivers, and customers of nearby commercial establishments.  Nevertheless, the number one concern I hear about when talking with neighbors is the issue of sanitation and rat control. The automated lifting arms on DPW garbage trucks frequently break our bins and scatter garbage in alleyways. Combined with an insufficient number of public trash cans in high traffic areas, these problems are allowing trash and rats to proliferate.  As ANC 4B05 Commissioner I would: - Push for modern, front-loading, rodent-proof trash cans in high-traffic areas on or near Georgia Avenue as envisioned by the REMY Act recently introduced by the Council.  - Request Council funding for free bin replacements in cases where garbage trucks have broken the cans.  - Increase public bins by pushing DPW to install more cans in areas suffering from extra litter.  - Empower residents with clear, actionable steps we can take to rat-proof our alleys and navigate the system for getting bin repairs or replacements.  Focus on keeping my SMD clean, vibrant/walkable on Georgia Avenue, well-connected and well-informed, and inclusive.","Having previously served as an ANC commissioner for 5B04, I know how tricky it can be to get feedback from a diverse set of viewpoints in the Single Member District before making a decision on how to vote. Not everyone is digitally connected, making it more difficult to communicate with some segments of the population, particularly older residents. I'm also aware that the loudest voices and social media users are not necessarily representative of the community as a whole.  I'm committed to hearing from as many voices as possible, and weighing their various perspectives, before deciding how to vote on any particularly impactful resolution or action taken by my Commission. I will hold community meetings with an emphasis on in-person meetings when possible. Hopefully this will encourage neighbors who are not as digitally connected to attend and participate.  I anticipate that an email newsletter will be my primary information source. My email inbox will always be open for feedback. Mindful of the digital divide, I may also distribute flyers or knock on doors when necessary.  After receiving feedback, my core values will guide my final decision. Some of them are a desire for inclusiveness; reliance on facts, data, and evidence; emphasis on deeply affordable housing when possible; and being protective against displacement of our Black, Latino, immigrant, and other communities.","I am the right person to serve 4B05 because I combine a deep commitment to public service and housing equity with the experience needed to be effective.  Having served previously as Commissioner for ANC 5B04, I already possess a strong working knowledge of the zoning, housing, and other city policies that the position demands. I know how to navigate DC government agencies and the 311 system to secure essential services for residents.  My commitment to inclusiveness, equity, and affordable housing is rooted in my grassroots advocacy and volunteer work. I spent several years as president and board chair of the DC Latino Caucus, fighting for the needs and rights of our Latino and immigrant neighbors. As part of the leadership of DC for Democracy, I chaired a housing working group focused on expanding deeply affordable housing, and I testified on the organization's behalf before the Council's Committee of the Whole during the 2020 update to the Comprehensive Plan.  Finally, I am a DC-licensed attorney with a strong background in information technology senior management. This combination of legal analysis and leadership experience equips me to navigate complex zoning issues, cut through bureaucratic red tape, and respond effectively to the demanding needs of my community.","Yes. I believe our city should have a debate about using tax policy, in addition to zoning policy, to spur housing creation. Specifically, I support exploring a land value tax (LVT) or a split-rate tax. The idea is to tax property based on the highest and best use of the land, rather than what is built on it. For example, if an investor owns a parking lot on land zoned for high-density residential, they should be taxed as if they had built a high-density apartment building. This change would encourage the most efficient use of land and discourage speculators from sitting on underutilized  property just waiting for appreciation. The owner is incentivized to either build the housing our city needs or sell to someone else who will.  Additionally, looking beyond my ANC to the city at large, I strongly favor and will advocate for incentives and policies that accelerate office-to-residential conversions in our downtown core.  Regarding question 25: I think this question deserves more nuance in the answers, so I answered in the negative. I support the creation of duplexes, triplexes, quads, and/or six-unit apartment buildings on single family (detached) home lots with sufficient minimum size to accommodate them, such as zoning R-1A or R-1B."
119180068773,Tyrell M Holcomb,,,,7F,7F01,Not enough homes,"It's more important to enable more homes, and more types of homes, in more of our neighborhoods, even if that results in pushback for “changing a neighborhood’s character.”",Means-tested or income-restricted; Subsidized; Costing no more than 30 percent of one’s household income,Not means-tested or income-restricted; Unsubsidized; Not rent-controlled,"To me, affordable housing is housing that is income-restricted or subsidized so residents are not paying more than 30 percent of their income toward housing costs. Market-rate housing is priced based on the market without income restrictions or affordability requirements. The difference is not simply whether the housing is cheap or expensive, or whether it was built by the government or a private developer. Many affordable housing developments are built and operated by private developers using public financing or subsidies. At the same time, market-rate housing may be affordable to some residents depending on their income.","District-owned housing on District-owned land, built by a District agency and managed by a District agency; District-owned housing on District-owned land, built by a District agency and managed by a private property-management company; District-owned housing on District-owned land, built by a private construction company and managed by a District agency; District-owned housing on District-owned land, built by a private construction company and managed by a private property-management company","Family-sized housing means more than simply adding another bedroom. It should provide enough bedrooms, living space, storage and functional common areas for families with children, multigenerational households and families of different sizes to live comfortably and remain in their communities. In most cases, that means prioritizing two-, three- and four-bedroom units that are genuinely affordable to families at a range of incomes. It should also be located near schools, childcare, transportation, grocery stores, recreation and other services families rely on. Most importantly, the housing should allow families to grow and build stability without being forced to leave their neighborhood because their home no longer meets their needs.",Not enough historic districts,"Yes, inducing residents and visitors to drive less should be an explicit policy goal of the District.",Enough cars,Two,Enough parking,Too few bars and restaurants,"New housing should be built almost exclusively near transit or on major corridors. Adding new housing is important, but so is protecting neighborhoods from change. Limiting denser development to land near transit or on major corridors is a reasonable compromise.","Yes, apartments should be legal in all parts of all the District’s neighborhoods, and I would introduce a resolution supporting the legalization of sixplexes in the Comprehensive Plan rewrite.",N/A,"Yes, height and mass should be removed from the purview of the Historic Preservation Review Board, and I would introduce a resolution supporting such a policy.","I agree that 15 percent of all homes in a planning area should be affordable, and would introduce a resolution in support of such a policy.","I believe our ANC can accommodate at least 210 additional homes, particularly along the Minnesota Avenue and Benning Road corridors. New housing should be concentrated on underused commercial properties, surface parking lots, vacant parcels and sites within walking distance of the Minnesota Avenue Metro station and frequent bus service. Northeast Heights and the surrounding corridor demonstrate the opportunity to add housing alongside retail, jobs and public amenities.  I would also support converting vacant or underused buildings into housing and allowing smaller-scale infill development on appropriate lots throughout the ANC. This growth should include family-sized units, deeply affordable homes, homeownership opportunities and housing accessible to seniors and people with disabilities.  The goal should not be to displace existing residents or remove stable housing. It should be to use land more effectively, expand housing choices and ensure longtime Ward 7 residents can benefit from the neighborhood’s growth. New development must also be matched with investments in infrastructure, public safety, transportation, schools, parks and neighborhood-serving retail.","I would prefer to negotiate a PUD. The delay in the production of new housing is worth the potential for—if not the guarantee of—benefits such as improvements to streets and sidewalks or more income-restricted, subsidized units than are required by District law.","I would support enabling an additional home per lot in R and RF zones, and would introduce a resolution in support of such a zoning text amendment.",If their home is further than a 10-minute walk to a bus stop or train station.,"Yes, I support removing parking and travel lanes to build dedicated bus lanes, and would introduce a resolution in support of doing so in my ANC.","Yes, I support removing parking and travel lanes to build protected bike lanes, and would introduce a resolution in support of doing so in my ANC.","Yes, I support the implementation of road pricing, and would introduce a resolution in support of the District doing so.","Yes, I will participate in the National Week Without Driving every fall.","I already rely heavily on public transportation and have a Lime membership. I drive at most twice a week. I can commit to replacing one of those remaining car trips, particularly a short neighborhood trip or meeting downtown, with Metro, bus or Lime whenever possible.","The biggest issue in my neighborhood is the long-overdue redevelopment of Minnesota Avenue and Downtown Ward 7, and the impact that continued disinvestment has on public safety and quality of life. Residents deserve a corridor with safe and clean public spaces, quality retail, housing, jobs and development that serves the people who already live here. Ward 7’s future cannot begin and end with RFK. Investment does not start with RFK. It starts now, along Minnesota Avenue, with a coordinated plan that reflects the needs and vision of our community.  I would continue the work I have already led through the Minnesota Avenue Improvement Summit by bringing residents, agencies, developers, businesses and community partners together to move the corridor forward. I would push for clear timelines, track agency commitments and work to secure a robust and enforceable community benefits agreement that delivers local hiring, affordable and family-sized housing, homeownership opportunities, neighborhood-serving retail, public-space improvements and direct investment in residents. I would also continue addressing immediate public safety and quality-of-life concerns while pushing for the long-term redevelopment our community deserves.","My responsibility as a commissioner is to represent the entire single-member district, not only the people who attend every ANC meeting or send the most emails. During my time in office, I have worked to reach residents through community meetings, door-to-door outreach, building visits, surveys, social media and neighborhood events.  I listen to the residents who engage, but I also consider who may be missing from the conversation. That includes renters, seniors, young people, working families and residents who may not have the time or comfort level to participate in a formal government meeting.  When making decisions, I consider resident input, available information, who will be most affected and what will best serve the community over the long term. There will be times when residents disagree. My role is to make an informed decision, explain it clearly and remain accountable for it. I have never believed leadership means waiting until everyone agrees. It means listening, being transparent and having the courage to act.","I am a fourth-generation Washingtonian who was raised in this community, and I have already demonstrated what committed ANC leadership can accomplish. As commissioner and chair, I have worked to make the ANC more than a monthly meeting by bringing residents, agencies, businesses and community organizations together to address immediate concerns while planning for our neighborhood’s future.  My record includes leading the Minnesota Avenue Improvement Summit, securing meaningful community benefits, expanding neighborhood grants and scholarships, strengthening public safety partnerships and ensuring residents have a voice in the development happening around them.  I understand how to move government, build partnerships and hold agencies accountable. More importantly, I know this community and remain accessible to the people I serve. I bring a proven record, strong relationships and a clear vision for what our neighborhood can become.","My positions are shaped by both my professional work in affordable housing and my experience serving as a commissioner in Ward 7. I support building more housing, particularly near transit and along major corridors, but growth must benefit the residents who have remained committed to these communities through decades of underinvestment.  Ward 7 should not only be a place where the District builds housing. We deserve quality retail, safe and reliable transportation, stronger schools, well-maintained public spaces, employment opportunities and the infrastructure needed to support growth. That is why I led the Minnesota Avenue Improvement Summit and have continued bringing agencies, developers, businesses and residents together around a broader vision for the corridor.  I support affordable housing in every planning area, predictable development rules and more family-sized and homeownership opportunities. I also believe longtime residents must be protected from displacement and positioned to benefit from new investment.  Housing, transportation, public safety and economic development cannot be treated as separate conversations. My approach has been to connect them, move beyond individual projects and push for the level of coordinated investment our community deserves. In responding to the question about neighborhood character and the need for more housing, I chose to prioritize enabling more homes and more types of homes. However, I do not believe those goals have to be in conflict. Growth should respect the history, identity and character of our neighborhoods, and land-use regulations should guide building scale, design and transitions in ways that complement the surrounding community. Neighborhood character should help shape responsible growth, but it should not be used as a blanket justification for preventing new housing."
119179706805,Karen Hughes,,,,6B,6B09,Not enough homes,"It's more important to enable more homes, and more types of homes, in more of our neighborhoods, even if that results in pushback for “changing a neighborhood’s character.”",Means-tested or income-restricted; Subsidized; Rent-controlled,Not means-tested or income-restricted; Unsubsidized; Not rent-controlled,"Ideally, the market would be supplying housing at many different rates, so expensive isn't inherent. I also don't necessarily think it matters who builds the housing for the definition. These questions are a little tricky, because affordability can exist within a market structure, so they aren't necessarily mutually exclusive. But if we mean how people use the term ""affordable housing"", this is my best interpretation.","District-owned housing on District-owned land, built by a District agency and managed by a District agency; District-owned housing on District-owned land, built by a District agency and managed by a private property-management company; District-owned housing on District-owned land, built by a private construction company and managed by a District agency; District-owned housing on District-owned land, built by a private construction company and managed by a private property-management company",3+ bedrooms,Enough historic districts,"Yes, inducing residents and visitors to drive less should be an explicit policy goal of the District.",Too many cars,One,Enough parking,Enough bars and restaurants,"New housing of all types should be built throughout all neighborhoods. Building more densely near transit is important, but people also deserve the option to live in rowhomes and small apartment buildings, even if those homes are not within a set proximity to a bus stop or train station.","Yes, apartments should be legal in all parts of all the District’s neighborhoods, and I would introduce a resolution supporting the legalization of sixplexes in the Comprehensive Plan rewrite.",We already introduced and passed a pro-density resolution in 2026.,"Yes, height and mass should be removed from the purview of the Historic Preservation Review Board.",I agree that 15 percent of all homes in a planning area should be affordable.,"On the Potomac Ave metro concrete platform. Plenty of room there for a mixed use development, with nearby amenities and businesses.","I would prefer that development in my ANC be by-right. Knowing that what is zoned is all that is possible to build creates predictability for residents and housing providers, which is worth forgoing a negotiation for possible benefits.","I would support enabling an additional home per lot in R and RF zones, and would introduce a resolution in support of such a zoning text amendment.",If their home is further than a 15-minute walk to a bus stop or train station.,"Yes, I support removing parking and travel lanes to build dedicated bus lanes, and would introduce a resolution in support of doing so in my ANC.","Yes, I support removing parking and travel lanes to build protected bike lanes.","Yes, I support the implementation of road pricing, and would introduce a resolution in support of the District doing so.","Yes, I will participate in the National Week Without Driving every fall.","I do not regularly travel by car, and do try to take the metro as much as I can.","For my SMD, heavy and aggressive commuter traffic is a major challenge. People don't feel safe walking around, and the measures mentioned above are helpful for addressing it. I chaired the Transportation Committee last year, and remain very active in these discussions, both directly as a constituent services issue and through the work of the overall ANC. We've also championed automated curbside management deployment in our neighborhood as a part of the pilot that the Council has been asking DDOT to implement.  Continue to work closely with DDOT to implement traffic safety measures that include daylighting, lane restrictions, PBLs, and other pedestrian-friendly improvements.","I have a listserve of about 350 residents that I update periodically. I can do a much better job of that and want to be better about sharing the overall work of the ANC with neighbors. People frequently come to me with their issues, and I do my best to provide a range of constituent engagement alongside my responsibilities to the ANC's activities.","After 2 years in office, I feel that I have made a meaningful difference helping the neighborhood to deal with DDOT's major construction project, ongoing issues with accessing city services, and speaking for our issues to the DC Council and the Mayor's office. I would like to serve for one more term during which I'll be able to put my lessons-learned to more effective use.","When it comes to public housing, I am deeply concerned about the quality of the properties where many of our neighbors live (Potomac Gardens, Hopkins). I want to see the city do a much better job of managing properties, protecting residents, and supporting these communities. Philosophically, I am quite open to all forms of added housing (as long as the financing pencils), but the follow-through is also important and I am deeply frustrated with DCHA."
119179706754,Katie Murphy,,,,7D,7D04,Not enough homes,"It's more important to enable more homes, and more types of homes, in more of our neighborhoods, even if that results in pushback for “changing a neighborhood’s character.”",Means-tested or income-restricted; Subsidized; Rent-controlled; Costing no more than 30 percent of one’s household income,Not means-tested or income-restricted; Unsubsidized; Not rent-controlled,"I see affordable housing and market-rate housing as different primarily in how the price is determined and whether there are affordability restrictions. In the United States, the Department of Housing and Urban Development (HUD) defines affordable housing as housing on which the occupant is paying no more than 30 percent of gross income for housing costs, including utilities. The term is also often used as shorthand for income-restricted affordable housing for low- and moderate-income households.  Market-rate housing is generally not income-restricted or subsidized, and its price is determined by the housing market. I do not think “affordable” simply means “cheap,” or that market-rate necessarily means “expensive.” A market-rate home can be affordable to a particular household depending on that household’s income, while an income-restricted unit can still be unaffordable to some households.  I think we need more housing across the spectrum, including both income-restricted affordable housing and market-rate housing. The proposed RFK development, which would add substantial new housing including affordable housing, is an important opportunity for the District and for Ward 7. Expanding our housing supply, while ensuring that new development includes meaningful affordable housing, is important to me.","District-owned housing on District-owned land, built by a District agency and managed by a District agency; District-owned housing on District-owned land, built by a District agency and managed by a private property-management company; District-owned housing on District-owned land, built by a private construction company and managed by a District agency; District-owned housing on District-owned land, built by a private construction company and managed by a private property-management company","Family-sized housing means housing that provides enough bedrooms, living space, and other basic amenities to comfortably accommodate a household with multiple people, not just a nuclear family of parents with children. I would generally think of two- and three-bedroom homes as family-sized housing. They should be available to families of different arrangements, including multigenerational households, roommates, and caregivers.",Enough historic districts,"Yes, inducing residents and visitors to drive less should be an explicit policy goal of the District.",Too many cars,One,Enough parking,Too few bars and restaurants,"New housing of all types should be built throughout all neighborhoods. Building more densely near transit is important, but people also deserve the option to live in rowhomes and small apartment buildings, even if those homes are not within a set proximity to a bus stop or train station.","Yes, apartments should be legal in all parts of all the District's neighborhoods.",N/A,"Yes, height and mass should be removed from the purview of the Historic Preservation Review Board.",I agree that 15 percent of all homes in a planning area should be affordable.,"I support adding housing in ANC 7D, but I don't think it is my place to identify specific sites for all 1,565 homes without a more comprehensive planning process and community input. I do think the RFK Campus is an important opportunity. The District is already planning a major mixed-use redevelopment of a long-underused site that includes housing with at least 30 percent of the new housing required to be affordable.  I would strongly support building substantial housing at RFK, including affordable and family-sized housing. It makes sense to take advantage of a large site to create new homes rather than continuing to leave such a significant part of the city underused. More broadly, I support identifying appropriate opportunities throughout ANC 7D for additional housing of different types and at different price points with particular attention to areas that can support more density.","I would prefer that development in my ANC be by-right. Knowing that what is zoned is all that is possible to build creates predictability for residents and housing providers, which is worth forgoing a negotiation for possible benefits.",I would support a zoning text amendment enabling an additional home per lot in R and RF zones.,If their home is further than a 15-minute walk to a bus stop or train station.,"Yes, I support removing parking and travel lanes to build dedicated bus lanes.","Yes, I support removing parking and travel lanes to build protected bike lanes.","Yes, I support the implementation of road pricing.","Yes, I will participate in the National Week Without Driving every fall.","When the weather is bad, I sometimes drive or have my partner drive me to the Stadium-Armory Metro station rather than walk or bike. I can commit to using Capital Bikeshare, including its e-bikes, for more of these trips instead of being driven.","Making sure River Terrace and the surrounding neighborhoods aren't overlooked as investment pours into the RFK campus. We have already seen what happens when neighborhoods east of the river aren't given enough attention. We were promised better transit through a streetcar extension, but that never came. We were promised that pedestrian paths across the bridges would be shoveled during snowstorms, but we were effectively snowed in for two weeks until residents shoveled out the neighborhood. I want to make sure our neighborhood actually benefits from the investment happening right next door especially through better transit and pedestrian access and better District services.  First, I would make sure residents know when there are opportunities to weigh in on the RFK redevelopment and make sure their voices are heard. I would help residents push for the things that would actually benefit our neighborhood, especially better transit access, and I would speak up for those priorities myself.  Second, I would keep doing what I have already been doing: staying on top of District agencies when our neighborhood needs something. That means getting residents' concerns to the right people, following up when we don't get an answer, escalating when we need to, and continuing to push until something actually gets done. That work isn't limited to RFK. Whether it's snow removal, public safety, trash, or transportation, I want residents to know that someone is paying attention and making sure the District pays attention too.","I don't think an ANC commissioner can assume that the people who email them or show up at meetings represent all 2,000 constituents. I want to make a real effort to hear from people who don't normally participate in ANC meetings or reach out to their commissioner.  I am already working on building those connections. I attend River Terrace Community Organization (RTCO) meetings, send a neighborhood newsletter that reaches more than 300 residents, and participate in two neighborhood group chats - a general neighborhood chat and a gardening group. I also want to do more to get information and opportunities for community input posted through RTCO's Facebook page and other neighborhood channels.  For bigger issues, I want to bring the issue to residents rather than waiting for people to find me. For example, when the possibility of the National Guard coming to our neighborhood came up, I discussed it with residents at a meeting and also asked for feedback by email. I listened to the feedback I received and opposed it.  I also think an ANC commissioner has to consider the people who aren't directly involved in a particular dispute. If there is a dispute about parking, for example, I want to consider not just the needs of people who park on the street, but also the needs of bus riders, pedestrians, cyclists, and people with mobility needs. If there is a question about new development, I want to consider both the concerns of current residents and the needs of people who need or want to live in the neighborhood. If there is a traffic issue, I want to think about drivers as well as people walking, biking, and taking transit.  I don't think my job is simply to count emails and follow whichever side sends the most. I would consider the range of feedback I receive, the people who may not be participating, the facts and potential impacts of an issue, and my own judgment about what is best for the neighborhood. I would also try to be transparent about how I reached a decision especially when there is disagreement.  My goal is to make it easier for residents to know what is happening, make their voices heard, and understand how decisions are being made. I don't expect to hear from every resident, but I do want to make sure that the people I hear from are not the only people I'm representing.","I am the right person to continue serving because I am already doing it. I chose to serve because this is my home, and I care about the things my neighbors care about because I experience them, too. I care about the health of the Anacostia River, reducing the rat population, keeping our neighborhood clean, and making sure River Terrace remains a place where people want to live. I participate in neighborhood cleanups, the plant swap, the garden tour, and other community activities. I help catch loose dogs in the neighborhood. I know what people are seeing and experiencing because I am already active and involved.  I also am a resource for my neighbors. Sometimes that means helping someone navigate the District government or understand an issue, and sometimes it means learning alongside them. I want to help residents feel more confident advocating for themselves while also taking on some of the burden when an issue needs to be escalated.  When a District agency isn't responding, I find the right person, follow up, escalate when necessary, and keep pushing until we get an answer or a solution. I send a newsletter to more than 300 residents, attend RTCO meetings, participate in neighborhood group chats, and work to make sure residents know what is happening and how they can get involved.  I don't just represent River Terrace; I am an active part of it. I want to continue to use the skills I have to make life easier for my neighbors.","I want to be honest that I am more knowledgeable about some of these issues than others. I know a lot about transit because I use it regularly, and transportation safety is particularly personal to me. My partner is an avid cyclist and has been hit by a driver, resulting in 8 broken bones and a hospital stay, so the safety of people walking and biking is not an abstract policy issue in our household. I understand how much the design of our streets can affect whether people feel safe getting around their own neighborhoods, and I want people to have many choices to move around the city without having to own a car.  I am less knowledgeable about housing and land use policy largely because these are issues I have not had as much direct experience with. I am willing to learn, and I have already learned a great deal through this questionnaire and the process of thinking through these questions. I don't think being an elected representative means pretending to know everything. It means being willing to listen, learn, ask questions, and make thoughtful decisions.  Ultimately, my positions are grounded in a belief in human dignity. People should have the things they need to live good lives: a safe place to live, the ability to get around safely and affordably, enough financial stability to save and plan for the future, and the opportunity to enjoy their lives and participate in their communities. I may still be learning the policy mechanisms that can make all of those things more achievable, particularly when it comes to housing and affordability, but I am very clear about the outcome I want. I want a District where more people can afford to live well, move safely through their neighborhoods, and build a good life."
119179613481,Ilsy Bu Orellana,,,,1B,1B02,Not enough homes,"It's more important to enable more homes, and more types of homes, in more of our neighborhoods, even if that results in pushback for “changing a neighborhood’s character.”",Costing no more than 30 percent of one’s household income,Not means-tested or income-restricted,"even if both affordability housing & market-rate housing we currently have stays the same or changes; the problem isn't just this. The main issue are opportunities, labor wage increases are what is needed and more. Even if we have feasible rates on housing but how can one still afford anything even now with a $18.40 minimum wage set in place? inhumane and appalling.","District-owned housing on District-owned land, built by a District agency and managed by a private property-management company; District-owned housing on District-owned land, built by a private construction company and managed by a District agency; District-owned housing on District-owned land, built by a private construction company and managed by a private property-management company",residential properties that offer dignified and functional layouts to comfortably accommodate individuals with children or not or with multi-generational families.,Not enough historic districts,"Yes, inducing residents and visitors to drive less should be an explicit policy goal of the District.",Enough cars,One,Not enough parking,Too few bars and restaurants,"New housing of all types should be built throughout all neighborhoods. Building more densely near transit is important, but people also deserve the option to live in rowhomes and small apartment buildings, even if those homes are not within a set proximity to a bus stop or train station.","Yes, apartments should be legal in all parts of all the District's neighborhoods.",N/A,"Yes, height and mass should be removed from the purview of the Historic Preservation Review Board.",I agree that 15 percent of all homes in a planning area should be affordable.,"near metro stations, university surroundings, nightlife, restaurant & shopping areas, vacant spaces & housing areas that have not been used and/or are in poor and neglected conditions.","I would prefer to negotiate a PUD. The delay in the production of new housing is worth the potential for—if not the guarantee of—benefits such as improvements to streets and sidewalks or more income-restricted, subsidized units than are required by District law.",I would support a zoning text amendment enabling an additional home per lot in R and RF zones.,If their home is further than a 10-minute walk to a bus stop or train station.,"Yes, I support removing parking and travel lanes to build dedicated bus lanes.","No, I do not support removing parking and travel lanes to build protected bike lanes.","Yes, I support the implementation of road pricing.","Yes, I will participate in the National Week Without Driving every fall.","I do not drive or own a car or a driver's license. My overall life (health, body, mind & happiness) has been transformed by simply choosing to walk everywhere and when needed, take a bus or use the metro system. When necessary, i'll catch a lyft here and there,","The city caring for the beautification, sanitation, accessibility to our SMD. Our SMD looks like trash every week night, rat problems continue to increase. We got a lot of homeless people on the streets, desolated and ignored. these things need to be taken care of immediately and prioritze the needs of the businesses along with those of the residents.  prioritize the wellbeing of every consituent that lives in my SMD, by making sure they all have access to their basic needs and bring them to come together and more involved with all aspects that influences their lives and the future of our society in our neighborhoods.","I plan to present an open communication platform with my constituents at all times, as am supposed to represent and adivse the city in their name. So is my job to make sure all 2k residents are being met with and heard.","My life calling since I have notion of humanity and our purpose on this earth, has been to serve others and be of service to this planet we have been entrusted with.",Not really. If I am to your appeal then i'm looking forward to work together soon and you get to know me upfront more and all that there is more to know of me. (outside these questions)
119179503657,Donte D Massey,,@DonteMassey1206,,7D,7D06,Not enough homes,"It's more important to enable more homes, and more types of homes, in more of our neighborhoods, even if that results in pushback for “changing a neighborhood’s character.”",Built by the government; Cheap; Subsidized; Rent-controlled; Costing no more than 30 percent of one’s household income,Expensive; Unsubsidized; Not rent-controlled; Costing more than 30 percent of one’s household income,"I believe the distinction between affordable housing and market-rate housing comes down to who can realistically afford to live there. Market-rate housing is generally priced based on what the private market can support, while affordable housing is designed or priced so that households with lower or moderate incomes can afford their housing without being forced to sacrifice other basic needs.","District-owned housing on District-owned land, built by a District agency and managed by a District agency; District-owned housing on District-owned land, built by a District agency and managed by a private property-management company; District-owned housing on District-owned land, built by a private construction company and managed by a District agency; District-owned housing on District-owned land, built by a private construction company and managed by a private property-management company","To me, family-sized housing means housing that gives families enough space to live safely, comfortably, and with dignity. That should include more than just traditional two-parent households. We need to recognize single parents, grandparents raising grandchildren, siblings raising younger family members, and multigenerational households as families.  Family-sized housing should include a meaningful supply of two-, three-, and four-bedroom homes and apartments, with enough living space, storage, and access to safe outdoor or community spaces. Affordability is also important. A home may have enough bedrooms to accommodate a family, but if that family cannot afford it, it is not truly accessible housing.  As an ANC commissioner, I would support policies that encourage the development and preservation of larger, affordable units so that families do not have to leave their communities simply because they need more space. I believe families should have the opportunity to grow and remain in the neighborhoods they call home.",Enough historic districts,"Yes, inducing residents and visitors to drive less should be an explicit policy goal of the District.",Enough cars,One,Not enough parking,Enough bars and restaurants,"New housing of all types should be built throughout all neighborhoods. Building more densely near transit is important, but people also deserve the option to live in rowhomes and small apartment buildings, even if those homes are not within a set proximity to a bus stop or train station.","Yes, apartments should be legal in all parts of all the District’s neighborhoods, and I would introduce a resolution supporting the legalization of sixplexes in the Comprehensive Plan rewrite.",N/A,"Yes, height and mass should be removed from the purview of the Historic Preservation Review Board, and I would introduce a resolution supporting such a policy.","I agree that 15 percent of all homes in a planning area should be affordable, and would introduce a resolution in support of such a policy.","I believe my SMD/ANC should contribute to the District's goal of creating more housing. I would prioritize vacant and underused lots, properties along major corridors, areas near existing commercial centers, and locations where existing transportation and infrastructure can support additional residents.  I would also look for opportunities to add housing through smaller-scale development, including accessory homes, conversions, rowhomes, and small multifamily buildings where appropriate. I would especially support creating more affordable and family-sized units, including two-, three-, and four-bedroom homes that can accommodate families, seniors, and multigenerational households.  I would not want all 210 homes concentrated in one location. I would support distributing new housing throughout the SMD/ANC in a thoughtful way so that no single block or neighborhood bears the entire impact of development.","I would prefer that development in my ANC be by-right. Knowing that what is zoned is all that is possible to build creates predictability for residents and housing providers, which is worth forgoing a negotiation for possible benefits.","I would support enabling an additional home per lot in R and RF zones, and would introduce a resolution in support of such a zoning text amendment.",If their home is further than a 20-minute walk to a bus stop or train station.,"Yes, I support removing parking and travel lanes to build dedicated bus lanes, and would introduce a resolution in support of doing so in my ANC.","Yes, I support removing parking and travel lanes to build protected bike lanes, and would introduce a resolution in support of doing so in my ANC.","Yes, I support the implementation of road pricing, and would introduce a resolution in support of the District doing so.","Yes, I will participate in the National Week Without Driving every fall.","One trip I can commit to changing is short trips to community meetings, events, and nearby community activities. When the destination is reasonably close and accessible by public transportation, I can commit to taking the bus or train instead of driving.  I can also choose to walk when the distance, weather, and safety conditions make it practical. As someone who is active in community work, I recognize that many of the trips I make are within neighborhoods where walking or public transportation can be a realistic option.  I understand that not every trip can be made without a car, especially when transporting supplies or traveling with materials for community events. However, I believe reducing unnecessary car trips is something each of us can contribute to. I want to lead by example by choosing public transportation, walking, or biking when those options are safe, reliable, and accessible.","One of the biggest issues I see in my community is the ability for residents and families to remain in the neighborhoods they call home. Rising housing costs, limited affordable and family-sized housing, and the risk of displacement can make it difficult for working families, seniors, and multigenerational households to stay connected to their communities.  My position is that we need more housing, but we also need to make sure that new development benefits the people who already live here. I support increasing the supply of affordable and family-sized housing while encouraging responsible development and protecting residents from unnecessary displacement.  I also understand that an ANC commissioner does not control housing policy or have the authority to solve these issues alone  If elected, I would realistically focus on using the ANC's voice and advisory authority to bring residents into development conversations early, provide informed recommendations to District agencies and the Zoning Commission, advocate for affordable and family-sized units in new developments, and connect residents with available housing and community resources.  Most importantly, I would listen to residents and make sure their concerns are documented and brought forward. I believe an effective ANC commissioner should be a bridge between the community and District government someone who helps turn residents' concerns into action while working with agencies, developers, and community organizations to find practical solutions.","As an elected representative, I would make decisions by listening to as many residents as possible while recognizing that the people who contact me may not represent the entire community. I would not assume that the loudest voice represents everyone.  I would use ANC meetings, community meetings, neighborhood events, surveys, and one-on-one conversations to hear from residents, including people who may not normally participate in ANC meetings. I would make an effort to hear from seniors, families, renters, homeowners, young people, people with disabilities, and residents who are often left out of community conversations.  When making decisions, I would consider resident feedback along with facts, available data, District policies, and the potential short- and long-term impact on the community. If residents disagree, I would listen respectfully, explain my reasoning, and remain open to new information.  Ultimately, my responsibility would be to represent the entire SMD, not just the people who agree with me or contact me most often. Even when I cannot support someone's preferred outcome, I want them to know they were heard, respected, and considered.","I believe I am the right person to serve as an ANC commissioner because I have a genuine commitment to serving my community and making sure residents have a voice in decisions that affect their everyday lives. My experience in community advocacy has taught me how important it is to listen, build relationships, bring people together, and turn residents' concerns into action.  I understand that being an ANC commissioner is not about having all the answers. It is about being accessible, willing to learn, willing to listen, and willing to advocate for the people you represent. I would bring that approach to the position.  I care deeply about issues that affect families, seniors, young people, renters, homeowners, and residents who may not always feel heard by government. I believe our community deserves someone who will communicate openly, work with different perspectives, and make decisions based on what is best for the entire SMD not just a particular group.  My leadership is also grounded in service and faith. I believe the work I do is bigger than me, and that my ability to serve others is a responsibility and an opportunity. If elected, I would bring that same spirit of service, accountability, and community advocacy to the ANC.  I may not be able to solve every problem, but I will show up, listen, follow through, and make sure our community has a seat at the table.","I want GGWash to know that my positions on housing, transportation, and land use are rooted in one basic belief: our communities should work for the people who live in them. I support building more housing, including affordable and family-sized housing, while making sure development is responsible and residents have a meaningful voice in the process.  I believe we can add housing without losing the character and history that make our neighborhoods special. We should also make it easier for residents to get around without having to depend on a car by investing in reliable public transportation, safe sidewalks, crosswalks, and other transportation options.  As an ANC commissioner, I would approach these issues with an open mind. I am willing to listen to perspectives that differ from my own, learn from experts and residents, and consider the long-term impact of decisions. I do not believe housing, transportation, and land use should be treated as separate issues. They are connected to affordability, opportunity, public safety, and quality of life.  Ultimately, I want to help build a District where families can afford to stay, new residents can find a home, seniors can age in place, and everyone has a safe and reliable way to move through their community."
119179325606,J. Swiderski,,,https://goodchange.app/donate/j4anc,1B,1B03,Not enough homes,"It's more important to enable more homes, and more types of homes, in more of our neighborhoods, even if that results in pushback for “changing a neighborhood’s character.”",Costing no more than 30 percent of one’s household income,Not means-tested or income-restricted,"Market-rate housing can be affordable, depending on the market and what you can afford; they’re not mutually exclusive. Conversely, housing doesn’t have to be subsidized to be affordable—and even a cheap apartment isn’t necessarily affordable. I once paid $550/month for my half of a 2-bedroom apartment in Madison, NJ, but since I was making $300/week as a stage electrician, that was still over half my check….  We can both lower the market rate of housing (for example, by building lots more of it) and make housing more affordable to more people (by subsidizing more of it, or by subsidizing it more, by capping rents, or by raising incomes, or by a myriad of other options) and we should do most if not all of those things. But mostly we just need to build a lot more of it.","District-owned housing on District-owned land, built by a District agency and managed by a District agency; District-owned housing on District-owned land, built by a District agency and managed by a private property-management company; District-owned housing on District-owned land, built by a private construction company and managed by a District agency; District-owned housing on District-owned land, built by a private construction company and managed by a private property-management company","This term is meaningless to me. My family is only two people, but my dad is the eldest of eight. I am an only child, so growing up, my family was three people. My mom, like my partner, has one brother, but my mother-in-law has four siblings. I know several couples with three kids and at least one family of three adults and a couple kids.  Childless couples and single-parent households and poly triads are families just as much as “traditional” couples with two or five or eight children. All deserve to be able to find enough space to live comfortably in at a price they can afford—but research shows the actual shortage in DC’s housing stock is at the low end of the space scale: There are so few studios and 1-bedroom apartments that thousands of single adults and couples are living with 1, 2, or 5 others and “taking up” space that could house a single family with multiple kids, not by choice but because it’s the only way they can afford any space at all. We need many more units, all up and down the size scale, but creating more small units at prices recent graduates (and non-graduates!) can afford would allow more young adults to get their own homes and “free up” the larger units that already exist for the larger families that need them.",Enough historic districts,"Yes, inducing residents and visitors to drive less should be an explicit policy goal of the District.",Too many cars,Zero,Enough parking,Enough bars and restaurants,"New housing of all types should be built throughout all neighborhoods. Building more densely near transit is important, but people also deserve the option to live in rowhomes and small apartment buildings, even if those homes are not within a set proximity to a bus stop or train station.","Yes, apartments should be legal in all parts of all the District’s neighborhoods, and I would introduce a resolution supporting the legalization of sixplexes in the Comprehensive Plan rewrite.",N/A — People who live in apartments also deserve to be able to live on quiet side streets and shouldn’t be forced to tolerate major-road noise and air pollution just to “protect neighborhoods from change.”,"Yes, height and mass should be removed from the purview of the Historic Preservation Review Board.",I agree that 15 percent of all homes in a planning area should be affordable.,"My SMD includes numerous rowhomes that could be bases for popups or basement apartments like the one in which I myself live; indeed, there are many such projects already underway, though the Department of Buildings needs to do a better job of ensuring those projects are done safely and they don’t harm neighboring properties.  My SMD also includes several properties that could be redeveloped into new homes, such as Howard University’s parking lot on the triangle between Sherman Avenue, Florida Avenue, and Barry Place. Additionally, a substantial section of DCHA’s Garfield Terrace is in poor condition and serving many fewer residents than it could be. I also would love to know more about the Howard University Service Center on 10th and 11th Streets south of Florida and whether it might be possible to either use the properly more intensively so it is less of a dead zone, especially at night and on weekends, or incorporate its functions into another campus property and redevelop that site.  Elsewhere in and around ANC 1B, the several District-owned properties that are already under consideration for conversion to residences (Reeves Center, 1619 U) should continue to move forward, as I’ve written previously, and I would support redevelopment of other properties as well, such as the DC Housing Finance office and garage on 9th and Florida or the firehouse on Sherman near Euclid (in 1E, granted). I will also continue to support private developers developing projects on private property, such as the Christian Tabernacle Church on 10th and V, or the multiple developments of Howard University’s parking lots and buildings near Georgia and V St in ANC 1E.","I would prefer that development in my ANC be by-right. Knowing that what is zoned is all that is possible to build creates predictability for residents and housing providers, which is worth forgoing a negotiation for possible benefits.",I would support a zoning text amendment enabling an additional home per lot in R and RF zones.,If their home is further than a 15-minute walk to a bus stop or train station.,"Yes, I support removing parking and travel lanes to build dedicated bus lanes, and would introduce a resolution in support of doing so in my ANC.","Yes, I support removing parking and travel lanes to build protected bike lanes, and would introduce a resolution in support of doing so in my ANC.","Yes, I support the implementation of road pricing, and would introduce a resolution in support of the District doing so.","Yes, I will participate in the National Week Without Driving every fall.","As I wrote last time, I already minimize my driving within the city—I commute, socialize, buy groceries, and run nearly all errands on transit, bike, or foot. Nearly all of my current car use is to go with my partner to visit our families, who live in places that are not (yet) accessible by Amtrak within a reasonable span of time or at a reasonable hour.  I fully support the District’s goals to reduce trips by car, and work professionally to help communities across the Mid-Atlantic become easier to get around on foot and by bike. I look forward to working as a Commissioner to make it easier for neighbors in ANC 1B and across DC to reduce their car use, both by supporting more transit, biking, and walking infrastructure, and by supporting bringing more housing, jobs, groceries and so forth within walking and biking distance of each other.","While collecting signatures, I heard multiple times about the problems with rats in our rowhouse neighborhoods, and issues with trash collection that contribute to the pest problems. As I wrote last time, I believe a lot of our problems are due to dysfunctional and ill-focused agencies; DPW, in addition to failing to get the garbage into the trucks, also would rather remove “abused” public trash cans than empty them frequently enough (or investigate why residents, particularly of multifamily buildings, put their trash in them rather than their home cans and dumpsters).  I have also heard from many residents that they have found it difficult or impossible to get through to our current Commissioner and to get responses from District staff. I look forward to working with fellow Commissioners and our colleagues across the Ward and around the District to push agencies to be more responsive to our constituents, and — mindful that we will also have several new Councilmembers and a new Mayor next year — to working with our Councilmembers to hold agency leaders responsible, find the systemic issues causing these problems, and create solutions and the oversight to ensure they are implemented, both during Performance Oversight/Budget in the spring and throughout the year.","Like most Commissioners, I already have one full-time job; I intend to invite people to email me, and will consider having a periodic ‘office-hours’ for people to come meet me in person and putting out newsletters, but even those efforts will never reach every single constituent.  I will make decisions based on what I believe is best for the District and its residents, particularly what is most likely to reduce traffic violence, home prices and homelessness, and the impacts of climate change, and to improve transit, walking, and biking and create increased housing and tree canopy.","I already work across ANC 1B, Ward 1, the District, and the region to make life better for our neighbors: I am a member of the ANC’s transportation committee, a precinct representative to the Ward 1 Democrats, the Ward 1 Member of DC’s Pedestrian Advisory Council, as well as a transportation planner, working on projects across the DMV and throughout the Mid-Atlantic. I’ve testified at Council both on behalf of the PAC and for myself, primarily but not only on transportation issues.  I’ve held board positions both in professional organizations (DC chapters of Young Professionals in Transportation, Association of Pedestrian and Bicycle Professionals) and community organizations (Reed-Cooke Neighborhood Association, Better Streets Lawrenceville [Pittsburgh]), have organized DC’s edition of the Ride of Silence memorial bike ride for victims of traffic violence since 2019, and am a Member at Large of the board of Ex Lapide, Virginia Tech’s Society for queer alumni and allies.  I am deeply curious and collaborative, so I have both knowledge of and connections throughout the District and its agencies, and look forward to working with my colleagues on the Commission, at Council, and across the District, rather than against them.","We talk a lot about housing, and particularly affordable housing, and the desperate lack of both in the District and the DMV overall, but we are also dreadfully short on small and affordable commercial spaces. ANC 1B, for example, has plenty of bars, but not nearly enough restaurants, much less coffee shops and other places to hang out with people and drink things that aren’t alcohol. In the last couple years, we’ve also lost corner stores and even our 7-11. These things too are important to making a neighborhood livable, and I look forward to working with fellow Commissioners and our new Councilmember and Mayor on this issue as well."
119179065688,Huma Imtiaz,,https://www.humaimtiaz.com,,5E,5E04,Not enough homes,"It's more important to enable more homes, and more types of homes, in more of our neighborhoods, even if that results in pushback for “changing a neighborhood’s character.”",Means-tested or income-restricted; Built by the government; Cheap; Subsidized; Rent-controlled; Costing no more than 30 percent of one’s household income,Built by private developers; Unsubsidized; Costing more than 30 percent of one’s household income,"Affordable housing is for those who often fall between the gaps of being able to access market-rate housing, and affordable housing requires additional resources to alleviate the burden of rent. And while some small percentage of market-rate housing can be open to people making a certain amount of AMI, it is truly dictated by the ""market"".","District-owned housing on District-owned land, built by a District agency and managed by a District agency; District-owned housing on District-owned land, built by a District agency and managed by a private property-management company; District-owned housing on District-owned land, built by a private construction company and managed by a District agency; District-owned housing on District-owned land, built by a private construction company and managed by a private property-management company",A two bedroom apartment or house is family-sized,Too many historic districts,"Yes, inducing residents and visitors to drive less should be an explicit policy goal of the District.",Too many cars,Zero,Too much parking,Too few bars and restaurants,"New housing of all types should be built throughout all neighborhoods. Building more densely near transit is important, but people also deserve the option to live in rowhomes and small apartment buildings, even if those homes are not within a set proximity to a bus stop or train station.","Yes, apartments should be legal in all parts of all the District’s neighborhoods, and I would introduce a resolution supporting the legalization of sixplexes in the Comprehensive Plan rewrite.",N/A,"Yes, height and mass should be removed from the purview of the Historic Preservation Review Board, and I would introduce a resolution supporting such a policy.","I agree that 15 percent of all homes in a planning area should be affordable, and would introduce a resolution in support of such a policy.","The parcel at Michigan Avenue + N. Cap St NW (part of Reservoir District), the vacant lot at 1st and Thomas St NW.","I would prefer to negotiate a PUD. The delay in the production of new housing is worth the potential for—if not the guarantee of—benefits such as improvements to streets and sidewalks or more income-restricted, subsidized units than are required by District law.","I would support enabling an additional home per lot in R and RF zones, and would introduce a resolution in support of such a zoning text amendment.",If their home is further than a 20-minute walk to a bus stop or train station.,"Yes, I support removing parking and travel lanes to build dedicated bus lanes, and would introduce a resolution in support of doing so in my ANC.","Yes, I support removing parking and travel lanes to build protected bike lanes, and would introduce a resolution in support of doing so in my ANC.","Yes, I support the implementation of road pricing, and would introduce a resolution in support of the District doing so.","Yes, I will participate in the National Week Without Driving every fall.","The lack of bike infrastructure is an issue, else I'd like to go to the National Arboretum and Costco more often by bike.","The lack of safe streets remains an ongoing issue in my neighborhood. Every day, we see drivers recklessly endangering pedestrians, cyclists, fellow drivers, and themselves by speeding, violating traffic laws, and being actively hostile. As I have said, like a broken record, this is unacceptable, and an entirely manmade problem. We should not accept as a status quo that our neighborhood has to be fenced in by multiple high injury network corridors, just so that we do not inconvenience a driver.  Continue advocating for DDOT, DPW and other District agencies for measures to make our streets safer - from booting more drivers who have racked up $$$ in unpaid tickets to redesigning our roads to make them calmer and safer. I would also press DDOT to advance and implement their plans to widen the sidewalks where they are currently not-ADA accessible on North Capitol St, prioritize the plans to create bus priority lanes on Rhode Island Avenue, and also advocate for bus shelters on RI Avenue.  As a current commissioner, I have introduced and had our ANC pass resolutions that advocate for street safety measures that have yielded in tangible results: better signage, new crosswalks, a red light camera, and if elected, would continue pushing for solutions to help improve the quality of life in the neighborhood and the District writ large.","As I have (I hope!) in the previous two terms as serving as commissioner, I will continue to solicit feedback from everyone, engage with residents, and continue to provide transparency and reasoning behind my positions on issues. I have always thought that we need to weigh both short and long term gains, because decisions made by commissioners and the ANC as a whole have a lasting impact. Tackling the issues we face (lack of housing, inequality, transportation issues, street safety — to name a few) will often require making decisions that not everyone will agree with, but if re-elected, I will continue to advocate for the best interests of the District.","While I may have lived in this neighborhood for more than a decade now (it feels like yesterday), I want everyone who lives here — whether they moved in today or plan to move here a year or 5 years from now — to benefit from what DC can deliver on. We should have more responsive District agencies, safer streets, better transit and housing options, and amenities from green spaces to more retail and dining options — and as a commissioner, I will continue to push and advocate for making our neighborhood, Ward, and District better and brighter (like I have previously said!).","My focus on prioritizing better policies for housing, transportation and land use is rooted in the need for a more equitable District. For far too long, regressive and bad policymaking has led to an unequal D.C. – one where housing opportunities are increasingly closed off to those below a certain income level, transportation priorities center around those who use private vehicles as a means of primary transport and neglect public transport users, and land use is subject to archaic regulations. As an ANC commissioner, we can play a tiny but key role in advocating for policies that can lead to a more equitable District."
119178758866,Dominique D. Satterwhite,,,,1E,1E02,Enough homes,"It's more important to enable more homes, and more types of homes, in more of our neighborhoods, even if that results in pushback for “changing a neighborhood’s character.”",Means-tested or income-restricted; Cheap; Subsidized; Rent-controlled; Costing no more than 30 percent of one’s household income,Not means-tested or income-restricted; Expensive; Unsubsidized; Not rent-controlled; Costing more than 30 percent of one’s household income,"As an ANC 1E02 commissioner, I view affordable housing and market-rate housing as complementary parts of a healthy and inclusive neighborhood. Affordable housing is housing that is accessible to households with lower or moderate incomes, often through income-based requirements, public financing, or other affordability mechanisms. Market-rate housing, by contrast, is generally priced according to local market conditions, without income restrictions. The distinction is especially important in a neighborhood like ours, where rising housing costs can make it difficult for longtime residents, working families, seniors, and younger residents to remain in the community. While market-rate development can increase the overall housing supply and bring investment to the neighborhood, it does not necessarily create housing that is affordable to residents at every income level. I believe housing policy should support a range of housing types and price points while preserving the diversity and stability of our community. Increasing the supply of affordable housing alongside responsible market-rate development can help ensure that neighborhood growth benefits both current residents and future residents, rather than contributing to displacement or making the community accessible only to higher-income households.","District-owned housing on District-owned land, built by a District agency and managed by a District agency; District-owned housing on District-owned land, built by a District agency and managed by a private property-management company; District-owned housing on District-owned land, built by a private construction company and managed by a District agency; District-owned housing on District-owned land, built by a private construction company and managed by a private property-management company","To me, family-sized housing means more than simply having multiple bedrooms. It means providing homes with enough space, privacy, and functionality for families to live comfortably as their needs change over time. This can include two- and three-bedroom apartments, townhomes, and other housing types that can accommodate parents, children, multigenerational households, or other family arrangements. Family-sized housing should also be genuinely attainable for working families—not limited to large units that are priced beyond the reach of most residents. In ANC 1E02, I believe we should encourage a range of housing options that allow families to remain in the neighborhood as they grow, while also supporting seniors, caregivers, and multigenerational households. A diverse housing stock strengthens a community. Families should have the opportunity to put down roots, children should be able to grow up near friends and schools, and residents should not have to leave the neighborhood simply because their household has grown. To me, creating and preserving family-sized housing is therefore both a housing issue and a community-stability issue.",Not enough historic districts,"No, inducing residents and visitors to drive less should not be an explicit policy goal of the District.",Enough cars,Two,Not enough parking,Enough bars and restaurants,"New housing of all types should be built throughout all neighborhoods. Building more densely near transit is important, but people also deserve the option to live in rowhomes and small apartment buildings, even if those homes are not within a set proximity to a bus stop or train station.","Yes, apartments should be legal in all parts of all the District's neighborhoods.",N/A,"No, height and mass should not be removed from the purview of the Historic Preservation Review Board.",I agree that 15 percent of all homes in a planning area should be affordable.,"If 210 new homes needed to be built in ANC 1E02, I would concentrate the majority along the Georgia Avenue corridor, particularly around existing commercial and transit-accessible areas. I would look first at underused commercial properties, vacant lots, surface parking, and sites where redevelopment could add housing without displacing existing residents. Rather than putting all 210 homes on one site, I would favor several appropriately scaled projects along Georgia Avenue and at other major intersections. For example, redevelopment of underutilized commercial parcels could provide additional homes while also bringing new storefronts, services, and activity to the corridor. I would be less inclined to place significant new density in the middle of established residential blocks where it could create unnecessary displacement or conflicts with existing housing. I would also want the 210 homes to include a meaningful mix of affordable and market-rate units, including two- and three-bedroom homes for families. New development should be paired with improvements to sidewalks, pedestrian safety, transit access, public space, and other neighborhood infrastructure where needed. My basic approach would be: put more housing where there is already infrastructure and commercial activity, use underutilized land before displacing existing residents, and make sure new housing serves a range of incomes and household sizes. That would allow ANC 1E02 to add housing while strengthening rather than undermining the existing community.","I would prefer to negotiate a PUD. The delay in the production of new housing is worth the potential for—if not the guarantee of—benefits such as improvements to streets and sidewalks or more income-restricted, subsidized units than are required by District law.",I would support a zoning text amendment enabling an additional home per lot in R and RF zones.,If their home is further than a 10-minute walk to a bus stop or train station.,"No, I do not support removing parking and travel lanes to build dedicated bus lanes.","No, I do not support removing parking and travel lanes to build protected bike lanes.","No, I do not support the implementation of road pricing.","Yes, I will participate in the National Week Without Driving every fall.","Go to stores, work, tourism, and dining.","One of the biggest issues facing our neighborhood is rising housing costs and the risk of displacement. As prices increase, longtime residents, working families, seniors, and younger people may struggle to stay. At the same time, we need more housing to meet demand and ease pressure on supply.  My position is that ANC 1E02 should support responsible housing growth while prioritizing affordability, family-sized housing, and neighborhood stability. Development and affordability should go together. We can welcome new homes while advocating for affordable units, preserving existing affordable housing, and supporting housing for a range of households.  An ANC cannot set rents or directly control most housing policy, but commissioners can advocate and convene. If elected, I would engage residents early, communicate clearly about developments, and use the ANC to push for affordability, family-sized units, tenant protections, and community benefits.  I would also work with residents, housing groups, developers, and District agencies to support both new housing and preservation. Most importantly, I would ensure community concerns are consistently raised with decision-makers. My goal is to use the ANC’s voice to help shape growth so more residents can afford to stay in our neighborhood.","I approach decision-making as an ANC commissioner by recognizing that I will never hear from every constituent directly, and that the voices I do hear may not reflect the full diversity of the neighborhood. Because of that, I would treat constituent input as one important source of information, not the only one.  To make balanced decisions, I would actively seek out a wide range of perspectives through office hours, community meetings, walking the neighborhood, surveys, and outreach to groups that are often less heard, including renters, seniors, young people, and non-English-speaking residents. I would also rely on data from District agencies, planning documents, and housing and demographic trends to understand the broader impact of issues affecting the community. My goal would be to combine lived experience with evidence, and to be transparent about how I reach conclusions.  I also recognize that ANC commissioners serve in an advisory role, which means part of my responsibility is to weigh competing interests and think about long-term neighborhood outcomes, not just immediate preferences. I would aim to make decisions that are fair, consistent, and grounded in equity, especially when different groups in the community have different needs or priorities.  Housing is a clear example of this. Rising housing costs and the risk of displacement affect many residents, but I would not assume there is a single community position on how to respond. Instead, I would listen to tenants concerned about affordability, homeowners concerned about neighborhood change, housing advocates focused on supply, and developers working within zoning constraints. I would then evaluate proposals based on how well they balance affordability, stability, and responsible growth.  In practice, I would use the ANC’s role to elevate community concerns to District agencies, encourage early and transparent engagement on development projects, and advocate for outcomes that expand housing options while protecting long-term residents. My decisions would be guided by a commitment to represent the whole community as fairly as possible, even when not every voice can be heard equally or agree.","I believe I am the right person to serve as an ANC commissioner because I would bring a thoughtful, inclusive, and practical approach to representing my SMD. I understand that the role is not simply to represent the loudest voices, but to listen to residents with different experiences and priorities and work toward solutions that serve the broader community.  I would make myself accessible through community meetings, office hours, neighborhood walks, and direct outreach, while making a deliberate effort to hear from renters, homeowners, seniors, families, young people, and residents who may not typically participate in ANC meetings.  I also believe good representation requires more than listening. I would review the facts, understand District policies and data, seek out different perspectives, and be transparent about how I reach decisions. On issues such as housing, development, transportation, public safety, and neighborhood services, I would balance immediate concerns with the long-term interests of the community.  I recognize the ANC's authority is limited, but I believe commissioners can be effective advocates. I would elevate constituent concerns to the appropriate agencies, engage early on important proposals, build constructive relationships, and follow through.  Most importantly, I would work to represent the entire SMD fairly and consistently. My goal is to be accessible, prepared, respectful, and accountable to the community I serve.","I would like GGWash to understand that my positions on housing, affordable housing, transportation, and land use are fundamentally connected. I believe ANC 1E02 should be a neighborhood where people at different income levels and stages of life can afford to live, where families can find appropriately sized homes, and where residents can access jobs, schools, businesses, parks, and services without being dependent on a car. I support adding housing, particularly along major corridors such as Georgia Avenue and on vacant or underutilized commercial properties, surface parking lots, and other sites where additional density can be accommodated responsibly. I believe increasing the housing supply is important, but I do not view housing as simply a numbers exercise. New development should include affordable and family-sized housing and should be planned with the needs of existing residents in mind. Affordable housing should also mean preserving affordability that already exists. I would support efforts to prevent displacement and preserve existing affordable homes, while recognizing that the District needs to build substantially more housing to meet current and future demand. We should be able to pursue both goals at the same time. Transportation and land use should be planned together. I support making it easier and safer to walk, bike, and use public transportation, particularly along corridors where we are encouraging additional housing. New development should be accompanied by attention to pedestrian safety, sidewalks, transit access, traffic impacts, and public infrastructure. Finally, I recognize the limits of the ANC's authority. I would not promise residents that an ANC can solve the District's housing or transportation challenges by itself. Instead, I would focus on using the Commission's voice effectively: engaging residents early, reviewing proposals carefully, advocating with District agencies, and building constructive relationships with community organizations, planners, developers, and other stakeholders. My goal is a neighborhood that grows without losing its diversity—a place where new residents are welcomed, longtime residents can stay, and public investment and development work together to create a more affordable, connected, and resilient community."
119178414631,Alex Marshall,,twitter.com/a_r_marshall,,2B,2B05,Not enough homes,"It's more important to preserve the character of our neighborhoods, and the District’s land-use regulations should reflect that.",Means-tested or income-restricted; Cheap; Subsidized; Rent-controlled; Costing no more than 30 percent of one’s household income,Not means-tested or income-restricted; Unsubsidized; Not rent-controlled,What’s considered affordable housing varies based on an individual’s financial situation. Market-rate is housing which has price set by supply and demand and not targeted government intervention.,"District-owned housing on District-owned land, built by a District agency and managed by a District agency; District-owned housing on District-owned land, built by a District agency and managed by a private property-management company; District-owned housing on District-owned land, built by a private construction company and managed by a District agency","Units that have more than one bedroom. Similar to affordable housing, it varies based on familial circumstances.",Too many historic districts,"Yes, inducing residents and visitors to drive less should be an explicit policy goal of the District.",Too many cars,Zero,Too much parking,Enough bars and restaurants,"New housing of all types should be built throughout all neighborhoods. Building more densely near transit is important, but people also deserve the option to live in rowhomes and small apartment buildings, even if those homes are not within a set proximity to a bus stop or train station.","Yes, apartments should be legal in all parts of all the District’s neighborhoods, and I would introduce a resolution supporting the legalization of sixplexes in the Comprehensive Plan rewrite.",N/A,"Yes, height and mass should be removed from the purview of the Historic Preservation Review Board, and I would introduce a resolution supporting such a policy.",I agree that 15 percent of all homes in a planning area should be affordable.,"SMD 2B05 is a leader in office to residential conversions and that will continue to be the primary way we can build housing in our dense neighborhood. This includes two major projects in the pipeline:166 units at Dupont Dimora (the former Ring Building) and 160 units at the Longfellow Building. 2B05 has many vacant or underutilized office buildings, including Johns Hopkins’ former Bernstein-Offit Building, which I’ve encouraged JHU to advertise as a residential conversion opportunity. On a smaller scale, the 1700 block of N Street is primarily large rowhouses that have long been used as non-profit and embassy offices. There are a couple projects underway to subdivide some into smaller apartment buildings. I’d like to encourage similar projects. A good example is 1743-1755 N Street, which preserved historic facades while building entirely new apartments in the rear.","I would prefer that development in my ANC be by-right. Knowing that what is zoned is all that is possible to build creates predictability for residents and housing providers, which is worth forgoing a negotiation for possible benefits.","I would support enabling an additional home per lot in R and RF zones, and would introduce a resolution in support of such a zoning text amendment.",If their home is further than a 15-minute walk to a bus stop or train station.,"Yes, I support removing parking and travel lanes to build dedicated bus lanes, and would introduce a resolution in support of doing so in my ANC.","Yes, I support removing parking and travel lanes to build protected bike lanes, and would introduce a resolution in support of doing so in my ANC.","Yes, I support the implementation of road pricing, and would introduce a resolution in support of the District doing so.","Yes, I will participate in the National Week Without Driving every fall.",99% of my travel doesn’t involve a car and the rare occasions I use a rideshare vehicle (usually less than once a month) are limited to circumstances I don’t plan to reduce. We need more housing. Prices are high to live in Dupont Circle because it’s a fantastic place to live but the amount of supply hasn’t kept up with demand.,"We need more housing. Prices are high to live in Dupont Circle because it’s a fantastic place to live but the amount of supply hasn’t kept up with demand.  I’ve encouraged developers with office property on the market in my SMD to market as potential residential conversions, which I will continue to do. I support methods to make housing construction easier and more affordable including regularly approving after hours construction requests and offering to support closure of travel lanes to facilitate construction staging.",I take into consideration the opinions I hear but ultimately make the decisions I believe are best for the public. I’ve done this as an ANC multiple times including supporting liquor licenses in my SMD over the opposition of neighbors and telling constituents I won’t advocate to increase parking spaces.,"In my first term, I’ve brought bold ideas to ANC 2B, including nominating 17th St NW to be the first pedestrianized space in the District under the PLAZA Act, leading the commission’s recommendations to the DDOT Strategic Bikeways plan, and introducing resolutions to call for more by-right development in the District. I’ve stood up for neighbors who faced repeated PEPCO outages with no support for District government and supported the opening of new businesses.",I’m excited to work with a new administration that sees increased housing and improved transportation as keys to making our city more affordable.
119178313568,Bill Rubin,,,,2B,2B07,Not enough homes,"It's more important to enable more homes, and more types of homes, in more of our neighborhoods, even if that results in pushback for “changing a neighborhood’s character.”",Means-tested or income-restricted; Subsidized; Costing no more than 30 percent of one’s household income,Not means-tested or income-restricted; Unsubsidized,N/A,"District-owned housing on District-owned land, built by a District agency and managed by a District agency; District-owned housing on District-owned land, built by a District agency and managed by a private property-management company; District-owned housing on District-owned land, built by a private construction company and managed by a District agency; District-owned housing on District-owned land, built by a private construction company and managed by a private property-management company",Three or more bedrooms,Enough historic districts,"Yes, inducing residents and visitors to drive less should be an explicit policy goal of the District.",Too many cars,One,Enough parking,Too few bars and restaurants,"New housing of all types should be built throughout all neighborhoods. Building more densely near transit is important, but people also deserve the option to live in rowhomes and small apartment buildings, even if those homes are not within a set proximity to a bus stop or train station.","Yes, apartments should be legal in all parts of all the District's neighborhoods.",N/A,"Yes, height and mass should be removed from the purview of the Historic Preservation Review Board.",I agree that 15 percent of all homes in a planning area should be affordable.,"Although ANC 2B is already the fifth most densely populated ANC, there are still opportunities to add hundreds more housing units. The Safeway, the McDonalds and the CVS on 17th St are low density commercial sites on prime corner lots in a major corridor. I would like to see these sites developed for mixed residential and retail use as long as it can be done, in the case of Safeway and CVS, while maintaining those retail businesses on the ground level after construction. Just those three underutilized lots could support possibly hundreds of new homes. Although just outside ANC 2B, I strongly support the proposed development of the police/fire station at 1617 U and would like to see the re-zoning issue reopened so that the entire block is up-zoned. Upzoning the entire block would allow an additional 175 units to be built and it’s possible that this could be accomplished through changes to the Comprehensive Plan which is currently under review. Furthermore, with the election of Janeese Lewis-George as Mayor, there is an opportunity for this site to be used for social housing rather than the usual private sector mix of market rate and affordable units. Also just outside ANC 2B is the Sunoco station currently being demolished at 15th and U which would be a prime location to build hundreds of units of new housing. There is no information available about what the owner’s plans are for that site, but ensuring that as much new housing as possible is built on that site should be a priority. Finally, there are a few other lots actually in ANC 2B that could be ripe for residential development: the Shell station on 18th St, the surface parking lot at 1919 Massachusetts Ave (with the Connecticut Avenue deckover, no longer critical for the Dupont Circle farmer's market) and the parking lot for St. Luke's on Church St. There should be incentives for converting surface parking to residential development, just as there are for office conversions.","I would prefer to negotiate a PUD. The delay in the production of new housing is worth the potential for—if not the guarantee of—benefits such as improvements to streets and sidewalks or more income-restricted, subsidized units than are required by District law.",I would support a zoning text amendment enabling an additional home per lot in R and RF zones.,If their home is further than a 20-minute walk to a bus stop or train station.,"Yes, I support removing parking and travel lanes to build dedicated bus lanes, and would introduce a resolution in support of doing so in my ANC.","Yes, I support removing parking and travel lanes to build protected bike lanes, and would introduce a resolution in support of doing so in my ANC.","Yes, I support the implementation of road pricing.","Yes, I will participate in the National Week Without Driving every fall.","I currently mostly use my car for grocery shopping and for doctor’s visits. I usually drive to Friendship Heights for medical appointments but I can certainly commit to taking those trips by Metro whenever practical. I fully support the District’s plan to be carbon-free by 2045. I’ve been trying to do my part by driving an EV and installing solar panels on my roof. In fact, I think the DC government should be doing a lot more to promote the switchover from ICE cars to EVs. One thing I will do as an ANC member is to advocate for the installation of a network of curbside EV chargers in ANC 2B. Currently, there are few overnight charging options for residents who own EVs and do not have dedicated off-street parking.","The biggest issue for my SMD is traffic safety. The future of 17th St between R and P is a key piece: the protected bike lanes north of R and south of P have slowed traffic and made the street safer. But between R and P, compromises made to preserve streateries left a bike lane going north with none going south, while the pre-existing delivery truck problem was never addressed. I support pedestrianizing 17th St between R and P provided alley access for residents and trash/recycling collection is preserved. But even if that’s only possible in the longer term, more can be done now: with the streateries on the west side gone, a two-way protected bike lane there should be revisited. The ANC should also work with Safeway, True Value, CVS and other businesses to end 53-ft trailer deliveries and restrict delivery hours — at peak times, trucks routinely block crosswalks, a problem that predates the bike lanes. All flex posts should become permanent curb extensions; trucks and cars currently drive over them, endangering pedestrians and cyclists. I support protected bike lanes on Q and R Streets even if it costs a lane of parking, though a two-way lane on R St alone (rather than one-way lanes on both streets) may better preserve parking. Finally, as the protected bike network expands, I support extending the downtown prohibition on riding bicycles and personal mobility devices on sidewalks to ANC 2B. Our often-narrow sidewalks should primarily be for pedestrians.  If elected, I would introduce a resolution asking the DC Council and DDOT to extend to ANC 2B the existing prohibition on riding bicycles and personal mobility devices on sidewalks in the Central Business District. As the protected bike network expands, I believe sidewalks in ANC 2B should primarily be for pedestrians. Many are narrow and already heavily used, and pedestrians should not have to compete with bikes and scooters for limited space. The ANC should also work with DDOT to identify locations where better bike infrastructure can make this restriction practical while preserving safe routes for cyclists.","First, ANC members have to follow established law and procedures as they currently stand, not as they wish them to be. For example, if 60% of the property owners on a block follow the established procedure and petition to replace a female gingko tree with a male tree, the ANC should consider that petition on its merits. Blocking it or, worse, refusing even to consider it without a specific reason, simply because the ANC members oppose ever replacing a healthy mature tree, is an abuse of their discretionary power. Second, although it won't be possible to hear from all constituents, it's important for ANC members to solicit feedback from their constituents and keep their constituents informed of important matters that directly affect their SMDs. I intend to do both. I will try to listen respectfully to constituents who wish to make their views known to me. And even if I have a strongly held view on a matter, that doesn't mean that concerns expressed by individual constituents should just be dismissed out of hand. For example, I strongly support the bike lanes and road diet that have transformed 17th Street between Massachusetts Avenue and T St. But I know there are residents of my SMD who have serious concerns, particularly about pedestrian safety. To the extent those concerns can be reasonably addressed, they should be. At the same time, I would not give undue weight to the views of various civic associations that are unlikely to represent the views of the majority of residents in my SMD. Finally, it's important to recognize that, although ANCs are hyperlocal bodies, the vast majority of ANC members run unopposed and, even in those cases where there is more than one candidate, most voters are not well informed about the views of the candidates. For this reason, a little humility is in order. I think that ANCs should largely stick to weighing in on local matters that directly affect their constituents rather than treating every citywide policy debate as an occasion for a resolution — whether the topic is land use, historic preservation or something else entirely. There's a difference between taking the job seriously and taking yourself seriously. If elected to ANC 2B, I intend to do the former and try to avoid too much of the latter.","I have lived in Dupont Circle off and on for nearly 20 years. As the co-owner of Teddy, an adorable Miniature Schnauzer who loves nearly all other dogs and most people (other than people running), I spend a lot of time walking around my SMD. I see things every day that could be done to make it a safer and more pleasant place to live and visit, and I’m a prolific user of 311. As an ANC member, I hope to play a small part in making it even better. I also have a strong interest in the issues that will shape Dupont’s future. ANC 2B is one of the most densely populated areas in DC, but I don't think it is at its limit. I strongly supported the Masonic Temple development and support additional housing density while preserving the historic rowhouses that give much of ANC 2B its character. I believe we can add substantial new housing without sacrificing the neighborhood’s historic character. At the same time, I believe the most pressing issues in ANC 2B concern traffic safety. I strongly support protected bike lanes and other measures that separate bikes, cars and pedestrians and calm traffic. I would bring both that perspective and a willingness to listen to residents with different views to the job of representing my SMD.","I’d like to clarify my position on question 21 regarding removing height and mass from the purview of the HPRB. I am in favor of the proposed amendment (linked to in question 21), which would clarify that review of new construction by the HPRB may not result in the reduction of housing units or density below what is permitted under zoning. Therefore, I am in favor of removing height and mass from the purview of the HPRB in relation to new construction, but not removing height and mass from the purview of the HPRB generally."
119178246467,Thaddeus Bradley-Lewis,,@Thad3a01 on X,,3A,3A01,Not enough homes,"It's more important to enable more homes, and more types of homes, in more of our neighborhoods, even if that results in pushback for “changing a neighborhood’s character.”",Costing no more than 30 percent of one’s household income,Costing more than 30 percent of one’s household income,"While the descriptors that I didn't select for affordable and market-rate housing may apply to them, I believe the percentage of income required is the universal factor that must be taken into account across the District.","District-owned housing on District-owned land, built by a private construction company and managed by a private property-management company",Family-sized housing means at least 3 bedrooms to me.,Enough historic districts,"Yes, inducing residents and visitors to drive less should be an explicit policy goal of the District.",Too many cars,Two,Enough parking,Too few bars and restaurants,"New housing of all types should be built throughout all neighborhoods. Building more densely near transit is important, but people also deserve the option to live in rowhomes and small apartment buildings, even if those homes are not within a set proximity to a bus stop or train station.","Yes, apartments should be legal in all parts of all the District's neighborhoods.",N/A,"Yes, height and mass should be removed from the purview of the Historic Preservation Review Board, and I would introduce a resolution supporting such a policy.","I agree that 15 percent of all homes in a planning area should be affordable, and would introduce a resolution in support of such a policy.","I hope to see the Nebraska Ave Complex made available for a redevelopment that includes a significant amount of new housing. Otherwise, many of the commercial blocks along Wisconsin Ave between Upton and Tenley Circle should be redeveloped with new housing.","I would prefer to negotiate a PUD. The delay in the production of new housing is worth the potential for—if not the guarantee of—benefits such as improvements to streets and sidewalks or more income-restricted, subsidized units than are required by District law.","I would support enabling an additional home per lot in R and RF zones, and would introduce a resolution in support of such a zoning text amendment.",If their home is further than a 10-minute walk to a bus stop or train station.,"Yes, I support removing parking and travel lanes to build dedicated bus lanes, and would introduce a resolution in support of doing so in my ANC.","Yes, I support removing parking and travel lanes to build protected bike lanes, and would introduce a resolution in support of doing so in my ANC.","Yes, I support the implementation of road pricing, and would introduce a resolution in support of the District doing so.","No, I will not participate in the National Week Without Driving every fall.","The only car trips I take within the District are the occasional drive to Georgetown for shopping/dining. While I try to use the bus often, I can commit to making that happen more.",DDOT's TSI system has left my neighborhood with unsafe streets for all types of users and I would advocate for more transparency and investment in how DDOT addresses traffic safety deficiencies.  Continue to press DDOT for traffic safety improvements.,"I intend to make decisions that benefit the District which includes each one of my constituents. Being a good Commissioner means, first, listening to and seeking to understand constituent concerns and, second, making decisions that takes both those concerns and the larger context into account.",I have worked diligently to connect my constituents to the various parts of District government and to advise those various parts on how to effect change that benefits the District's well-being.,"The District has a unique opportunity to change, for the better, how its government functions after this election cycle. Every individual working to improve our government, inside and out, needs to participate in creating change that is meaningful and lasting. It's a time for big ideas but every big idea needs to be vetted, implemented, and assessed transparently."
119177980751,Monica E. Arrington,,TBA,,4C,4C04,Not enough homes,"It's more important to enable more homes, and more types of homes, in more of our neighborhoods, even if that results in pushback for “changing a neighborhood’s character.”",Means-tested or income-restricted; Built by the government; Cheap; Subsidized; Rent-controlled; Costing no more than 30 percent of one’s household income,Built by private developers; Expensive; Unsubsidized,"The market-rate for housing is set by the highest bidder; this happens when the demand is high and the supply/availability of that item is low. Allowing the highest bidder forces the majority of consumers to be priced out of the market.  Affordable housing is a price the majority of families could afford to pay comfortably, while meeting all of their other financial obligations and needs to live.  This amount can be about 30-35% of the total household income.","District-owned housing on District-owned land, built by a District agency and managed by a District agency; District-owned housing on District-owned land, built by a private construction company and managed by a District agency","Family-sized housing is a living space that can comfortably host a family of 3, 4 or more.",Enough historic districts,"Yes, inducing residents and visitors to drive less should be an explicit policy goal of the District.",Enough cars,One,Not enough parking,Enough bars and restaurants,"New housing of all types should be built throughout all neighborhoods. Building more densely near transit is important, but people also deserve the option to live in rowhomes and small apartment buildings, even if those homes are not within a set proximity to a bus stop or train station.","Yes, apartments should be legal in all parts of all the District's neighborhoods.",N/A,"No, height and mass should not be removed from the purview of the Historic Preservation Review Board.","I agree that 15 percent of all homes in a planning area should be affordable, and would introduce a resolution in support of such a policy.",We have many vacant properties that can be converted into affordable housing.,"I would prefer to negotiate a PUD. The delay in the production of new housing is worth the potential for—if not the guarantee of—benefits such as improvements to streets and sidewalks or more income-restricted, subsidized units than are required by District law.",I would support a zoning text amendment enabling an additional home per lot in R and RF zones.,If their home is further than a 10-minute walk to a bus stop or train station.,"Yes, I support removing parking and travel lanes to build dedicated bus lanes.","Yes, I support removing parking and travel lanes to build protected bike lanes.","Yes, I support the implementation of road pricing.","Yes, I will participate in the National Week Without Driving every fall.",I currently do not own a car and walk and take metro daily as my main source of transportation.,"The biggest issues in my neighborhood are trash, prostitution and open drug use and sales.  Engage more residents to expand our monthly community clean ups and create a newsletter to keep neighbors informed of special events, resources and changes.",I plan to use a collaborative approach and do my best to engage and collect feedback from as many residents in my SMD as possible on issues I have to vote on and submit recommendations for.,"I have lived in this SMD for 10 years, I'm familiar with many of the challenges and I have the availability and eagerness to help.","I would love to prioritize incentives for residents that drive less, walks, bikes and uses public transportation."
119177838895,Guneev Sharma,,,,1B,1B04,Not enough homes,"It's more important to enable more homes, and more types of homes, in more of our neighborhoods, even if that results in pushback for “changing a neighborhood’s character.”",Means-tested or income-restricted; Built by the government; Cheap; Subsidized; Rent-controlled; Costing no more than 30 percent of one’s household income,Not means-tested or income-restricted; Built by private developers; Expensive; Unsubsidized; Not rent-controlled; Costing more than 30 percent of one’s household income,"Every DC resident deserves the means to achieve homeownership. It’s a fundamental path to financial freedom and empowerment, and it helps individuals build their families without being forced to move out of their neighborhoods. That means building more homes for everyone. Market-rate housing is the market working as it should, but the market should not expel or exclude a population of its residents. Affordable housing allows those individuals to stay and contribute to the local neighborhood.","District-owned housing on District-owned land, built by a District agency and managed by a District agency; District-owned housing on District-owned land, built by a District agency and managed by a private property-management company; District-owned housing on District-owned land, built by a private construction company and managed by a District agency","Enough space for parents and their child/children in an area where they know that child can also go to a quality school, from kindergarten through graduation. Family-sized housing also enables multi-generational living.",Enough historic districts,"Yes, inducing residents and visitors to drive less should be an explicit policy goal of the District.",Too many cars,One,Too much parking,Too few bars and restaurants,"New housing of all types should be built throughout all neighborhoods. Building more densely near transit is important, but people also deserve the option to live in rowhomes and small apartment buildings, even if those homes are not within a set proximity to a bus stop or train station.","Yes, apartments should be legal in all parts of all the District’s neighborhoods, and I would introduce a resolution supporting the legalization of sixplexes in the Comprehensive Plan rewrite.",N/A,"Yes, height and mass should be removed from the purview of the Historic Preservation Review Board, and I would introduce a resolution supporting such a policy.","I agree that 15 percent of all homes in a planning area should be affordable, and would introduce a resolution in support of such a policy.","ANC1B04 is a quiet yet bustling corridor touching 14th St, U St., and Florida Ave. U St. metro station is just a block away. We critically need additional housing to revitalize the neighborhood and grow its local economic engine. Just outside the boundary, the Tabernacle Church proposed a plan to build apartments on its surface parking lot, which should move forward. Outside of that, we should continue to look at open lots that can (and should) be made available to be turned into something of practical use, such as housing, commercial, or even common amenities like parks or playgrounds. We should also ease the rules and processes to create multifamily rowhomes (while keeping its historic architectural facade) as another means to attract more residents. I look forward to learning more about past and current proposals.","I would prefer to negotiate a PUD. The delay in the production of new housing is worth the potential for—if not the guarantee of—benefits such as improvements to streets and sidewalks or more income-restricted, subsidized units than are required by District law.","I would support enabling an additional home per lot in R and RF zones, and would introduce a resolution in support of such a zoning text amendment.",If their home is further than a five-minute walk to a bus stop or train station.,"Yes, I support removing parking and travel lanes to build dedicated bus lanes, and would introduce a resolution in support of doing so in my ANC.","Yes, I support removing parking and travel lanes to build protected bike lanes, and would introduce a resolution in support of doing so in my ANC.","Yes, I support the implementation of road pricing, and would introduce a resolution in support of the District doing so.","Yes, I will participate in the National Week Without Driving every fall.","While my household has one car, it is to be able to drive to Shenandoah or other beautiful places in DC’s backyard. And the occasional Costco trip. While these trips are infrequent maybe once a month, I am also happy to make use of my vehicle, volunteering with City Dogs and City Kitties by transporting animals. Outside of these instances, I commute to work via bike. I use the 14th street bike lane, which is in dire need of protections.  Coming from Arkansas, I am enthused at the fact that I can walk to almost anything I might need in this area. It is a great way to connect with neighbors and the surrounding.","One of the biggest issues I see is delivering on basic constituent services, such as trash pick up, sidewalk repair, and other 311 requests. There was a hazardous raised sidewalk that tripped people for years on my block. I put in a 311 notice in 2022 (as well as neighbors), but it took me joining the ANC 1B Transportation, Parks, and Public Spaces Committee and dialogue with a DDOT liaison to finally resolve the issue in 2026. That is unacceptable. We should do better. Other issues to the neighborhood includes community engagement, rat infestation, and supporting our local businesses in ANC 1B04 such as Maydan, Q and Q Dry Cleaners, Wet Dog, and more.  Go on walks around the SMD to see and hear from neighbors on what basic things need to be addressed, like the sidewalk issue described. I will also commit to advocating for safer streets, sidewalks, and economic vitality. We should have more Izakaya Seki's, local mom and pop shops, day-time establishments for a thriving work-from-home population to visit, and more. We should allow local establishments to thrive and not be under economic or bureaucratic pressures. I hope to use my policy and coalition-building background to achieve these results.","I know I am not the smartest or most informed individual on a given topic. That is why it is critical to listen to informed or impacted individuals who I can learn from - which is what I do as a government relations professional. That is why it is important to get consensus and understanding of what the community wants or needs. This can take place through my already established network, but as ANC Comissioner, I vow to talk to my neighbors when walking around or via email (perhaps a newsletter), so they know what’s happening in our SMD and surrounding areas, and to understand their perspectives and how an issue may impact them.","I have lived in Washington DC for nine years, and this SMD for four years. I have grown to love Washington, DC, what it represents, and the fact that it allows me to walk a few minutes to my vet, the grocery store, or grab a meal from a country I’ve never visited. I personally believe things can always be better, and as such, I want to continue bettering the place I love. Unfortunately, this SMD has no other candidates, so I hope to be a good steward for the community.","I understand I have a lot to learn on the various items, but at its core, I support increased housing, safer and better walking and biking spaces, and mixed-use development. Ultimately, we should aim to better our community safety and quality of living."
119177484607,David Sobelsohn,,,,6B,6B03,Not enough homes,"It's more important to enable more homes, and more types of homes, in more of our neighborhoods, even if that results in pushback for “changing a neighborhood’s character.”",Means-tested or income-restricted; Rent-controlled; Costing no more than 30 percent of one’s household income,Not means-tested or income-restricted; Unsubsidized; Not rent-controlled,The price of affordable housing depends on what the population can afford. The price of market-rate housing depends on what the population can pay.,"District-owned housing on District-owned land, built by a District agency and managed by a District agency; District-owned housing on District-owned land, built by a District agency and managed by a private property-management company; District-owned housing on District-owned land, built by a private construction company and managed by a District agency",Housing that would provide a typical family with room for each child & each couple to have a private bedroom.,Enough historic districts,"Yes, inducing residents and visitors to drive less should be an explicit policy goal of the District.",Too many cars,Zero,Too much parking,Enough bars and restaurants,"New housing of all types should be built throughout all neighborhoods. Building more densely near transit is important, but people also deserve the option to live in rowhomes and small apartment buildings, even if those homes are not within a set proximity to a bus stop or train station.","Yes, apartments should be legal in all parts of all the District’s neighborhoods, and I would introduce a resolution supporting the legalization of sixplexes in the Comprehensive Plan rewrite.","I didn't select ""No.""","Yes, height and mass should be removed from the purview of the Historic Preservation Review Board.",I agree that 15 percent of all homes in a planning area should be affordable.,I would canvass my constituents before answering this question.,"I would prefer to negotiate a PUD. The delay in the production of new housing is worth the potential for—if not the guarantee of—benefits such as improvements to streets and sidewalks or more income-restricted, subsidized units than are required by District law.",I would support a zoning text amendment enabling an additional home per lot in R and RF zones.,If their home is further than a 10-minute walk to a bus stop or train station.,"Yes, I support removing parking and travel lanes to build dedicated bus lanes, and would introduce a resolution in support of doing so in my ANC.","Yes, I support removing parking and travel lanes to build protected bike lanes, and would introduce a resolution in support of doing so in my ANC.","Yes, I support the implementation of road pricing.","Yes, I will participate in the National Week Without Driving every fall.","I have no car & do no ""currently"" take any trips by car. I get places mostly by bicycle or Metrorail.",Maintaining good-quality government services.  Pressure DC agencies to improve their provision of government services.,Canvas my constituents but in the end do what I think is right.,"Experience & accomplishments, including a museum that's free to DC residents & an interim library dring the years ours was closed for renovations.",No.
119177423836,Bree Ryback,,Instagram: @BreeInDC,,5B,5B02,Not enough homes,"It's more important to enable more homes, and more types of homes, in more of our neighborhoods, even if that results in pushback for “changing a neighborhood’s character.”",Subsidized; Rent-controlled; Costing no more than 30 percent of one’s household income,Not means-tested or income-restricted; Unsubsidized; Not rent-controlled,"If we are sticking the label 'affordable' on something, then I believe an entity (government) needs to have some level of control to affect the price. However, markets can be manipulated and we know what private equity can do to any market - so even market-rate housing should have some level of standardization to ensure it's attainable for those that can afford it.","District-owned housing on District-owned land, built by a District agency and managed by a District agency; District-owned housing on District-owned land, built by a private construction company and managed by a District agency","Family-sized housing means 3 bedrooms and two bathrooms, especially in an era where some folx work from home and some need to care for their kids or elders within their homes.",Too many historic districts,"Yes, inducing residents and visitors to drive less should be an explicit policy goal of the District.",Too many cars,One,Too much parking,Too few bars and restaurants,"New housing of all types should be built throughout all neighborhoods. Building more densely near transit is important, but people also deserve the option to live in rowhomes and small apartment buildings, even if those homes are not within a set proximity to a bus stop or train station.","Yes, apartments should be legal in all parts of all the District’s neighborhoods, and I would introduce a resolution supporting the legalization of sixplexes in the Comprehensive Plan rewrite.",I selected Yes :),"Yes, height and mass should be removed from the purview of the Historic Preservation Review Board, and I would introduce a resolution supporting such a policy.","I agree that 15 percent of all homes in a planning area should be affordable, and would introduce a resolution in support of such a policy.","Specifically within my SMD, we have the Howard Divinity School lot that has been vacant for a very long time. Within my ANC, there is ample space for more homes near Brookland Metro, off Rhode Island Ave, and at the former Providence Hospital site.","I would prefer to negotiate a PUD. The delay in the production of new housing is worth the potential for—if not the guarantee of—benefits such as improvements to streets and sidewalks or more income-restricted, subsidized units than are required by District law.","I would support enabling an additional home per lot in R and RF zones, and would introduce a resolution in support of such a zoning text amendment.",If their home is further than a 10-minute walk to a bus stop or train station.,"Yes, I support removing parking and travel lanes to build dedicated bus lanes, and would introduce a resolution in support of doing so in my ANC.","Yes, I support removing parking and travel lanes to build protected bike lanes, and would introduce a resolution in support of doing so in my ANC.","Yes, I support the implementation of road pricing, and would introduce a resolution in support of the District doing so.","Yes, I will participate in the National Week Without Driving every fall.","Sometimes I drive to Yes Organic Market, but could certainly walk or bike that instead.","Street safety and lack of infrastructure to slow dangerous and high-speed drivers to promote safe streets for ALL modes of transporation.  Work with my fellow ANC and DC Gov't bodies to install more infrastructure: speed humps/bumps, 4-way stops, one-way streets, protected bike lanes, etc.","I plan to make decisions first off of the platform that I will be running on, and will promote via my communication channels. I will give constituents many opportunities (in various ways) to provide feedback. I also believe the role to be collaborative - I am just ONE member of the larger 5B team. It will be our job collectively to use data, science, and inputs from constituents to make the best decisions possible.","I have lived in my SMD since 2016 and am deeply involved in the community. I use many of the ANC's services (Turkey Thicket Rec, Dwight Mosely Playground) and my 3 kids attend 2 DCPS schools within my ANC. I use multiple modes of transportation - so I am directly impacted by my platform (safer streets, maintained public facilities, building mutual aid via community). I am a bridge builder and problem solver and like some other parts of DC, our part of the city is changing, causing gaps between neighbors by age and means. I want to help build a community that enables everyone to thrive and get the support they need. I also have 16+ years experience working in the Federal Government, am quite familiar and connected to local politics, am an avid jogger, small business owner, and parent. All of these lived experiences, qualities, and desires make me the best candidate to serve as ANC5B02 commissioner.","I'd like to state that I also believe in listening to experts on topics - I am by no means an expert on housing, transportation, or land use, but I am a collaborator and bridge builder, who would seek the advice and insights of both advocates and experts, while making my positions. I also think that positions can be changed after new information is made available - nothing is constant, and the needs of my SMD, ANC, Ward, and City shift - sometimes slowly and sometimes rapidly. It's OK to change previously held positions."
119177382048,Tristan Zoerb,,TBD,,5E,5E06,Not enough homes,"It's more important to enable more homes, and more types of homes, in more of our neighborhoods, even if that results in pushback for “changing a neighborhood’s character.”",Costing no more than 30 percent of one’s household income,Not means-tested or income-restricted,It's pretty simple. Make the housing supply abundant enough that anyone who wants to live in DC can afford to. Those that need help affording rent should have access to resources to keep rent at or below 30% of their income.,"District-owned housing on District-owned land, built by a District agency and managed by a District agency; District-owned housing on District-owned land, built by a District agency and managed by a private property-management company; District-owned housing on District-owned land, built by a private construction company and managed by a District agency; District-owned housing on District-owned land, built by a private construction company and managed by a private property-management company",Large enough to comfortably accommodate 3-6 people with an appropriate number of bedrooms and bathrooms.,Too many historic districts,"Yes, inducing residents and visitors to drive less should be an explicit policy goal of the District.",Too many cars,One,Enough parking,Too few bars and restaurants,"New housing of all types should be built throughout all neighborhoods. Building more densely near transit is important, but people also deserve the option to live in rowhomes and small apartment buildings, even if those homes are not within a set proximity to a bus stop or train station.","Yes, apartments should be legal in all parts of all the District’s neighborhoods, and I would introduce a resolution supporting the legalization of sixplexes in the Comprehensive Plan rewrite.",I didn't select no,"Yes, height and mass should be removed from the purview of the Historic Preservation Review Board, and I would introduce a resolution supporting such a policy.","I agree that 15 percent of all homes in a planning area should be affordable, and would introduce a resolution in support of such a policy.","The Joe Mamo lot at North Cap and FL Ave NW needs to be activated and housing would be excellent. For my SMD I am open to ideas, my SMD is already quite dense with a combination of row homes and apartments. If those apartments wanted to expand I would support. The Children's National Hospital, Medstar, and VA hospital campus could be redeveloped if Children's leaves a la Walter Reed. Other areas that boarder my SMD such as the Irving-N Cap clover could support new housing.","I would prefer that development in my ANC be by-right. Knowing that what is zoned is all that is possible to build creates predictability for residents and housing providers, which is worth forgoing a negotiation for possible benefits.","I would support enabling an additional home per lot in R and RF zones, and would introduce a resolution in support of such a zoning text amendment.",If their home is further than a 15-minute walk to a bus stop or train station.,"Yes, I support removing parking and travel lanes to build dedicated bus lanes, and would introduce a resolution in support of doing so in my ANC.","Yes, I support removing parking and travel lanes to build protected bike lanes, and would introduce a resolution in support of doing so in my ANC.","Yes, I support the implementation of road pricing, and would introduce a resolution in support of the District doing so.","Yes, I will participate in the National Week Without Driving every fall.","I already do so every chance I get. I only use my car for CostCo runs, getting out of town, and when the weather is too cold/smoky for my children's safety.","Street safety. We are bordered by three large and dangerous roads (North Cap, MI Ave, and Franklin Street) with multiple dangerous intersections and much speeding  Sponsor resolutions, and work with DDOT and Council member Parker's office to make physical improvements and traffic calming enhancements.","I will take my constituents' views into account; however, I will vote my conscious and what I feel is best for our neighborhood.","I'm willing to try new things and hear new ideas in the neighborhood. As a father raising children here, I want them to grew up in the best neighborhood possible that offers safety, community, and recreation.",n/a
119177301671,Scott Burger,,,,6A,6A01,Not enough homes,"It's more important to enable more homes, and more types of homes, in more of our neighborhoods, even if that results in pushback for “changing a neighborhood’s character.”",Means-tested or income-restricted; Built by the government; Cheap; Subsidized; Rent-controlled; Costing no more than 30 percent of one’s household income,Not means-tested or income-restricted; Unsubsidized; Not rent-controlled,n/a,"District-owned housing on District-owned land, built by a District agency and managed by a District agency; District-owned housing on District-owned land, built by a District agency and managed by a private property-management company; District-owned housing on District-owned land, built by a private construction company and managed by a District agency; District-owned housing on District-owned land, built by a private construction company and managed by a private property-management company",Units designed to be comfortable and livable for more than a single couple.,Enough historic districts,"Yes, inducing residents and visitors to drive less should be an explicit policy goal of the District.",Too many cars,Zero,Too much parking,Enough bars and restaurants,"New housing of all types should be built throughout all neighborhoods. Building more densely near transit is important, but people also deserve the option to live in rowhomes and small apartment buildings, even if those homes are not within a set proximity to a bus stop or train station.","Yes, apartments should be legal in all parts of all the District's neighborhoods.",n/a,"Yes, height and mass should be removed from the purview of the Historic Preservation Review Board.",I agree that 15 percent of all homes in a planning area should be affordable.,Development should be allowed to proceed organically without strong prescriptions on where/how.,"I would prefer that development in my ANC be by-right. Knowing that what is zoned is all that is possible to build creates predictability for residents and housing providers, which is worth forgoing a negotiation for possible benefits.",I would support a zoning text amendment enabling an additional home per lot in R and RF zones.,If their home is further than a 10-minute walk to a bus stop or train station.,"Yes, I support removing parking and travel lanes to build dedicated bus lanes.","Yes, I support removing parking and travel lanes to build protected bike lanes.","Yes, I support the implementation of road pricing.","Yes, I will participate in the National Week Without Driving every fall.","I already walk, bike, and take transit whenever feasible including for everyday errands and commuting",Traffic safety on the H street corridor and Florida Ave. Streets in the city should be designed to serve the neighborhood first and through commuters second. This should be a neighborhood where it is safe for everyone to walk and bike from toddlers to the eldery.  Continue to push to improve the livability of the neighborhoods for residents of all ages and types,I try to make decisions that create a neighborhood that we can all live and thrive in.,As a long-time neighborhood resident and parent I am invested in making the neighborhood great.,I want to shape the H st land use study and Gold Line development to cater H st to current and future residents
119177298732,Austin Bowen,,,,5D,5D01,Not enough homes,"It's more important to enable more homes, and more types of homes, in more of our neighborhoods, even if that results in pushback for “changing a neighborhood’s character.”",Cheap; Subsidized; Rent-controlled; Costing no more than 30 percent of one’s household income,Expensive; Not rent-controlled; Costing more than 30 percent of one’s household income,"Oftentimes, market rate housing prices out many of the residents and natives who enjoy calling DC home. As inflation rises, so do market rate housing options. Affordable housing allows for residents who can't keep up with inflation to still enjoy quality housing that does not stress them financially.","District-owned housing on District-owned land, built by a District agency and managed by a District agency",Family-sized housing would constitute building housing that families can *comfortably* live in without having to immediately worry about space or pricing for larger housing options.,Not enough historic districts,"Yes, inducing residents and visitors to drive less should be an explicit policy goal of the District.",Too many cars,Two,Enough parking,Enough bars and restaurants,"New housing of all types should be built throughout all neighborhoods. Building more densely near transit is important, but people also deserve the option to live in rowhomes and small apartment buildings, even if those homes are not within a set proximity to a bus stop or train station.","Yes, apartments should be legal in all parts of all the District's neighborhoods.",N/A,"No, height and mass should not be removed from the purview of the Historic Preservation Review Board.","I agree that 15 percent of all homes in a planning area should be affordable, and would introduce a resolution in support of such a policy.","While the now-closed Motel 6 near Union Market has been temporarily used for events in the past, it's currently very underutilized. Converting this area into more housing that is affordable for more DC residents would be a very efficient use of this space.","I would prefer to negotiate a PUD. The delay in the production of new housing is worth the potential for—if not the guarantee of—benefits such as improvements to streets and sidewalks or more income-restricted, subsidized units than are required by District law.",I would support a zoning text amendment enabling an additional home per lot in R and RF zones.,If their home is further than a five-minute walk to a bus stop or train station.,"Yes, I support removing parking and travel lanes to build dedicated bus lanes.","Yes, I support removing parking and travel lanes to build protected bike lanes.","Yes, I support the implementation of road pricing.","Yes, I will participate in the National Week Without Driving every fall.","When commuting to the airports in the DC area, particularly early morning and late nights when transit is not as frequent, I am often forced to rely on rideshare companies who do not adequately compensate their drivers. By introducing more frequent public transit options, we can alleviate many of the problems DC faces when it comes to carbon emissions.","Making our neighborhood feel welcome not only to residents, but to visitors as well. By doing so, we can increase the retention of residents who live in this area and stimulate business for the many small businesses who have called this area home for decades.  If elected, I would advocate for safer crosswalks and other walkable areas. By doing so, we can make our neighborhood a more vibrant and inviting place for all.","I feel as though having discussions with the residents of this area and getting their perspectives on the issues they feel could be improved in our community is the most organic way of observation and enacting change. By being an active listener of the voices in our neighborhood without coming across as highly politicized, I believe more authentic feelings of change and progress can be realized.","Like most residents in my community, I am a working resident who pays attention to the changes we see on a daily basis. Representing people who share common sentiments is the best way to bring about change for my neighborhood.","Optimizing space for all residents to comfortably be housed with better access to public transit, regardless of income level, deserves to be a much higher priority across DC as a whole."
119177285088,Charlie Mayer,,,,4B,4B04,Not enough homes,"It's more important to enable more homes, and more types of homes, in more of our neighborhoods, even if that results in pushback for “changing a neighborhood’s character.”",Means-tested or income-restricted; Rent-controlled; Costing no more than 30 percent of one’s household income,Not means-tested or income-restricted; Built by private developers; Expensive; Unsubsidized; Not rent-controlled; Costing more than 30 percent of one’s household income,N/A,"District-owned housing on District-owned land, built by a District agency and managed by a District agency",Family-sized housing is designed with enough space an amenities to support everyone in the family.,Enough historic districts,"Yes, inducing residents and visitors to drive less should be an explicit policy goal of the District.",Too many cars,One,Enough parking,Enough bars and restaurants,"New housing of all types should be built throughout all neighborhoods. Building more densely near transit is important, but people also deserve the option to live in rowhomes and small apartment buildings, even if those homes are not within a set proximity to a bus stop or train station.","Yes, apartments should be legal in all parts of all the District's neighborhoods.",N/A,"No, height and mass should not be removed from the purview of the Historic Preservation Review Board.",I agree that 15 percent of all homes in a planning area should be affordable.,Existing projects that have stalled must be finished.,"I would prefer to negotiate a PUD. The delay in the production of new housing is worth the potential for—if not the guarantee of—benefits such as improvements to streets and sidewalks or more income-restricted, subsidized units than are required by District law.",I would support a zoning text amendment enabling an additional home per lot in R and RF zones.,If their home is further than a 15-minute walk to a bus stop or train station.,"Yes, I support removing parking and travel lanes to build dedicated bus lanes.","Yes, I support removing parking and travel lanes to build protected bike lanes, and would introduce a resolution in support of doing so in my ANC.","Yes, I support the implementation of road pricing.","Yes, I will participate in the National Week Without Driving every fall.",Grocery shopping by bike.,Traffic and parking. I will continue to work with DDOT on traffic management and with DPW on enforcing existing parking regulations.  Continue to work with DDOT on traffic calming and pedestrian safety.,I will focus on tangible projects that improve everyday life in the neighborhood.,"I have lived 4B04 for 25 years. I know the people, the issues, and how to get things done.",The main goal for my second term is to build connections in between long-time residents and new neighbors who are moving into all the new housing in 4B04.
119177157705,Tiffani Nichole Johnson,,CommissionerJohnsonANC4B06.com (Website)  @CommissionerJohnson4B06 (Facebook)  @Johnson4B06 (Twitter)  CommissionerJohnsonANC4B06 (Instagram)  CommissionerJohnsonANC4B06 (Threads)  @Johnson4B06.bsky.social (BlueSky),,4B,4B06,Not enough homes,"It's more important to enable more homes, and more types of homes, in more of our neighborhoods, even if that results in pushback for “changing a neighborhood’s character.”",Means-tested or income-restricted; Subsidized; Rent-controlled; Costing no more than 30 percent of one’s household income,Not means-tested or income-restricted; Built by private developers; Expensive; Unsubsidized; Not rent-controlled; Costing more than 30 percent of one’s household income,"Affordable housing in ANC 4B06 generally refers to units that are means-tested, income‑restricted, subsidized, or rent‑controlled, ensuring residents pay no more than 30% of their household income on housing costs, aligning with federal definitions and local interpretations. These units are often created through programs like Inclusionary Zoning, which requires developers of larger residential projects to set aside a percentage of units as affordable, tying the number of units to building size so that increased density can produce more affordable homes. Market‑rate housing, by contrast, is built by private developers without subsidies or rent controls and is typically more expensive, often costing more than 30% of a household’s income and reflecting prevailing real‑estate market conditions rather than an affordability standard. In ANC 4B06, the distinction matters because the community’s housing strategy emphasizes adding density near transit corridors to expand supply while ensuring affordability is preserved through income‑restricted units. Affordable housing supports lower‑income residents by capping costs and providing long‑term stability, while market‑rate housing expands overall inventory but does not inherently meet affordability needs unless paired with policy tools requiring set‑asides or deeper affordability levels.","District-owned housing on District-owned land, built by a District agency and managed by a District agency; District-owned housing on District-owned land, built by a private construction company and managed by a District agency","Family‑sized housing generally means homes designed to comfortably support households with children or multiple adults. In practice, that usually includes having more than one bedroom—often two or three—along with enough living space for everyday activities like cooking, studying, playing, and gathering as a family. It also implies a layout that supports stability and long‑term residency: adequate storage, safe outdoor or nearby communal spaces, and proximity to schools, transit, and services. To me, family‑sized housing isn’t only about square footage or bedroom count; it’s about ensuring families have room to grow, thrive, and stay connected to their community without being pushed out by affordability or limited housing options.",Enough historic districts,"Yes, inducing residents and visitors to drive less should be an explicit policy goal of the District.",Too many cars,One,Enough parking,Too few bars and restaurants,"New housing of all types should be built throughout all neighborhoods. Building more densely near transit is important, but people also deserve the option to live in rowhomes and small apartment buildings, even if those homes are not within a set proximity to a bus stop or train station.","Yes, apartments should be legal in all parts of all the District’s neighborhoods, and I would introduce a resolution supporting the legalization of sixplexes in the Comprehensive Plan rewrite.",N/A,"Yes, height and mass should be removed from the purview of the Historic Preservation Review Board, and I would introduce a resolution supporting such a policy.","I agree that 15 percent of all homes in a planning area should be affordable, and would introduce a resolution in support of such a policy.","While I welcome new housing within my SMD, I am not sure if ANC 4B06 has the space for approximately 210 new homes without losing some of our park space.  However, throughout ANC 4B, there is ample opportunity for new housing, ie. near Takoma Metro or Fort Totten Metro.  ANC 4B06 does have several vacant/blighted properties which should be renovated and turned into multi-family housing.","I would prefer that development in my ANC be by-right. Knowing that what is zoned is all that is possible to build creates predictability for residents and housing providers, which is worth forgoing a negotiation for possible benefits.",I would support a zoning text amendment enabling an additional home per lot in R and RF zones.,If their home is further than a 15-minute walk to a bus stop or train station.,"Yes, I support removing parking and travel lanes to build dedicated bus lanes.","Yes, I support removing parking and travel lanes to build protected bike lanes.","No, I do not support the implementation of road pricing.","No, I will not participate in the National Week Without Driving every fall.","Due to physical disability my car is my mobility device however, I do regularly walk to neighborhood restaurants regularly.","Our streets were not designed for the level of vehicle speed and volume they experience today, and the result is an environment where near‑misses, unsafe crossings, and resident complaints have become routine. Too many intersections lack all‑way stop control and too many pedestrian crossings rely on faded paint or insufficient signage to keep people safe. I believe that safe, walkable streets are a fundamental neighborhood right, not an amenity, and that building this environment starts with strong advocacy, thoughtful data collection, and persistent follow‑through with District agencies. I would push for targeted DDOT evaluations at the most hazardous intersections and request the installation of four‑way stop signs, speed humps, raised crosswalks, and upgraded pedestrian signageBy combining constituent input with agency partnership and evidence‑based solutions, I would work to create calmer, safer streets that support walking, biking, and everyday neighborhood life.  If elected, I would focus on addressing what I believe is the neighborhood’s biggest issue: traffic safety. Unsafe intersections, frequent speeding, and inadequate pedestrian protections continue to put residents—especially children, seniors, and people with disabilities—at risk, and improving street safety is both urgent and achievable within an ANC commissioner’s authority. My strategy would begin with systematically identifying the most dangerous intersections and corridors through community feedback, walk audits, and data shared by DDOT. I would then file formal ANC resolutions requesting all‑way stop conversions, speed humps, raised crosswalks, clearer signage, and curb extensions, prioritizing locations where residents report near‑misses or where previous incident data shows heightened risk. Because the ANC’s power is advisory, I would maintain regular communication with DDOT to ensure requests are not only logged but advanced through the evaluation and installation process. By combining evidence‑based advocacy, structured community engagement, and consistent agency coordination, I would work to create safer, calmer, and more walkable streets for everyone in our neighborhood.","As an elected ANC commissioner representing roughly 2,000 constituents, I would make decisions through a structured, transparent, and community‑centered process designed to balance individual input, data‑driven analysis, and the broader needs of the entire District. I recognize that I will not hear from every resident during my term, and that those who do engage—whether at meetings, by email, or through surveys—may not represent the majority view. Because of this, my decision‑making approach must actively seek out multiple forms of input while also relying on consistent principles of equity, safety, accessibility, and long‑term community stability. My first step would be to maintain regular and open communication channels, including monthly SMD meetings, issue‑specific listening sessions, and accessible digital tools like surveys and newsletters. These platforms ensure that a wide range of voices—including those who cannot attend meetings—can share their experiences and concerns. I would supplement resident feedback with available data from District agencies, including DDOT, DCRA, MPD, and the Office of Planning, using evidence‑based information to understand trends, identify needs, and evaluate potential outcomes. When constituent perspectives differ, I would examine not just the number of people expressing a view but the equity implications of the issue, the potential benefits or harms to vulnerable groups, and whether the proposed action aligns with adopted District‑wide goals such as housing production, safe streets, environmental sustainability, and accessibility. As a commissioner, my decisions would center on fairness and transparency. I would clearly explain the rationale for each position I take, referencing data, community feedback, and District policy so residents understand how and why decisions were made—even when they may disagree. I would also proactively collaborate with neighboring commissioners, council offices, and District agencies to ensure that recommendations from ANC 4B are well-informed, coordinated, and positioned for real action. By combining resident engagement, empirical evidence, policy alignment, and open communication, I would strive to make thoughtful, balanced decisions that reflect not just the loudest voices but the collective well‑being of the entire community I serve.","I believe I am the right person to serve as ANC commissioner for my SMD because I have a proven record of commitment, accessibility, and consistent follow‑through on the issues that matter most to our community. Over my years of service, I’ve demonstrated that I listen carefully, communicate transparently, and ground every decision in both resident input and data‑driven analysis. I approach this role with humility and with a deep sense of responsibility: representing roughly 2,000 people means ensuring every voice—especially those who aren’t often heard—is considered in the decision‑making process. I’ve built trust by maintaining regular community meetings, addressing concerns promptly, advocating for safer streets, supporting thoughtful development, and working collaboratively with District agencies to ensure our neighborhood’s needs are not overlooked. What makes me the right person is not just experience, but consistency: I show up, I follow through, I explain my reasoning, and I don’t shy away from difficult conversations. I am dedicated to preserving the character of our community while pushing for the improvements—like traffic safety measures, better public spaces, and equitable housing policies—that help residents thrive. My goal has always been to serve with integrity, responsiveness, and a commitment to the long‑term well‑being of our neighborhood, and I would be honored to continue that work.","I would like GGWash to take into consideration that my positions on housing, affordable housing, transportation, and land use are rooted in a commitment to equity, long‑term stability, and the belief that every neighborhood in the District—including mine—must play an active role in meeting citywide goals. I strongly support increasing housing supply, particularly near high‑capacity transit, because it is one of the most effective ways to address rising housing costs and ensure the District remains accessible to residents across all income levels. At the same time, I believe we must prioritize deeply affordable and family‑sized housing so people who have built their lives here can stay and thrive. As a neighborhood with dangerous intersections and frequent speeding, we need a transportation system that protects pedestrians first. I support designing streets for slower speeds, expanding protected bike and bus infrastructure, reducing car dependency, and ensuring more people can safely choose walking, rolling, biking, or transit. A sustainable transportation future must include bold, citywide changes—such as reducing parking requirements, advancing bus lanes, and investing heavily in transit reliability—but these changes require strong neighborhood‑level support, which I am committed to building. Preserving neighborhood character is important, but it should not be used to prevent needed growth or maintain exclusionary patterns. Character should evolve in ways that welcome more people, support small businesses, and improve public spaces. I want GGWash to understand that my approach is holistic, informed by community voices, and grounded in a commitment to making our neighborhood—and our city—more inclusive, more sustainable, and more connected."
119177093206,Patricia Stamper,,Stamper4DC-IG/X,,7E,7E04,Enough homes,"It's more important to enable more homes, and more types of homes, in more of our neighborhoods, even if that results in pushback for “changing a neighborhood’s character.”",Subsidized; Rent-controlled; Costing no more than 30 percent of one’s household income,Expensive; Unsubsidized; Not rent-controlled; Costing more than 30 percent of one’s household income,Affordable should be no more than 30% of my income spent on housing a month.,"District-owned housing on District-owned land, built by a District agency and managed by a District agency; District-owned housing on District-owned land, built by a District agency and managed by a private property-management company; District-owned housing on District-owned land, built by a private construction company and managed by a District agency; District-owned housing on District-owned land, built by a private construction company and managed by a private property-management company",2 bedrooms 1 and .5 bathroom because fighting over one toilet is not fun at 6a,Not enough historic districts,"Yes, inducing residents and visitors to drive less should be an explicit policy goal of the District.",Enough cars,One,Enough parking,Too few bars and restaurants,"New housing of all types should be built throughout all neighborhoods. Building more densely near transit is important, but people also deserve the option to live in rowhomes and small apartment buildings, even if those homes are not within a set proximity to a bus stop or train station.","Yes, apartments should be legal in all parts of all the District's neighborhoods.",N/A,"Yes, height and mass should be removed from the purview of the Historic Preservation Review Board, and I would introduce a resolution supporting such a policy.","I agree that 15 percent of all homes in a planning area should be affordable, and would introduce a resolution in support of such a policy.",Yes Fletcher Johnson is being developed and includes housing but the community has requested full service grocery store options and the developer doesn’t appear to be listening to the community.,"I would prefer to negotiate a PUD. The delay in the production of new housing is worth the potential for—if not the guarantee of—benefits such as improvements to streets and sidewalks or more income-restricted, subsidized units than are required by District law.","I would support enabling an additional home per lot in R and RF zones, and would introduce a resolution in support of such a zoning text amendment.",If their home is further than a 20-minute walk to a bus stop or train station.,"No, I do not support removing parking and travel lanes to build dedicated bus lanes.","Yes, I support removing parking and travel lanes to build protected bike lanes, and would introduce a resolution in support of doing so in my ANC.","Yes, I support the implementation of road pricing.","Yes, I will participate in the National Week Without Driving every fall.","I have been without a car since April 21, 2026. I have been blessed to lose 30lbs by riding e bikes and renting scooters. I don’t plan on getting a car till Feb/March 2027 the latest. I can’t afford a car and a mortgage. To me it’s more important to save my money and get financially stable just paying my mortgage again after being forced out the workforce back in November 2025.","The lack of high quality bus and train service. Benning Rd patrons and bus patrons in ANC7E have consistently the last few years been at the end of horrible lack of community engagement and WMATA making choices about routes and streets without listening to the residents of ANC7E concerns about ghost buses, bus drivers not stopping at stops and just driving by people, WMATA not properly informing residents of closures in a timely fashion. It sickens my stomach to stand at East Capitol St SE/Benning RD NE and see seniors and physically disabled people struggling to cross the street or tripping over sidewalk hazards. The lack of care and upkeep of ANC7E is shameful at best. ANC7E has such great spaces to be developed and my goal as commissioner is to serve the residents and ensure that my commitment to ANC7E is rooted in meeting basic needs and address lack of crossing guards during am and pm rush hours. My neighbors should have play chicken with cars flying down East Capitol every morning and evening.  Work with the appropriate DC agency to bring more bus shelters to my SMD of 7E04.",I plan and will continue to engage and listen to my constituents. I will amplify their concerns.,"I have the lived experience, I have the tenacity and assertiveness to serve the residents of ANC7E04 with integrity, assertiveness and tenacity because I want every resident and whomever I encounter in ANC7E who needs support I aspire to connect them with the appropriate DC agency and the CM who has oversight over said agency the resident will need or may need support.",I want DC Housing and any DC owned land that DC issue a plan in the next 12 months of what DC wants to do with the land it’s not equitable Feltcher Johnson hasn’t been developed.
119176982384,Tom Donohue,,https://www.facebook.com/reelecttomdonohue,https://secure.actblue.com/donate/electtomdonohue,8A,8A01,Not enough homes,"It's more important to enable more homes, and more types of homes, in more of our neighborhoods, even if that results in pushback for “changing a neighborhood’s character.”",Means-tested or income-restricted; Subsidized; Rent-controlled; Costing no more than 30 percent of one’s household income,Not means-tested or income-restricted; Built by private developers; Unsubsidized; Not rent-controlled,"At its core, the distinction between affordable housing and market-rate housing lies in how rents are set, who the homes serve, and the funding mechanisms behind them.  Market-Rate Housing  Market-rate housing operates on private market supply and demand dynamics. Rents and sale prices are set by property owners to maximize revenue based on location, amenities, and market competition. While market-rate supply is essential for absorbing overall demand and reducing broad regional price pressures, market forces alone do not set prices low enough to accommodate lower-income households without consuming an unsustainable portion of their earnings.  Affordable Housing  Affordable housing is structurally protected so that housing costs do not exceed 30% of a household's gross income. It encompasses two primary forms:  Income-Restricted / Subsidized Affordable Housing: Capped by government regulations, tax credits (like LIHTC), local subsidies (like DC's Housing Production Trust Fund), or Inclusionary Zoning (IZ). Eligibility is tied to specific Area Median Income (AMI) bands—such as 30%, 50%, or 80% AMI—ensuring homes remain accessible to low- and moderate-income working families, seniors, and service workers.  Naturally Occurring Affordable Housing (NOAH): Older, un-subsidized private market properties that remain affordable due to age or location.  Both market-rate and affordable housing are necessary components of a balanced, equitable city housing ecosystem.","District-owned housing on District-owned land, built by a District agency and managed by a District agency; District-owned housing on District-owned land, built by a District agency and managed by a private property-management company; District-owned housing on District-owned land, built by a private construction company and managed by a District agency; District-owned housing on District-owned land, built by a private construction company and managed by a private property-management company","To me, family-sized housing means homes designed with the physical scale, functional layout, and economic stability needed to support children and multi-generational households comfortably. In practice, this means units with three or more bedrooms, dedicated living spaces, and layouts that adapt as household needs evolve over time.  In urban policy, family-sized units serve three vital roles:Preventing Displacement: Without multi-bedroom options, growing families face a stark choice: live in overcrowded conditions or leave the District entirely.  Supporting Multi-Generational Living: In Ward 8, housing frequently serves extended families—grandparents, parents, and youth—who live together to share childcare, eldercare, and living expenses.Building Sustainable Communities: A neighborhood dominated by studios and one-bedrooms prioritizes short-term tenancy. Balanced communities require housing that retains young families, school-aged children, and long-term residents.Ensuring family-sized market-rate and affordable units are built across all Wards is essential for keeping families rooted in D.C.",Too many historic districts,"Yes, inducing residents and visitors to drive less should be an explicit policy goal of the District.",Too many cars,Zero,Too much parking,Too few bars and restaurants,"New housing of all types should be built throughout all neighborhoods. Building more densely near transit is important, but people also deserve the option to live in rowhomes and small apartment buildings, even if those homes are not within a set proximity to a bus stop or train station.","Yes, apartments should be legal in all parts of all the District’s neighborhoods, and I would introduce a resolution supporting the legalization of sixplexes in the Comprehensive Plan rewrite.",N/A,"Yes, height and mass should be removed from the purview of the Historic Preservation Review Board, and I would introduce a resolution supporting such a policy.","I agree that 15 percent of all homes in a planning area should be affordable, and would introduce a resolution in support of such a policy.","To achieve a target of roughly 210 new units in SMD 8A01 (or 1,565 across ANC 8A), new housing should be added strategically by combining commercial corridor development, missing-middle infill, and the conversion or redevelopment of underutilized properties:  Good Hope Road SE Corridor: Focus mid-rise, mixed-income, multi-family housing along the primary commercial spine. Rezoning or utilizing vacant and underused commercial land along Good Hope Road SE allows for ground-floor retail beneath multi-family apartments, placing new residents directly along existing transit lines without encroaching on established interior residential blocks.  Missing-Middle Infill across Residential Streets: Legalize and encourage multi-family infill—such as duplexes, triplexes, fourplexes, and accessory dwelling units (ADUs)—on residential streets (like 18th Street SE, 19th Street SE, and Q Street SE). Replacing vacant lots or expanding existing building footprints allows new homes to blend into the surrounding rowhome and single-family scale.  Redevelopment of Vacant & Blighted Parcels: Prioritize the activation of tax-delinquent, vacant, or neglected residential and commercial lots throughout the neighborhood. Tax incentives, streamlined permitting, and public land disposition can turn long-standing neighborhood blights into dedicated affordable and market-rate housing.  Focusing growth on commercial corridors and infill parcels allows the neighborhood to absorb its share of citywide housing production while improving commercial vitality and expanding transit-oriented housing choices.","I would prefer that development in my ANC be by-right. Knowing that what is zoned is all that is possible to build creates predictability for residents and housing providers, which is worth forgoing a negotiation for possible benefits.","I would support enabling an additional home per lot in R and RF zones, and would introduce a resolution in support of such a zoning text amendment.",If their home is further than a 10-minute walk to a bus stop or train station.,"Yes, I support removing parking and travel lanes to build dedicated bus lanes, and would introduce a resolution in support of doing so in my ANC.","Yes, I support removing parking and travel lanes to build protected bike lanes, and would introduce a resolution in support of doing so in my ANC.","Yes, I support the implementation of road pricing, and would introduce a resolution in support of the District doing so.","Yes, I will participate in the National Week Without Driving every fall.","One routine trip I can commit to shifting from a vehicle to non-car transit is my short-distance errands and meetings along the Good Hope Road SE / Marion Barry Avenue SE commercial corridor and nearby hubs like Skyland Town Center and Eastern Market.  Currently, brief trips for local shopping, neighborhood site visits, or connecting across the river are often made by car for convenience. However, this roughly 1- to 2-mile corridor is directly served by frequent Metrobus lines (including key crosstown and downtown routes) and accessible sidewalk networks.  My Commitment:  Local Errands & Meetings: I commit to making local trips along Good Hope Road SE and Marion Barry Avenue SE on foot or via Metrobus.  Cross-River & Regional Connections: For trips across the Frederick Douglass or 11th Street Bridges toward Navy Yard or Capitol Hill, I commit to utilizing Metrobus corridors or taking Metrorail via Anacostia Station.  Micro-mobility: Utilizing e-bike/bikeshare options for short neighborhood hops within Fairlawn and Historic Anacostia.  Shifting these frequent 5-to-10-minute car drives to foot, bus, or bike directly reduces local vehicle miles traveled (VMT), cuts emissions, and demonstrates that multimodal travel is a practical daily choice east of the river. Achieving the District's 2045 carbon-free goals requires leadership by example, starting with the everyday trips right in our own neighborhoods.","The biggest issue in my neighborhood is:  The compounding impact of blighted, vacant residential properties and commercial corridor disinvestment, paired with severe pedestrian and transit safety hazards along our main thoroughfares. Neglected structures drive down quality of life, encourage illegal dumping, and withhold much-needed housing supply from our community, while dangerous vehicle speeds along corridors like Good Hope Road SE and Marion Barry Avenue SE threaten residents walking to schools, bus stops, and local businesses.  My position on it is:  Neighborhood stability, housing accessibility, and public safety are fundamentally linked. We must aggressively hold absentee and neglectful property owners accountable, facilitate the conversion of vacant or tax-delinquent lots into dedicated affordable and missing-middle housing, and re-engineer our streetscapes to prioritize pedestrian, bicycle, and public transit infrastructure over high-speed vehicular throughput. Safe, walkable streets and active, well-maintained housing blocks are the baseline every District neighborhood deserves.  The biggest issue facing ANC 8A01 is the compounding impact of blighted, vacant properties and commercial corridor disinvestment, paired with severe traffic safety hazards on key neighborhood arteries. Neglected properties drive down quality of life, encourage illegal dumping, and diminish local housing supply, while speed-heavy transit corridors undermine pedestrian safety near our schools and bus stops.  My position is that neighborhood stability, housing availability, and public safety are directly linked. We must aggressively hold absentee property owners accountable, turn blighted lots into high-quality housing, and redesign our streetscapes to prioritize pedestrian, bus, and micro-mobility safety over dangerous vehicle speeds.  Given the advisory nature of an ANC Commissioner’s authority, I will realistically work within statutory mechanisms to deliver concrete outcomes:  Leverage Great Weight Oversight: Draft and pass formal ANC resolutions targeting problematic properties, urging DOB and OAG to enforce tax penalties, secure vacant structures, or pursue judicial receivership for affordable housing.  Coordinate Targeted Municipal Audits: Organize structured multi-agency site walkthroughs (with DPW, DOB, and MPD) to log code violations, audit 311 service tickets, and clear dumping hot spots.  Push DDOT Traffic Safety Input: Submit resolutions advocating for tactical traffic-calming measures to protect residents walking to transit and neighborhood schools.","As an ANC Commissioner representing Single Member District 8A01, making fair, effective decisions requires balancing constituent feedback with rigorous policy analysis, proactive outreach, and data-driven equity. Relying solely on inbox messages or evening meetings risks favoring a vocal minority over working families, renters, seniors, and youth who lack time to attend multi-hour public forums.  To serve the entire community, I guide my leadership through a four-part framework:  1. Proactive Community Engagement  Instead of waiting for residents to reach out, I meet them where they gather. I conduct regular neighborhood walkthroughs, hold pop-up office hours at parks and bus stops, maintain an active digital presence, and collaborate with local schools, churches, and tenant associations to gather broad, representative input.  2. Grounding Decisions in Data & Policy  I weigh constituent feedback against land-use data, traffic safety metrics, housing production numbers, and long-range city plans. Decisions shouldn't stem from loud pushback alone; they must be grounded in evidence showing long-term benefits for affordability, safety, and neighborhood quality of life.  3. Applying an Equity & Anti-Displacement Lens  Land-use and transit decisions in Ward 8 carry high stakes for affordability and equity. I evaluate every proposal by asking: Who benefits, and who bears the cost? I prioritize keeping long-term residents housed, attracting essential commercial services, protecting vulnerable road users, and expanding housing choices.  4. Transparent Communication  On contentious issues, I clearly explain the rationale behind my votes. Through published meeting summaries and updates, I detail the data, statutory context, and public input that shaped each decision.  Ultimately, my role is to act as an accessible, accountable trustee—using proactive outreach, data analysis, and equity-focused policy to build a safer, more vibrant neighborhood for all 2,000 constituents.","I am the right person to serve as ANC Commissioner because I combine dedicated ground-level neighborhood advocacy with a proactive, policy-driven approach to municipal accountability.  My commitment to Ward 8 is rooted in direct action: tracking vacant and blighted properties to push for strict code enforcement, organizing community cleanups and student arts initiatives, and auditing neighborhood transit corridors to advocate for pedestrian and public transit safety. I understand both the administrative tools available to an ANC—such as leveraging statutory ""great weight"" on zoning and land-use decisions—and the essential work of partnering directly with agencies like DPW, DOB, and DDOT to deliver everyday results for residents.  Having managed community projects, public communications, and local outreach, I prioritize transparent, data-grounded decision-making that puts equity, housing access, and anti-displacement at the forefront. I view the role of a commissioner not just as a passive reviewer of proposals, but as an active advocate who engages constituents across all backgrounds, pushes for missing-middle and dedicated affordable housing, and ensures our commercial spines and residential blocks are safe, clean, and vibrant. I am ready to bring focused, accountable, and proactive leadership to represent every resident in our community.","In Ward 8 and across Single Member District 8A01, housing, land use, and transportation are not isolated policy silos—they are deeply interconnected drivers of equity, displacement prevention, and community health. When considering my positions, I encourage Greater Greater Washington (GGWash) to keep three core principles at the center:  1. Equity Means Proactive Investment East of the River  For too long, policy debates in the District have treated housing production and infrastructure investments as one-size-fits-all across every Ward. While Ward 3 needs aggressive upzoning to unlock high-opportunity areas, Ward 8 requires a balanced strategy that pairs density and missing-middle housing with strict anti-displacement protections, tenant support, and capital investments in long-neglected commercial corridors. We must legalize rowhomes, triplexes, and sixplexes while ensuring that public land disposition, Inclusionary Zoning, and Housing Production Trust Fund resources deliver deeply affordable, family-sized units directly where working families are at risk of being priced out.  2. Complete Streets and Transit Reliability Are Civil Rights Issues  In Historic Anacostia and Fairlawn, a significant portion of our residents rely on Metrobus and walking to reach jobs, healthcare, and schools. Yet, our corridors continue to suffer from speed-heavy vehicle traffic, delayed buses, and unsafe pedestrian crossings. Transportation policy must explicitly prioritize vulnerable road users over private automobile throughput. Dedicated bus lanes, protected micro-mobility infrastructure, and automated traffic enforcement along corridors like Good Hope Road SE and Marion Barry Avenue SE are essential tools to save lives, improve bus transit speeds, and connect East of the River residents to regional economic opportunities.  3. Activating Blighted and Vacant Land First  Before expanding development into established residential green spaces, our immediate land-use focus should be turning tax-delinquent, vacant, and blighted structures into active housing and community assets. Neglected parcels drag down local safety, encourage illegal dumping, and hold back neighborhood vitality. By streamlining District agency oversight—pushing DOB, OAG, and DMPED to utilize judicial receivership, tax auctions, and public land transfers—we can rapidly convert neighborhood eyesores into vibrant market-rate and income-restricted housing.  Ultimately, my goal as an ANC Commissioner is to bring a forward-thinking, multimodal, and supply-positive urbanism to Ward 8—one that embraces density, insists on transit equity, and protects the long-term culture and residents of our community."
119176960921,James D Gaston III,,,,4B,4B10,Enough homes,"It's more important to preserve the character of our neighborhoods, and the District’s land-use regulations should reflect that.",Costing no more than 30 percent of one’s household income,Built by private developers; Expensive; Costing more than 30 percent of one’s household income,"Affordable housing and market-rate housing serve different purposes within the overall housing market, but both are essential to creating healthy, economically diverse communities. Affordable housing is designed to ensure that households can obtain safe, decent housing without spending more than approximately 30 percent of their income on housing costs. It may be income-restricted, subsidized, or developed through public-private partnerships, although not all affordable housing receives direct government subsidies.  Market-rate housing is priced according to current market conditions and is generally not income-restricted or subsidized. Rental rates and home prices are determined by supply and demand rather than affordability requirements. Depending on a household's income, market-rate housing may be affordable for some residents but unaffordable for others.  A balanced housing strategy should include a range of housing options—including affordable, workforce, and market-rate housing—to meet the needs of individuals and families at different income levels. Expanding the housing supply, encouraging mixed-income developments, streamlining development processes, and fostering public-private partnerships can help improve housing affordability while supporting economic growth, neighborhood stability, and a high quality of life for all residents.","District-owned housing on District-owned land, built by a private construction company and managed by a private property-management company","To me, family-sized housing means a home that is appropriately designed to accommodate a typical family, such as two parents with two or three children. This generally includes three or more bedrooms, adequate living space, storage, and access to schools, parks, and other family-oriented amenities. The focus should be on the size, layout, and functionality of the home rather than the household's income or whether the housing is subsidized.  I do not consider affordability to be part of the definition of family-sized housing. Instead, I view affordability as a separate issue related to a household's financial circumstances. Family-sized housing can exist at a variety of price points, and households should seek housing that aligns with their financial means. If a particular home is beyond a family's budget, they should consider other housing options that better fit their financial situation.",Enough historic districts,"No, inducing residents and visitors to drive less should not be an explicit policy goal of the District.",Enough cars,Two,Not enough parking,Enough bars and restaurants,"New housing should be built almost exclusively near transit or on major corridors. Adding new housing is important, but so is protecting neighborhoods from change. Limiting denser development to land near transit or on major corridors is a reasonable compromise.","No, apartments should not be legal in all parts of all the District's neighborhoods.","I do not believe apartments should be permitted in every neighborhood throughout the District without regard to existing land use, infrastructure, or community character. Thoughtful planning requires balancing the need for additional housing with the preservation of established neighborhoods and the capacity of public infrastructure.  Land use decisions should consider factors such as traffic, parking availability, school capacity, public safety, utilities, stormwater management, and the compatibility of new development with surrounding homes and businesses. A one-size-fits-all approach that allows apartments in every neighborhood could place undue strain on infrastructure and alter the character of communities that were planned for lower-density residential development.  I support expanding housing opportunities where appropriate, particularly along transit corridors, commercial districts, mixed-use areas, and locations with sufficient infrastructure to support higher-density development. I also support redevelopment of underutilized properties and policies that encourage a variety of housing types where they are compatible with surrounding land uses.  In my view, housing policy should be guided by comprehensive planning, community engagement, infrastructure capacity, and sound zoning principles rather than a blanket policy that applies uniformly across every neighborhood. This approach allows the District to increase its housing supply while preserving neighborhood stability, protecting quality of life, and ensuring that public services can effectively support future growth.","No, height and mass should not be removed from the purview of the Historic Preservation Review Board, and I would oppose a resolution in support of such a policy.",I do not agree that 15 percent of all homes in a planning area should be affordable.,I do not think new housing should be built in my SMD or ANC.,"I would prefer to negotiate a PUD. The delay in the production of new housing is worth the potential for—if not the guarantee of—benefits such as improvements to streets and sidewalks or more income-restricted, subsidized units than are required by District law.","I would not support enabling an additional home per lot in R and RF zones, and would introduce a resolution in opposition to such a zoning text amendment.",If their home is further than a 20-minute walk to a bus stop or train station.,"Yes, I support removing parking and travel lanes to build dedicated bus lanes, and would introduce a resolution in support of doing so in my ANC.","Yes, I support removing parking and travel lanes to build protected bike lanes, and would introduce a resolution in support of doing so in my ANC.","No, I do not support the implementation of road pricing, and would introduce a resolution in opposition to the District doing so.","No, I will not participate in the National Week Without Driving every fall.",Trip to neighborhood post office,"As an ANC Commissioner, I recognize that I would not have direct authority over the Metropolitan Police Department or District agencies. However, I would use the office to be a strong advocate and liaison for residents. I would regularly engage with MPD district leadership, the Mayor's Office, and relevant agencies to communicate neighborhood concerns and advocate for targeted enforcement and public safety resources.  I would organize regular community meetings with public safety officials, encourage residents to report crimes and suspicious activity, promote Neighborhood Watch and other community-based initiatives, and work with agencies to address environmental factors that contribute to crime, such as poor lighting, abandoned properties, illegal dumping, and overgrown lots. I would also advocate for traffic calming measures, improved pedestrian safety, and investments in youth and community programs that help prevent crime before it occurs.  My goal would be to build trust between residents and government, ensure community concerns are heard, and pursue practical, collaborative solutions that make the neighborhood safer for everyone.  Public safety is the most significant issue facing my neighborhood. Residents deserve to feel safe in their homes, while walking their streets, using public transportation, and enjoying neighborhood parks and businesses. Concerns such as violent crime, property crime, illegal dumping, traffic safety, reckless driving, and quality-of-life issues can erode residents' confidence and negatively affect neighborhood stability and economic vitality.  I believe public safety is a shared responsibility that requires collaboration among law enforcement, government agencies, neighborhood organizations, businesses, and residents. While effective policing is important, long-term public safety also depends on community engagement, youth opportunities, environmental design, code enforcement, and timely responses to resident concerns. My position is that the District should continue investing in proactive crime prevention strategies while strengthening partnerships between residents and public safety agencies.","I believe an elected representative has a responsibility to serve the entire community—not just the individuals who attend meetings, send emails, or are the most vocal. While constituent feedback is invaluable, I recognize that those who actively engage may not always reflect the views of the approximately 2,000 residents within an ANC Single Member District. If elected, I will make decisions by considering four key factors: community input, facts and data, applicable laws and policies, and the long-term interests of the neighborhood. I will actively seek feedback through ANC meetings, community forums, neighborhood walks, email updates, social media, and direct conversations with residents, businesses, civic associations, schools, and faith-based organizations. My goal is to hear from a broad cross-section of the community, including residents whose voices are not typically represented. I also believe decisions should be informed by objective information. I will review reports from District agencies, public safety and traffic data, zoning and planning recommendations, budget impacts, and other relevant information before taking a position. I will listen respectfully to differing viewpoints, ask thoughtful questions, and evaluate the potential benefits and unintended consequences of each decision. Transparency and accountability are equally important. I will clearly communicate the reasoning behind my votes, even when residents may disagree with my position. My commitment is to make decisions that are fair, well-informed, and consistent with the responsibilities of an ANC Commissioner—not based solely on political pressure or the loudest voices. My career in municipal government has taught me that effective leadership requires collaboration, integrity, and a willingness to balance competing interests. As an ANC Commissioner, I will approach every issue with an open mind, carefully consider all perspectives, and make decisions that promote public safety, responsible development, fiscal stewardship, and an improved quality of life for all residents of the community","I believe I am the right person to serve as ANC Commissioner because I bring a unique combination of professional local government experience, community involvement, and a genuine commitment to public service. Throughout my career, I have served as a Deputy City Manager, Town Administrator, Village Manager, Economic Development Director, and Public Information Officer, giving me firsthand experience working with elected officials, managing public resources, solving complex community issues, and building consensus among diverse stakeholders. I understand how government works and, just as importantly, how residents can effectively work with government to achieve results. My approach is to listen first, communicate openly, and make decisions based on facts, fairness, and the long-term interests of the entire community. If elected, I will be accessible, responsive, and accountable. I will regularly engage with residents, businesses, schools, faith-based organizations, and District agencies to ensure concerns are heard and addressed. I will advocate for improved public safety, responsible development, cleaner neighborhoods, effective government services, and enhanced quality of life while ensuring that residents are informed and involved in decisions affecting our community.",N/a
119176896735,Katelyn McNelis,,McNelisforDC (instagram),,2G,2G06,Not enough homes,"It's more important to enable more homes, and more types of homes, in more of our neighborhoods, even if that results in pushback for “changing a neighborhood’s character.”",Means-tested or income-restricted; Built by the government; Subsidized; Rent-controlled; Costing no more than 30 percent of one’s household income,Not means-tested or income-restricted; Built by private developers; Unsubsidized; Not rent-controlled; Costing more than 30 percent of one’s household income,"Market-rate housing is priced based on overall supply and demand, while affordable units are priced below market rates due to government programs. All housing should be affordable, meaning individuals of all income levels should be able to secure housing that costs 30% or less of their income. I believe the most effective way to make housing affordable is to increase supply","District-owned housing on District-owned land, built by a District agency and managed by a District agency; District-owned housing on District-owned land, built by a District agency and managed by a private property-management company; District-owned housing on District-owned land, built by a private construction company and managed by a District agency; District-owned housing on District-owned land, built by a private construction company and managed by a private property-management company","This is a new term to me, but I support building units that can accommodate young families looking for starter homes, multi-generational families,  multi-family households, and other living arrangements",Enough historic districts,"Yes, inducing residents and visitors to drive less should be an explicit policy goal of the District.",Enough cars,One,Enough parking,Too few bars and restaurants,"New housing of all types should be built throughout all neighborhoods. Building more densely near transit is important, but people also deserve the option to live in rowhomes and small apartment buildings, even if those homes are not within a set proximity to a bus stop or train station.","Yes, apartments should be legal in all parts of all the District's neighborhoods.",N/A,"Yes, height and mass should be removed from the purview of the Historic Preservation Review Board.",I agree that 15 percent of all homes in a planning area should be affordable.,"I support additional density in my ANC and believe developers, absent unhelpful regulations, can build additional density where it best meet market needs","I would prefer that development in my ANC be by-right. Knowing that what is zoned is all that is possible to build creates predictability for residents and housing providers, which is worth forgoing a negotiation for possible benefits.",I would support a zoning text amendment enabling an additional home per lot in R and RF zones.,If their home is further than a 10-minute walk to a bus stop or train station.,"No, I do not support removing parking and travel lanes to build dedicated bus lanes.","Yes, I support removing parking and travel lanes to build protected bike lanes.","Yes, I support the implementation of road pricing, and would introduce a resolution in support of the District doing so.","Yes, I will participate in the National Week Without Driving every fall.",Sometimes I drive to the grocery store,"Traffic safety. M Street NW is a thoroughfare leading to a 395 on-ramp in the heart of my residential neighborhood. People crowd and speed down M Street (despite speed bumps) to get to the on the highway; blow the stop sign at 4th and M NW to turn onto the on-ramp; and speed the wrong way down 4th Street NW (a one-way) and around the new traffic ""star"" to get onto the highway. The district needs to do more to make this residential community safer  Push District Agencies, specifically DDOT, to implement more traffic safety controls in my neighborhood","I will clearly describe my principles and views during the campaign, solicit input from a wide range of neighbors, and account for neighbor views alongside my stated positions when making decisions","I am an engaged, invested community member seeking to improve traffic safety, public safety, and basic services (trash, rat control, sidewalk safety) in my neighborhood. As a lawyer who has worked for the government and opposed government action, I have the skills needed to advocate for my neighbors. And as a new mom, I am deeply invested in building a livable, inclusive community","I believe increasing supply is the best way to make housing affordable, that we need a robust, reliable, and affordable public transit system, and that land use policies should support these goal"
119176896722,Matt Johnson,,twitter: MattFor2B06,,2B,2B06,Not enough homes,"It's more important to enable more homes, and more types of homes, in more of our neighborhoods, even if that results in pushback for “changing a neighborhood’s character.”",Means-tested or income-restricted; Built by the government; Cheap; Subsidized; Rent-controlled; Costing no more than 30 percent of one’s household income,Not means-tested or income-restricted; Built by private developers; Costing more than 30 percent of one’s household income,"Everyone should be able to afford a home that meets their needs and the needs of their family. In some cases, that may be market rate housing and in some cases they may need subsidized or rent-stabilized housing. In a world where we build enough housing (and I'd like to see us get there), market rate housing can be affordable to many. But we still will need intentionally affordable housing.","District-owned housing on District-owned land, built by a District agency and managed by a District agency; District-owned housing on District-owned land, built by a District agency and managed by a private property-management company; District-owned housing on District-owned land, built by a private construction company and managed by a District agency; District-owned housing on District-owned land, built by a private construction company and managed by a private property-management company",Housing with at least 3 bedrooms.,Too many historic districts,"Yes, inducing residents and visitors to drive less should be an explicit policy goal of the District.",Too many cars,Zero,Too much parking,Too few bars and restaurants,"New housing of all types should be built throughout all neighborhoods. Building more densely near transit is important, but people also deserve the option to live in rowhomes and small apartment buildings, even if those homes are not within a set proximity to a bus stop or train station.","Yes, apartments should be legal in all parts of all the District’s neighborhoods, and I would introduce a resolution supporting the legalization of sixplexes in the Comprehensive Plan rewrite.",N/A,"Yes, height and mass should be removed from the purview of the Historic Preservation Review Board, and I would introduce a resolution supporting such a policy.","I agree that 15 percent of all homes in a planning area should be affordable, and would introduce a resolution in support of such a policy.","In my SMD, there are some opportunities for office-to-residential conversion, which should be one priority. However, housing should be built throughout my SMD through ADUs, partition of rowhouses, and new construction.","I would prefer that development in my ANC be by-right. Knowing that what is zoned is all that is possible to build creates predictability for residents and housing providers, which is worth forgoing a negotiation for possible benefits.","I would support enabling an additional home per lot in R and RF zones, and would introduce a resolution in support of such a zoning text amendment.",If their home is further than a 15-minute walk to a bus stop or train station.,"Yes, I support removing parking and travel lanes to build dedicated bus lanes, and would introduce a resolution in support of doing so in my ANC.","Yes, I support removing parking and travel lanes to build protected bike lanes, and would introduce a resolution in support of doing so in my ANC.","Yes, I support the implementation of road pricing, and would introduce a resolution in support of the District doing so.","Yes, I will participate in the National Week Without Driving every fall.","I almost never travel by car within the Washington region. I plan to continue to travel primarily by bike, walking, and transit.","Traffic violence  Continue to hold DDOT's feet to the fire to implement road safety, write resolutions, and pressure the Council and Mayor to make or support policy changes at DDOT and MPD to improve road safety outcomes.","I make decisions based on what is good for the District as a whole, and I use engagement with my constituents to shape my views, however I have found that they are mostly aligned with my positions, which are focused on traffic safety, housing production, fighting climate change, and improving the responsiveness of the DC government.","I have dedicated my life to public service, both in my career, in my personal time, and as an ANC commissioner. I will continue to push to improve safety, affordability, and livability in DC, whether or not I am reelected, but I feel my ability to fight for my constituents will be stronger if I am on the ANC.","With regard to Question 24, I support by-right development rather than PUD development, but I believe that my SMD and ANC should be generally upzoned with by-right densities higher than what are currently allowed."
119176888472,Malcolm Williams,,"Facebook,  Tiki Tok",,8B,8B01,Not enough homes,"It's more important to preserve the character of our neighborhoods, and the District’s land-use regulations should reflect that.",Rent-controlled; Costing no more than 30 percent of one’s household income,Built by private developers; Expensive,Affordable housing should consider the constituents in that community and thier average income.,"District-owned housing on District-owned land, built by a District agency and managed by a District agency; District-owned housing on District-owned land, built by a private construction company and managed by a District agency",At least 2000sg ft with a outside area for children to play,Not enough historic districts,"No, inducing residents and visitors to drive less should not be an explicit policy goal of the District.",Enough cars,Two,Not enough parking,Enough bars and restaurants,"New housing should be built almost exclusively near transit or on major corridors. Adding new housing is important, but so is protecting neighborhoods from change. Limiting denser development to land near transit or on major corridors is a reasonable compromise.","No, apartments should not be legal in all parts of all the District’s neighborhoods, and I would oppose a resolution in support of such a policy.",It should be a person's option to live in an apartment or not,"No, height and mass should not be removed from the purview of the Historic Preservation Review Board, and I would oppose a resolution in support of such a policy.",I agree that 15 percent of all homes in a planning area should be affordable.,In my SMD I Have a dilapidated housing development that should be revitalized to meet modern day standards,"I would prefer to negotiate a PUD. The delay in the production of new housing is worth the potential for—if not the guarantee of—benefits such as improvements to streets and sidewalks or more income-restricted, subsidized units than are required by District law.","I would support enabling an additional home per lot in R and RF zones, and would introduce a resolution in support of such a zoning text amendment.",If their home is further than a 15-minute walk to a bus stop or train station.,"No, I do not support removing parking and travel lanes to build dedicated bus lanes.","No, I do not support removing parking and travel lanes to build protected bike lanes.","Yes, I support the implementation of road pricing.","No, I will not participate in the National Week Without Driving every fall.",Going to get a hair cut,"Safety for elders, recreational places for our youth,  Food shortages for all, affordable housing  Address a place for teenagers to go after school free from violence and addresses learning and cultural diversity",Engagement...2000 people is not Alot. With effort you can reach a lot of people.,I'm  already engaged with most of my SMD and if given the opportunity I will do more,Thank you for this opportunity
119176860996,Reginald Parker Shaw-Richardson,,,,5D,5D01,Not enough homes,"It's more important to preserve the character of our neighborhoods, and the District’s land-use regulations should reflect that.",Means-tested or income-restricted; Cheap; Subsidized; Rent-controlled; Costing no more than 30 percent of one’s household income,Built by private developers; Expensive; Unsubsidized; Not rent-controlled; Costing more than 30 percent of one’s household income,"In Washington, DC, affordable housing is housing restricted by law, Market-rate housing has no such income cap or mandated rent limit, so its price is set by demand and supplyPractically, the difference is: - Affordable housing has eligibility rules, usually tied to income such as a percentage of area median income, and may be supported by subsidies, tax credits, or zoning rules like Inclusionary Zoning subsidy, or program rules so that households below certain income limits can live there for less than market rent or purchase price. Market-rate housing is housing priced by the private market without those income or rent restrictions.","District-owned housing on District-owned land, built by a District agency and managed by a District agency; District-owned housing on District-owned land, built by a District agency and managed by a private property-management company; District-owned housing on District-owned land, built by a private construction company and managed by a District agency; District-owned housing on District-owned land, built by a private construction company and managed by a private property-management company","I  Most cities  “family-sized housing” generally is  housing with three or more bedrooms, or housing options that can accommodate households of three or more people. Such as townhomes, fourplexes, and multifamily buildings that can work for families",Not enough historic districts,"Yes, inducing residents and visitors to drive less should be an explicit policy goal of the District.",Too many cars,Two,Not enough parking,Too few bars and restaurants,"New housing should be built almost exclusively near transit or on major corridors. Adding new housing is important, but so is protecting neighborhoods from change. Limiting denser development to land near transit or on major corridors is a reasonable compromise.","Yes, apartments should be legal in all parts of all the District’s neighborhoods, and I would introduce a resolution supporting the legalization of sixplexes in the Comprehensive Plan rewrite.",n/a,"No, height and mass should not be removed from the purview of the Historic Preservation Review Board, and I would oppose a resolution in support of such a policy.",I agree that 15 percent of all homes in a planning area should be affordable.,my SMD is alredy project to have more than 1565 units built,"I would prefer to negotiate a PUD. The delay in the production of new housing is worth the potential for—if not the guarantee of—benefits such as improvements to streets and sidewalks or more income-restricted, subsidized units than are required by District law.","I would support enabling an additional home per lot in R and RF zones, and would introduce a resolution in support of such a zoning text amendment.",If their home is further than a 20-minute walk to a bus stop or train station.,"Yes, I support removing parking and travel lanes to build dedicated bus lanes, and would introduce a resolution in support of doing so in my ANC.","Yes, I support removing parking and travel lanes to build protected bike lanes.","No, I do not support the implementation of road pricing.","Yes, I will participate in the National Week Without Driving every fall.",medical visits,"My vision for 5D01 focuses on three core pillars:  Smart Infrastructure: Tackling Traffic and Parking The most pressing issues in our district are traffic congestion and parking shortages. I will work directly with city agencies to evaluate and implement traffic flow improvements, including converting select streets to one-way systems to reduce gridlock and improve safety. My goal is to make our streets manageable for residents while maintaining access for visitors.  Preserving Our Heritage and Green Space Union Market’s history defines our character, but we need room to breathe. I am committed to securing a dedicated community park and more green space. We must ensure that as we grow, we create places where neighbors connect and families thrive, honoring our roots while building a sustainable future.  Collaborative Development Growth should serve the people. I will work constructively with developers to ensure our neighborhood's evolution is transparent and resident-driven. I am your bridge to the planning process, ensuring your voice is at the center of every decision.  I am running because I believe the best version of Union Market is one where development and community thrive together. I look forward to earning your vote and working for you to ensure our district remains a place we are all proud to call home.  As a candidate for ANC 5D01, I am committed to ensuring our neighborhood’s rapid growth benefits everyone. My platform centers on five key areas:  Housing: A thriving neighborhood must be inclusive. I support diverse housing options that allow residents at all income levels to live and work here, ensuring 5D01 remains a home for both long-term residents and new neighbors.  Transportation: Our biggest challenge is the strain on our streets. I will prioritize practical, data-driven solutions to manage traffic congestion and parking. This includes advocating for traffic studies to explore one-way street conversions and improved infrastructure that prioritizes pedestrian safety.  Land Use: Development must be intentional and community-focused. I advocate for mixed-use spaces that integrate residential and commercial needs with essential public amenities, like green space and community facilities.  Small Businesses: Local shops are our heartbeat. I am committed to a business-friendly environment that helps our entrepreneurs operate and thrive.  I am running to ensure that as 5D01 continues to become a world-class destination, it never loses sight of the people who make it a neighborhood.","As an ANC Commissioner, my role is to balance individual constituent concerns with the broader, long-term health of our entire 5D01 community. Representing roughly 2,000 neighbors means acknowledging that our district is diverse in its needs, backgrounds, and priorities. To make informed, fair decisions, I will rely on a multi-layered approach:  Proactive Engagement and Data-Driven Outreach I cannot wait for feedback to come to me. I will actively seek out the ""silent majority"" by utilizing digital platforms, community forums, and consistent office hours to ensure that voices from different corners of our district—renters, homeowners, long-term residents, and new arrivals—are heard. By intentionally reaching out to those who may not typically engage with the ANC, I can ensure my decisions are informed by a broader cross-section of our community rather than just the most vocal few.  Focusing on Core Community Values When faced with conflicting viewpoints, I will ground my decisions in the fundamental pillars of our district’s success: safety, sustainability, and community identity. If a proposal aligns with our collective goals—such as reducing traffic congestion, creating accessible green space, or ensuring responsible development—it will receive my support. I will weigh individual requests against these shared objectives to ensure that my actions benefit the neighborhood as a whole, rather than serving narrow interests.  Transparency and Accessibility Transparency is the best antidote to the fear that a representative is only listening to a select group. I will clearly articulate the ""why"" behind my votes. When I take a position, I will share the data, the community feedback, and the reasoning that led to that conclusion. By keeping our process open, I allow constituents to understand the trade-offs involved in complex decisions, which builds trust even among those who may initially disagree with a specific outcome.  Collaboration with Stakeholders As a Real Estate Professional, I understand how to navigate complex project stakeholders and city agencies. I will use this experience to facilitate productive conversations between residents, developers, and city officials. My goal is not to force a decision, but to find common ground. By fostering a collaborative environment, we can often find solutions that address the primary concerns of multiple groups simultaneously.  Ultimately, my responsibility is to be a steward of the Union Market District. I will listen deeply, analyze the facts, and prioritize the long-term vitality of our neighborhood, ensuring that 5D01 remains a place where everyone has the opportunity to thrive. My door will always be open, and I will remain accountable to all 2,000 of my constituents by consistently working toward the common good.","I combine a deep personal commitment to the Union Market District with the professional expertise needed to navigate its rapid transformation. As a Real Estate Professional, I have a unique understanding of the development landscape, zoning processes, and city agencies that shape our skyline.  I am the right choice for three key reasons:  * Bridging Growth and Community: I understand how to sit at the table with developers and planners to ensure our ""world-class"" vision includes what residents actually need: better traffic flow, smart parking, and real green space. * A Bridge-Builder: My approach is centered on transparency and inclusion. I am committed to ensuring every resident—whether you’ve been here for years or just moved in—has a seat at the table. I will bring the process to you, ensuring today’s decisions reflect our shared future. * Big-Picture Quality of Life: I have a clear, actionable vision to tackle traffic congestion and fight for a community park, honoring our history while securing a vibrant future.  I am running for ANC 5D01 because I have the passion to advocate for you, the experience to get results, and the commitment to ensure our neighborhood remains a safe, welcoming, and world-class place for us all.","As a candidate for ANC 5D01, my platform is built on ensuring that our neighborhood’s rapid growth benefits everyone who calls it home. My position on these five critical areas is rooted in balancing progress with the preservation of our community’s unique character:  Housing & Affordable Housing I believe that a thriving neighborhood must be inclusive. Housing is the foundation of community stability, and I support a diverse range of housing options that allow residents at various income levels to live and work in 5D01. I am committed to working with developers and the city to ensure that affordable housing mandates are not just met but meaningfully integrated into our district. My goal is to ensure that as our neighborhood evolves, it remains a home for both long-term residents and new neighbors alike.  Transportation Our district’s biggest challenge is the strain on our streets. I will prioritize practical, data-driven solutions to manage traffic congestion and parking shortages. This includes advocating for traffic studies to explore one-way street conversions and improved infrastructure that prioritizes pedestrian safety. We need a transportation plan that balances the needs of residents, visitors, and local businesses to ensure our streets are manageable and safe for everyone.  Land Use Land use in 5D01 must be intentional and community-focused. As we continue to develop, I will advocate for a balanced approach that favors mixed-use spaces, which integrate residential, commercial, and essential public amenities. I will be a vigilant advocate during the planning process, ensuring that new developments contribute to the district’s infrastructure and provide the public benefits—like green space and community facilities—that our residents deserve.  Small Businesses Small businesses are the heartbeat of the Union Market District. They provide our neighborhood with its unique identity and local flavor. I am committed to supporting our local entrepreneurs by advocating for a business-friendly environment that makes it easier for them to operate and thrive. I will work to ensure that new development projects provide opportunities for local retail and that our community remains a place where small businesses can grow alongside larger commercial investments.  I am running to ensure that as 5D01 continues to become a world-class destination, and  it never loses sight of the people who make it a neighborhood"
119176851175,Dayan Reynolds,,,,6/8F,8F05,Not enough homes,"It's more important to enable more homes, and more types of homes, in more of our neighborhoods, even if that results in pushback for “changing a neighborhood’s character.”",Cheap; Subsidized; Rent-controlled; Costing no more than 30 percent of one’s household income,Not means-tested or income-restricted; Built by private developers; Costing more than 30 percent of one’s household income,"Market rate has fewer restrictions (though rent control should be a priority across the board in DC today). Affordable housing should mean actually affordable, even lower a percentage than 30% of income. I support graduated income restrictions but not flat caps, as that hurts lower income individuals who receive a raise that puts them just above the line.","District-owned housing on District-owned land, built by a District agency and managed by a District agency; District-owned housing on District-owned land, built by a private construction company and managed by a District agency","Sufficient square footage per person to create both shared and individual space, multiple bedrooms, and exterior windows with consistent access to natural light in each bedroom.",Enough historic districts,"Yes, inducing residents and visitors to drive less should be an explicit policy goal of the District.",Too many cars,One,Not enough parking,Enough bars and restaurants,"New housing should be built almost exclusively near transit or on major corridors. Adding new housing is important, but so is protecting neighborhoods from change. Limiting denser development to land near transit or on major corridors is a reasonable compromise.","No, apartments should not be legal in all parts of all the District's neighborhoods.","Apartments should be legal in some parts of all neighborhoods with existing transit access. Building apartments in “transit deserts” would likely lead to the marginalization of poorer families who cannot afford to live close to stations (ergo, new housing near stations should include some affordable units) and only encourage greater car use in areas with limited parking. Prioritizing transit is critical, but also a lengthy and costly process that often takes longer than building new housing. As well, our rowhouses and historic neighborhoods are part of our shared history and culture, and ought to be protected at least in part.","Yes, height and mass should be removed from the purview of the Historic Preservation Review Board.",I agree that 15 percent of all homes in a planning area should be affordable.,"In my SMD, as part of the final vacant parcel in the area, behind the Novel along South Cap (the others are all apartments and already have affordable housing). As well, the DCHA has been allowed to sit for far too long on the vacant lot at New Jersey and I, which needs soil remediation and was already promised by the government to include affordable housing. Part of my campaign has included a pledge to stop developers holding onto vacant lots indefinitely.","I would prefer to negotiate a PUD. The delay in the production of new housing is worth the potential for—if not the guarantee of—benefits such as improvements to streets and sidewalks or more income-restricted, subsidized units than are required by District law.","I would support enabling an additional home per lot in R and RF zones, and would introduce a resolution in support of such a zoning text amendment.",If their home is further than a 15-minute walk to a bus stop or train station.,"Yes, I support removing parking and travel lanes to build dedicated bus lanes.","Yes, I support removing parking and travel lanes to build protected bike lanes.","Yes, I support the implementation of road pricing, and would introduce a resolution in support of the District doing so.","Yes, I will participate in the National Week Without Driving every fall.","I’m entirely a pedestrian. Unless it’s because it’s truly unreachable by transit, I always walk and take buses and metro (and yes, that includes using our silver line extension to Dulles!)","Across the Navy Yard ANC, the greatest issue is youth crime. I have and will continue to call out the District Council for failing our youth by not addressing truancy or ensuring sufficient youth and family care resources. In the interim, I will continue supporting emergency youth curfews, as the safest option the Council has offered, to get kids home safely and preventing them from getting a criminal record that would harm them for life.  Continue my fight for greater traffic safety along Navy Yard’s I Street corridor. It remains the greatest concern of my constituents by far. In June, I successfully negotiated for the installation of double-sided stop signs at 1st and I. I plan to push for more.","My SMD is the most transient (short term living) part of Navy Yard, and therefore lacks community. I want to fix that by launching community gatherings to bring people together and meet both myself and their neighbors. I want their concerns to inform my decisions.","I’m a democracy scholar who’s spent much of my career fighting to build grassroots democracy overseas on behalf of USAID. I want to fight for those same democratic principles here at home. But most importantly, I’m just an ordinary resident with no political career ambitions - I just want to make things better here.","Nope. Build more affordable housing, more housing overall, more bus lanes, more metro stations, and more community engagement pretty much sums it up."
119176849555,Howard Garrett,,Hgarrett4dc,,2G,2G01,Not enough homes,"It's more important to enable more homes, and more types of homes, in more of our neighborhoods, even if that results in pushback for “changing a neighborhood’s character.”",Means-tested or income-restricted; Subsidized; Costing no more than 30 percent of one’s household income,Not means-tested or income-restricted; Unsubsidized,"Affordable housing should mean more than simply labeling a unit “affordable.” It should mean that working people and families can pay their rent without having to choose between housing, groceries, health care, or transportation. That often requires income restrictions, public investment, rent limits, or other protections that keep homes within reach over time. Market-rate housing is different because its price is largely driven by the market and is not required to serve people at a particular income level. We need more housing overall, including market-rate housing, but increasing supply alone will not meet every need. Public investment and long-term affordability protections are still necessary to make sure lower-income residents are not priced out. The real distinction is whether there is a meaningful and enforceable commitment to keeping the housing affordable for the people who need it most.","District-owned housing on District-owned land, built by a District agency and managed by a District agency; District-owned housing on District-owned land, built by a District agency and managed by a private property-management company; District-owned housing on District-owned land, built by a private construction company and managed by a District agency; District-owned housing on District-owned land, built by a private construction company and managed by a private property-management company","Family-sized housing should mean homes that allow families to live, grow, and remain in the District over time. That includes a meaningful supply of two-, three-, and four-bedroom units, not just studios and one-bedrooms, with layouts that are functional for children, multigenerational households, caregivers, and people with disabilities. It should also be located near schools, transit, parks, child care, grocery stores, and other daily needs. But size alone is not enough. Family-sized housing must also be affordable to working families across a range of incomes. Too often, families are forced to leave the District because the homes that meet their needs are either unavailable or far beyond what they can afford. A pro-housing city should build more family-sized homes in every neighborhood while using public investment, inclusionary requirements, and permanent affordability protections to make sure families can actually remain here.",Enough historic districts,"Yes, inducing residents and visitors to drive less should be an explicit policy goal of the District.",Too many cars,One,Too much parking,Too few bars and restaurants,"New housing of all types should be built throughout all neighborhoods. Building more densely near transit is important, but people also deserve the option to live in rowhomes and small apartment buildings, even if those homes are not within a set proximity to a bus stop or train station.","Yes, apartments should be legal in all parts of all the District’s neighborhoods, and I would introduce a resolution supporting the legalization of sixplexes in the Comprehensive Plan rewrite.",N/A,"Yes, height and mass should be removed from the purview of the Historic Preservation Review Board, and I would introduce a resolution supporting such a policy.","I agree that 15 percent of all homes in a planning area should be affordable, and would introduce a resolution in support of such a policy.","There are several vacant or underused apartment buildings in my SMD, including affordable housing that has remained offline because a developer failed to meet its obligations. There is also a vacant and underutilized piece of land that could support additional homes. I would prioritize bringing those buildings back into use, moving stalled projects forward, and adding appropriate density near transit and neighborhood amenities. I believe we can meet Janeese Lewis George’s housing goal, but it will require urgency, accountability, and a willingness to use every available tool. That means holding developers accountable, removing unnecessary barriers, using public land strategically, and making sure new development includes homes that working families can actually afford.","I would prefer that development in my ANC be by-right. Knowing that what is zoned is all that is possible to build creates predictability for residents and housing providers, which is worth forgoing a negotiation for possible benefits.","I would support enabling an additional home per lot in R and RF zones, and would introduce a resolution in support of such a zoning text amendment.",If their home is further than a 10-minute walk to a bus stop or train station.,"Yes, I support removing parking and travel lanes to build dedicated bus lanes, and would introduce a resolution in support of doing so in my ANC.","Yes, I support removing parking and travel lanes to build protected bike lanes, and would introduce a resolution in support of doing so in my ANC.","Yes, I support the implementation of road pricing, and would introduce a resolution in support of the District doing so.","Yes, I will participate in the National Week Without Driving every fall.","I do not own a car, so walking and Metro are already part of my everyday life. Whether I am traveling to work, attending community meetings, or moving around DC, I rely on public transportation and by walking. I will continue making those choices, while advocating for a system that is frequent, reliable, safe, and accessible enough for more residents to do the same.","The biggest issue is that too many opportunities to create housing are being left on the table. We have vacant and underused buildings that could be restored, stalled affordable-housing projects that should be completed, and sites where additional density could create more homes. At the same time, landlords and developers must be held accountable when properties are neglected or commitments are not fulfilled. My position is that we must build more housing at every level, while ensuring that public resources produce real affordability, accessibility, and long-term benefits for residents.  As the current commissioner, I am already working with developers, property owners, residents, and District agencies to identify opportunities for additional housing and move stalled projects forward. I would continue advocating for appropriate density, supporting the rehabilitation of vacant buildings, and pushing the District to use public land and housing resources more effectively. I am also using the ANC’s oversight and advisory role to demand clear timelines, stronger accountability, and meaningful affordability commitments. My goal is to make sure more people can find a safe, accessible, and affordable home in the community, rather than allowing viable buildings and land to remain unused.","As a sitting ANC commissioner, I focus on meeting residents where they are. I communicate through monthly newsletters, neighborhood email groups, resident association meetings, and direct conversations so people can stay informed and engaged. I also recognize that the loudest voices do not always represent the entire community, so I balance resident feedback with data, equity, and the long-term needs of the neighborhood.","am the right person to continue serving because I have shown that I will do the work, communicate consistently, and stand firmly on the principles I ran on. Since taking office, I have focused on meeting residents where they are, improving transparency, addressing everyday neighborhood concerns, and pushing for more housing, safer streets, reliable transportation, and accountable government. I understand that leadership is not simply responding to the loudest voice in the room. It is listening broadly, making informed decisions, and being willing to explain and defend those decisions. I have built relationships with residents, agencies, community organizations, and housing partners, and I will continue using those relationships to deliver results for the neighborhood.","I was proud to earn GGWash’s endorsement in my last election, and I have governed in a way that reflects the principles behind that endorsement. I remain firmly committed to building more housing, expanding affordable and social housing, supporting appropriate density, improving public transit, creating safer infrastructure for people walking and biking, and reducing unnecessary barriers that prevent our city from meeting its needs. My record demonstrates that these are not simply positions I take during an election. I have carried them into office, even when doing so required difficult conversations or standing firm in the face of opposition. I believe we can support growth while protecting residents, expand housing without abandoning affordability, and build a city that is more accessible, equitable, and connected. I will continue standing ten toes down on those values."
119176840726,Spenser Dettwyler,,,,3F,3F05,Not enough homes,"It's more important to enable more homes, and more types of homes, in more of our neighborhoods, even if that results in pushback for “changing a neighborhood’s character.”",Means-tested or income-restricted; Rent-controlled; Costing no more than 30 percent of one’s household income,Not means-tested or income-restricted,"""Affordable housing"" is housing set aside for qualifying individuals, those with incomes in or around the bottom quartile of the city's population. There are often other requirements to qualify for affordable housing. Market-rate housing is housing that is not means-tested or income-restricted in this way. Market-rate housing is usually build by private developers, but not always. Right now it's usually expensive, but it doesn't HAVE to be, especially if we flood the market with a steady supply of new market-rate units.","District-owned housing on District-owned land, built by a District agency and managed by a District agency; District-owned housing on District-owned land, built by a private construction company and managed by a District agency","Housing units large enough to accommodate a at least one child and their parent or parents. These units are usually 2 or 3 bedrooms. They're absolutely vital to have if we want people to build lives and raise families in the District. My SMD has a few of these, and I would like to build more.",Too many historic districts,"Yes, inducing residents and visitors to drive less should be an explicit policy goal of the District.",Too many cars,Zero,Too much parking,Enough bars and restaurants,"New housing of all types should be built throughout all neighborhoods. Building more densely near transit is important, but people also deserve the option to live in rowhomes and small apartment buildings, even if those homes are not within a set proximity to a bus stop or train station.","Yes, apartments should be legal in all parts of all the District’s neighborhoods, and I would introduce a resolution supporting the legalization of sixplexes in the Comprehensive Plan rewrite.",N/A,"Yes, height and mass should be removed from the purview of the Historic Preservation Review Board, and I would introduce a resolution supporting such a policy.",I agree that 15 percent of all homes in a planning area should be affordable.,"For my SMD, there are a few option. Upzonings/creating more density in the area around Albemarle St NW and 35th St NW is an option, as is Yuma St. There's a surface parking lot right by the corner of Connecticut Ave NW and Yuma St NW in particular that could become a new apartment complex. Additionally, I know of some plans to build housing on the Howard University Law campus, though I share that SMD with 3F03. My SMD is one of the denser ones in 3F; there are a LOT of opportunities for upzoning and development in the residential areas of 3F01, 3F02, and 3F06, which currently have a lot of land taken up primarily by detached single-family homes. I think my SMD can get to 210 new units from the targets I mentioned, especially if I get the Howard University Law School units. And 3F as a whole can take on substantially more than 1,565 units.","I would prefer that development in my ANC be by-right. Knowing that what is zoned is all that is possible to build creates predictability for residents and housing providers, which is worth forgoing a negotiation for possible benefits.","I would support enabling an additional home per lot in R and RF zones, and would introduce a resolution in support of such a zoning text amendment.",If their home is further than a 15-minute walk to a bus stop or train station.,"Yes, I support removing parking and travel lanes to build dedicated bus lanes, and would introduce a resolution in support of doing so in my ANC.","Yes, I support removing parking and travel lanes to build protected bike lanes.","Yes, I support the implementation of road pricing, and would introduce a resolution in support of the District doing so.","Yes, I will participate in the National Week Without Driving every fall.","I do not drive and I very rarely use rideshare apps. The only exception is going to visit my friend, who lives in Kensington. I could take the Metro to Wheaton and walk from there, but last time I tried that I got lost. I could try again! That's genuinely my only consistent use case for driving.","Poor management of the apartment complex at 3003 Van Ness St. It houses about a third of the residents of my SMD, including myself, and fails to provide a safe environment for those residents. Other apartment builds in the area are also struggling in this way.  Bring the failures of the apartment's management to the DC attorney general's attention, and work with OAG on holding their feet to the fire.","In a representative democracy, the voters trust elected officials to use their own judgment. I will act in accordance with my own values and priorities, while addressing the needs of my constituents to the best of my ability.","I care deeply about transit and building more housing. I want to buold my life here in DC and that requires building enough new homes to get us to the other end of the housing crisis. Additionally, I see a lot of the issues with apartment management up close, as a resident of the largest apartment complex in my SMD. I think the residents of my building deserve an ANC who experiences the same issues with building management that they do, and can more easily help on the ground.",I am an active member of DCYIMBYs and have testified multiple times in favor of upzonings in or near my neighborhood. I am fully dedicated to housing and urbanism in the city I love.
119176812825,Joe Bishop-Henchman,,,,5F,5F06,Not enough homes,"It's more important to enable more homes, and more types of homes, in more of our neighborhoods, even if that results in pushback for “changing a neighborhood’s character.”",Means-tested or income-restricted; Cheap; Subsidized; Rent-controlled; Costing no more than 30 percent of one’s household income,Not means-tested or income-restricted; Unsubsidized,I would like to see our region build enough housing so that market-rate housing is affordable housing. Subsidies and income restrictions can help preserve and expand affordable housing.,"District-owned housing on District-owned land, built by a District agency and managed by a District agency",3 or more bedrooms.,Too many historic districts,"Yes, inducing residents and visitors to drive less should be an explicit policy goal of the District.",Too many cars,One,Enough parking,Too few bars and restaurants,"New housing of all types should be built throughout all neighborhoods. Building more densely near transit is important, but people also deserve the option to live in rowhomes and small apartment buildings, even if those homes are not within a set proximity to a bus stop or train station.","Yes, apartments should be legal in all parts of all the District’s neighborhoods, and I would introduce a resolution supporting the legalization of sixplexes in the Comprehensive Plan rewrite.",N/A,"Yes, height and mass should be removed from the purview of the Historic Preservation Review Board, and I would introduce a resolution supporting such a policy.",I agree that 15 percent of all homes in a planning area should be affordable.,"Along Rhode Island Avenue or Florida Avenue, infill units within the community, and on currently industrial or underused land along the Metropolitan Branch Trail.","I would prefer that development in my ANC be by-right. Knowing that what is zoned is all that is possible to build creates predictability for residents and housing providers, which is worth forgoing a negotiation for possible benefits.","I would support enabling an additional home per lot in R and RF zones, and would introduce a resolution in support of such a zoning text amendment.",If their home is further than a 20-minute walk to a bus stop or train station.,"Yes, I support removing parking and travel lanes to build dedicated bus lanes, and would introduce a resolution in support of doing so in my ANC.","Yes, I support removing parking and travel lanes to build protected bike lanes.","Yes, I support the implementation of road pricing.","Yes, I will participate in the National Week Without Driving every fall.","I walk or take transit to work and to run errands, and rarely take car trips in DC. My husband and I will take transit to or from at least one date night.","Trash/rats  Volunteer my SMD to participate in DPW's new rat-proof litter can pilot project, and press DPW to deploy more litter cans and the Health Department to do more rat abatement.","I always keep in mind that I represent people whether or not they are at the ANC meeting or are emailing me about issues. I'll listen carefully to the feedback and input I get, but I also will keep in mind that thousands of others are trusting to me to use my judgment for their best interests.","I love Eckington! I've lived in the neighborhood for well over a decade and have seen it transform with the award-winning Metropolitan Branch Trail, new housing options, and new amenities for the community. I want to make sure we're a place people can live and stay, that we are investing in transportation infrastructure, securing public safety, and new resources like a library and grocery stores. It's also important to me that people know what the ANC is doing, and I'll make sure our website is up to date with actions coming before us. I'm grateful for the opportunity to serve.","I sponsored ANC 5F's resolution urging the Office of Planning to think more ambitiously about addressing the housing crisis in its proposed FLUM, and led a working group to review each element of the recent zoning regulations omnibus that led to several no-brainer changes."
