{"type": "FeatureCollection", "name": "smd", "crs": {"type": "name", "properties": {"name": "urn:ogc:def:crs:OGC:1.3:CRS84"}}, "features": [{"type": "Feature", "properties": {"SMD_ID": "5D01", "ANC_ID": "5D", "NAME": "SMD 5D01"}, "geometry": {"type": "Polygon", "coordinates": [[[-76.98756016183226, 38.911074773212235], [-76.98808278597421, 38.911254904436625], [-76.98831532782853, 38.9113680726937], [-76.98930068943396, 38.91210342787212], [-76.98961774602176, 38.91225858009224], [-76.98990149107934, 38.91234751727368], [-76.99041463321268, 38.912414636587926], [-76.99090125605824, 38.91239734343985], [-76.99220468760105, 38.912184570564634], [-76.99229656629228, 38.91244620588239], [-76.99264559277862, 38.91304821966344], [-76.99294127981715, 38.91347479173994], [-76.99911628262973, 38.9113117927602], [-77.0007612855951, 38.910512789644415], [-77.00173228589398, 38.909985791164495], [-77.00252984823726, 38.90801794853564], [-76.99313743424494, 38.9040080946557], [-76.99280687629098, 38.90426625419194], [-76.98747047821178, 38.9089934758218], [-76.9877198358707, 38.90915988643535], [-76.98776790048433, 38.9092423178369], [-76.98786623058257, 38.91070474267649], [-76.98783508443769, 38.9107947327837], [-76.98763028255846, 38.91096857229828], [-76.98756016183226, 38.911074773212235]]]}}, {"type": "Feature", "properties": {"SMD_ID": "1A10", "ANC_ID": "1A", "NAME": "SMD 1A10"}, "geometry": {"type": "Polygon", "coordinates": [[[-77.02652405195087, 38.930790794542474], [-77.02750587078256, 38.930700439443996], [-77.02799245536316, 38.930701945403165], [-77.0277467484464, 38.92968280372039], [-77.02971115572572, 38.92966430418521], [-77.02971310220545, 38.92575595614194], [-77.02704255619646, 38.92576255014746], [-77.02704125808265, 38.92477235601849], [-77.02565831517097, 38.92489655927923], [-77.02652405195087, 38.930790794542474]]]}}, {"type": "Feature", "properties": {"SMD_ID": "7D03", "ANC_ID": "7D", "NAME": "SMD 7D03"}, "geometry": {"type": "Polygon", "coordinates": [[[-76.9535039259214, 38.906778752085536], [-76.95358238424465, 38.90681189797748], [-76.95361121003583, 38.90671933961615], [-76.9536973786056, 38.90665027974653], [-76.95465111405156, 38.9062339274948], [-76.95494135412372, 38.90615476629319], [-76.9551608275502, 38.90605711011255], [-76.95570112570036, 38.90597254762372], [-76.9561094632955, 38.90563894229009], [-76.95628649043061, 38.905548654883134], [-76.95666165152815, 38.90554140779309], [-76.95688100513745, 38.90559680023379], [-76.9579209746533, 38.90612705065238], [-76.95832440716421, 38.90529275160581], [-76.95878618225794, 38.90423173136381], [-76.95918040728469, 38.903555522475166], [-76.95984419069612, 38.90258780462621], [-76.96175756767656, 38.900487967609386], [-76.96199372924028, 38.90015428491513], [-76.96215114190662, 38.8998381425435], [-76.96226368092658, 38.89957468437305], [-76.96228625830352, 38.89939020041184], [-76.96220789725345, 38.89889831850028], [-76.96194984671914, 38.898134055267235], [-76.96187141426596, 38.89778269447709], [-76.96186029755101, 38.89746650624862], [-76.96191120788227, 38.89707106462209], [-76.95998754795968, 38.89689632592772], [-76.95749707194327, 38.89654510200974], [-76.95179079111891, 38.895618186626464], [-76.95006220341612, 38.897257388732726], [-76.94655174468367, 38.900001674847836], [-76.94581389008711, 38.89936929924042], [-76.94336641532027, 38.90133278999802], [-76.94461422776644, 38.9015850727706], [-76.9449292661584, 38.901793693144064], [-76.94499791450512, 38.901918230011454], [-76.94527228566703, 38.90212310984178], [-76.9453609730416, 38.9022758250094], [-76.94533202960528, 38.90240496430025], [-76.94745759308987, 38.900756716171216], [-76.95079192655504, 38.903584495463456], [-76.95017126139871, 38.904808629978284], [-76.951168145499, 38.90567224928789], [-76.95295682041863, 38.90528441688054], [-76.9535039259214, 38.906778752085536]]]}}, {"type": "Feature", "properties": {"SMD_ID": "4A06", "ANC_ID": "4A", "NAME": "SMD 4A06"}, "geometry": {"type": "Polygon", "coordinates": [[[-77.03342692981435, 38.96204978363559], [-77.0280125027129, 38.9612668573895], [-77.02771236791627, 38.96496149289244], [-77.02958775288756, 38.96496022261899], [-77.0297269371803, 38.965026217788555], [-77.0299895348508, 38.96469626860241], [-77.03004012607565, 38.96454563766222], [-77.03004790659995, 38.964389702837124], [-77.03137633520376, 38.96436313988798], [-77.03179319351187, 38.96429240259016], [-77.03260818354596, 38.964081835465514], [-77.03300866363523, 38.96403136696326], [-77.03341920103759, 38.96402215200874], [-77.03342692981435, 38.96204978363559]]]}}, {"type": "Feature", "properties": {"SMD_ID": "7F08", "ANC_ID": "7F", "NAME": "SMD 7F08"}, "geometry": {"type": "Polygon", "coordinates": [[[-76.96783013030702, 38.884566201387926], [-76.97546146956644, 38.884568990724624], [-76.97553179439242, 38.88454998877579], [-76.97588610082433, 38.88398524568428], [-76.97726222029145, 38.88453896084503], [-76.97726320421665, 38.88275321955426], [-76.97646916138085, 38.882752557821334], [-76.97646959447864, 38.88143914379508], [-76.97097063935222, 38.88142825857427], [-76.97007073336192, 38.88257210590718], [-76.96932920572857, 38.88336771453177], [-76.96854342962739, 38.884050881775764], [-76.96783013030702, 38.884566201387926]]]}}, {"type": "Feature", "properties": {"SMD_ID": "7E07", "ANC_ID": "7E", "NAME": "SMD 7E07"}, "geometry": {"type": "Polygon", "coordinates": [[[-76.9382285757458, 38.88978407821027], [-76.93830439563166, 38.88946617655405], [-76.93844734626018, 38.88932033424078], [-76.93906814854192, 38.888944740036834], [-76.93950136382784, 38.88861066422401], [-76.93993975643119, 38.88814614809121], [-76.94022124212654, 38.88771686293986], [-76.94039156880747, 38.887339769024486], [-76.9405085474379, 38.886939225882024], [-76.94061031326203, 38.8857044083885], [-76.94079882787312, 38.88492987301139], [-76.94116383586606, 38.884106871057014], [-76.94141923904226, 38.883691532587356], [-76.94173838050509, 38.88326973930169], [-76.94152175460238, 38.88320459047765], [-76.9395567811008, 38.88319719419047], [-76.93850836692538, 38.88312872368382], [-76.93643148261394, 38.8833810177861], [-76.93638977101166, 38.88311038306773], [-76.9364369691207, 38.88291483662693], [-76.93657970189133, 38.882731323232264], [-76.93683973550954, 38.88257805125541], [-76.93701127352547, 38.88253238126851], [-76.93936085445242, 38.882240131391946], [-76.93926770686015, 38.881725433621924], [-76.93925920420322, 38.88020553321771], [-76.93620678956462, 38.88022615661383], [-76.93304244277175, 38.881498982922885], [-76.93340650262175, 38.88201600249449], [-76.9347747793163, 38.883661706609026], [-76.9351032705788, 38.88415446825288], [-76.93529494385476, 38.884533647537545], [-76.93688290216487, 38.888241286338854], [-76.93567984223613, 38.88805235489955], [-76.93590488301228, 38.8883838068667], [-76.93604493786154, 38.888758362022024], [-76.93608926622234, 38.88906953573699], [-76.93609432062192, 38.88978368678814], [-76.9382285757458, 38.88978407821027]]]}}, {"type": "Feature", "properties": {"SMD_ID": "2G05", "ANC_ID": "2G", "NAME": "SMD 2G05"}, "geometry": {"type": "Polygon", "coordinates": [[[-77.0219181586363, 38.90965294339976], [-77.0219160990846, 38.90857878864125], [-77.02397182455691, 38.90858171800224], [-77.02396503635877, 38.90725166387556], [-77.0240221673617, 38.904179795327835], [-77.02598213309247, 38.904179781230496], [-77.0259859519927, 38.90358635503681], [-77.02432295837751, 38.90300466527151], [-77.02404529008481, 38.902936250242604], [-77.02399138781803, 38.902096619437565], [-77.02191730457591, 38.90210914323232], [-77.02191643312607, 38.905651282344856], [-77.01893411807107, 38.90565213708731], [-77.0189295297593, 38.90964950219914], [-77.0219181586363, 38.90965294339976]]]}}, {"type": "Feature", "properties": {"SMD_ID": "1A05", "ANC_ID": "1A", "NAME": "SMD 1A05"}, "geometry": {"type": "Polygon", "coordinates": [[[-77.036458198086, 38.93329544506289], [-77.03647879619271, 38.92869516513023], [-77.03523219298641, 38.92865663168826], [-77.03264338731242, 38.92881441640474], [-77.03272266704373, 38.92939869141425], [-77.03275474944243, 38.93002138197471], [-77.03271154690285, 38.93135427264097], [-77.03273704436141, 38.93187611681231], [-77.03351359786953, 38.9321492988501], [-77.036458198086, 38.93329544506289]]]}}, {"type": "Feature", "properties": {"SMD_ID": "1A06", "ANC_ID": "1A", "NAME": "SMD 1A06"}, "geometry": {"type": "Polygon", "coordinates": [[[-77.02676117480199, 38.93232926947451], [-77.03263050059748, 38.93031657404063], [-77.03275081263563, 38.93023856444827], [-77.03275474944243, 38.93002138197471], [-77.03272266704373, 38.92939869141425], [-77.03264338731242, 38.92881441640474], [-77.03243262142584, 38.92870646541061], [-77.03209807107646, 38.92864231048606], [-77.02971015336762, 38.92864267171194], [-77.02971115572572, 38.92966430418521], [-77.0277467484464, 38.92968280372039], [-77.02799245536316, 38.930701945403165], [-77.02750587078256, 38.930700439443996], [-77.02652405195087, 38.930790794542474], [-77.02676117480199, 38.93232926947451]]]}}, {"type": "Feature", "properties": {"SMD_ID": "6/8F03", "ANC_ID": "6/8F", "NAME": "SMD 6/8F03"}, "geometry": {"type": "Polygon", "coordinates": [[[-77.00561711260167, 38.88051714470747], [-77.00416107968576, 38.876489039093045], [-77.00058301950052, 38.8764876885045], [-77.00058358126051, 38.877534211958285], [-77.00204547247952, 38.87753635749269], [-77.00205730461377, 38.880207075785776], [-77.00324197405502, 38.88053612542746], [-77.00561711260167, 38.88051714470747]]]}}, {"type": "Feature", "properties": {"SMD_ID": "6A07", "ANC_ID": "6A", "NAME": "SMD 6A07"}, "geometry": {"type": "Polygon", "coordinates": [[[-76.99496425341052, 38.894790922484255], [-76.99496460457352, 38.88981370653091], [-76.99153508745911, 38.889812526490395], [-76.99153523906809, 38.89358747646135], [-76.99024362162913, 38.893582150892684], [-76.99024622281162, 38.89479170490636], [-76.99496425341052, 38.894790922484255]]]}}, {"type": "Feature", "properties": {"SMD_ID": "7C08", "ANC_ID": "7C", "NAME": "SMD 7C08"}, "geometry": {"type": "Polygon", "coordinates": [[[-76.9301528823956, 38.88977052912014], [-76.9301254341686, 38.88965643058765], [-76.93002766641567, 38.889515138687884], [-76.9297343658426, 38.889336677778616], [-76.9288296438698, 38.88899894637228], [-76.92750932325822, 38.88862816024633], [-76.92700238073353, 38.88841569715566], [-76.9266304121765, 38.888205118389735], [-76.92503052380097, 38.887145167082885], [-76.92444819828408, 38.8868430110088], [-76.92409530785532, 38.886699008402836], [-76.92361621801102, 38.88654645438518], [-76.92325645132699, 38.88647595316083], [-76.92183098757023, 38.88640870618193], [-76.92101922343534, 38.88629348335773], [-76.91845491009943, 38.88568897014673], [-76.91324525735583, 38.88974415148094], [-76.91379520517414, 38.88976870109382], [-76.9301528823956, 38.88977052912014]]]}}, {"type": "Feature", "properties": {"SMD_ID": "2G06", "ANC_ID": "2G", "NAME": "SMD 2G06"}, "geometry": {"type": "Polygon", "coordinates": [[[-77.01893972916184, 38.90724499262917], [-77.01893411807107, 38.90565213708731], [-77.02191643312607, 38.905651282344856], [-77.02192135485906, 38.9029466313562], [-77.02171029595321, 38.90297296616212], [-77.02089001758921, 38.90324324027733], [-77.0147781269958, 38.90536926196229], [-77.0148673201446, 38.90555588567224], [-77.01544287183907, 38.907242624549], [-77.01893972916184, 38.90724499262917]]]}}, {"type": "Feature", "properties": {"SMD_ID": "7C09", "ANC_ID": "7C", "NAME": "SMD 7C09"}, "geometry": {"type": "Polygon", "coordinates": [[[-76.94261124618886, 38.90193521586021], [-76.94619571718896, 38.89905689452099], [-76.9463931578493, 38.898842333998495], [-76.94658535838926, 38.89838841850103], [-76.94259951218449, 38.89837955563573], [-76.9426052881407, 38.89678850087703], [-76.93775329420842, 38.89678160224302], [-76.93775380268943, 38.897520018354726], [-76.93671422875757, 38.8975168473952], [-76.93615672793794, 38.89740655189913], [-76.93577183972987, 38.89725148710028], [-76.93543335978504, 38.89702446983213], [-76.93517191624956, 38.89676515430781], [-76.93497417830847, 38.8964277711099], [-76.93490107623856, 38.89619369298257], [-76.93487327935816, 38.89595801855906], [-76.93487723433925, 38.89427732909278], [-76.93290688164474, 38.894027763157005], [-76.93291675345242, 38.89517534525844], [-76.9329822323191, 38.89541743775057], [-76.9331961125377, 38.895860862128174], [-76.9332534170708, 38.896216905629444], [-76.93212708780686, 38.896232516769636], [-76.93207311073904, 38.8965766501178], [-76.93192944036696, 38.89685591598547], [-76.9317800361733, 38.89698203606673], [-76.93138757434005, 38.8971627843284], [-76.93109837925972, 38.89736431146314], [-76.93088569579614, 38.897598223202735], [-76.9307278135718, 38.89790414390109], [-76.9306814994343, 38.89811275018822], [-76.93066490733514, 38.89844841907165], [-76.93557974855713, 38.89929870350933], [-76.93655811928699, 38.89953910459636], [-76.9373584471485, 38.899815462622904], [-76.94148231250716, 38.901504812986175], [-76.94261124618886, 38.90193521586021]]]}}, {"type": "Feature", "properties": {"SMD_ID": "4B06", "ANC_ID": "4B", "NAME": "SMD 4B06"}, "geometry": {"type": "Polygon", "coordinates": [[[-77.00956770767345, 38.96390694313096], [-77.0107151212837, 38.96236481084334], [-77.01096894711776, 38.962708100874636], [-77.01101447776901, 38.96271048378097], [-77.02244908589, 38.96270722586088], [-77.02244404590488, 38.95916067598733], [-77.01616138294835, 38.95710701882647], [-77.01616948365562, 38.9587405760047], [-77.00766954691795, 38.95873423606989], [-77.00622546226734, 38.96067293529302], [-77.00956770767345, 38.96390694313096]]]}}, {"type": "Feature", "properties": {"SMD_ID": "4B07", "ANC_ID": "4B", "NAME": "SMD 4B07"}, "geometry": {"type": "Polygon", "coordinates": [[[-77.01616796133027, 38.962710245000686], [-77.01096894711776, 38.962708100874636], [-77.0107151212837, 38.96236481084334], [-77.00620233415412, 38.96842468015919], [-77.00594908835784, 38.96863981917956], [-77.0108582824494, 38.97247295872526], [-77.0113466917398, 38.97228873895491], [-77.01469808973197, 38.971648150281275], [-77.01481903054442, 38.97166669198584], [-77.01507031360096, 38.971413528381994], [-77.01584252480727, 38.97128433824913], [-77.01615305836131, 38.97128213378521], [-77.01616796133027, 38.962710245000686]]]}}, {"type": "Feature", "properties": {"SMD_ID": "2G01", "ANC_ID": "2G", "NAME": "SMD 2G01"}, "geometry": {"type": "Polygon", "coordinates": [[[-77.02704171331612, 38.91055568602428], [-77.01778222880692, 38.91377259312072], [-77.01811124250071, 38.914653494906766], [-77.02066041322, 38.915745873140395], [-77.02074813083134, 38.91563820799477], [-77.02087483730885, 38.915582964331925], [-77.0208720953575, 38.91409397691728], [-77.02703744104244, 38.914097649424484], [-77.02704171331612, 38.91055568602428]]]}}, {"type": "Feature", "properties": {"SMD_ID": "2G02", "ANC_ID": "2G", "NAME": "SMD 2G02"}, "geometry": {"type": "Polygon", "coordinates": [[[-77.02192090404412, 38.912320556371434], [-77.02704171331612, 38.91055568602428], [-77.02703846365392, 38.90858357085397], [-77.0219160990846, 38.90857878864125], [-77.02192090404412, 38.912320556371434]]]}}, {"type": "Feature", "properties": {"SMD_ID": "1A08", "ANC_ID": "1A", "NAME": "SMD 1A08"}, "geometry": {"type": "Polygon", "coordinates": [[[-77.0297136111096, 38.9247632392434], [-77.0322444676391, 38.92476346914095], [-77.03231861177517, 38.925509337508], [-77.03542636586575, 38.92532655873985], [-77.03531091659251, 38.92344124221989], [-77.03234692651496, 38.92360911456751], [-77.0321338302132, 38.92364304465125], [-77.03214573138332, 38.92377122979761], [-77.02971296788436, 38.923773134867126], [-77.0297136111096, 38.9247632392434]]]}}, {"type": "Feature", "properties": {"SMD_ID": "8D03", "ANC_ID": "8D", "NAME": "SMD 8D03"}, "geometry": {"type": "Polygon", "coordinates": [[[-77.00057317949394, 38.830967290054026], [-77.00373311312961, 38.830980113806554], [-77.00588762730746, 38.83121379463271], [-77.00589322731287, 38.82789858835185], [-77.00543086701495, 38.82525741707065], [-77.00546596629958, 38.82493211945458], [-77.00556728454545, 38.82463429451605], [-77.00581035620799, 38.824244846314805], [-77.0059133002846, 38.824140342835136], [-77.00600381215689, 38.82409889922777], [-77.00557988010591, 38.8237122765226], [-77.00510321503803, 38.82339330822717], [-77.00279252307313, 38.8223454303585], [-77.00218977050696, 38.82197271747685], [-77.00201905681956, 38.82215191719696], [-77.0019785012756, 38.822242002667494], [-77.00192657231204, 38.823338632429724], [-77.0019766722624, 38.823560059925235], [-77.0022117212226, 38.823894089969784], [-77.00171585147136, 38.82411417536684], [-77.00155347917436, 38.82422993654464], [-77.00141068538598, 38.824440015986404], [-77.00136635408114, 38.824715765909154], [-77.00138328620294, 38.824898277389664], [-77.00144271290398, 38.82508484215718], [-77.00214143790964, 38.82652240344874], [-77.00149352914988, 38.8265287194805], [-77.0012499603796, 38.82662529316071], [-77.00098228904484, 38.826855822501535], [-77.00050225156971, 38.826866131253986], [-77.00057107699075, 38.82730021310267], [-77.00057317949394, 38.830967290054026]]]}}, {"type": "Feature", "properties": {"SMD_ID": "7D10", "ANC_ID": "7D", "NAME": "SMD 7D10"}, "geometry": {"type": "Polygon", "coordinates": [[[-76.98365471340436, 38.88662129113156], [-76.98365836673672, 38.88108688152542], [-76.97900077697545, 38.88298106970549], [-76.97900173949986, 38.8828434757648], [-76.97726325176423, 38.88282102569951], [-76.97726222029145, 38.88453896084503], [-76.98221982151304, 38.88654656420905], [-76.98221756266865, 38.88612927758266], [-76.98288912287212, 38.886127269920784], [-76.98307563075304, 38.88639177418889], [-76.98365471340436, 38.88662129113156]]]}}, {"type": "Feature", "properties": {"SMD_ID": "6C03", "ANC_ID": "6C", "NAME": "SMD 6C03"}, "geometry": {"type": "Polygon", "coordinates": [[[-76.99496425341052, 38.894790922484255], [-76.99636473437035, 38.89479606416549], [-76.99665972164297, 38.89474739174333], [-76.99819947978138, 38.894116650574624], [-76.99845672311692, 38.89405424426595], [-77.0006137946672, 38.893093852402735], [-76.99951399604613, 38.89309313235409], [-76.9995205884079, 38.88981606609518], [-76.99496460457352, 38.88981370653091], [-76.99496425341052, 38.894790922484255]]]}}, {"type": "Feature", "properties": {"SMD_ID": "7B03", "ANC_ID": "7B", "NAME": "SMD 7B03"}, "geometry": {"type": "Polygon", "coordinates": [[[-76.97017540047273, 38.8668419336718], [-76.97021460364385, 38.86628378239663], [-76.96479207965719, 38.86628101222069], [-76.96477394090208, 38.87109438045401], [-76.97065029605058, 38.87347138624799], [-76.97096820197575, 38.87331170168532], [-76.97093886716758, 38.873157920951066], [-76.9709418063059, 38.86876965665436], [-76.97089681492737, 38.86861235861337], [-76.97042447696441, 38.86779031255442], [-76.97027045963858, 38.867405434102324], [-76.97017540047273, 38.8668419336718]]]}}, {"type": "Feature", "properties": {"SMD_ID": "7D05", "ANC_ID": "7D", "NAME": "SMD 7D05"}, "geometry": {"type": "Polygon", "coordinates": [[[-76.97645860967478, 38.89891087836265], [-76.97725895105792, 38.89617142207497], [-76.9772616961462, 38.893309238562495], [-76.97515425362168, 38.893303025988864], [-76.97509374493062, 38.89314615033135], [-76.9747878633082, 38.89301231039726], [-76.97454089573561, 38.89285127722917], [-76.97423819860974, 38.892523846617536], [-76.97404597023433, 38.8920921228349], [-76.97387910743345, 38.89133412106052], [-76.97383799918126, 38.890589749824144], [-76.97389811593337, 38.890418153712105], [-76.97398737365675, 38.890304397831976], [-76.97432873957013, 38.8901308819366], [-76.9762927605202, 38.89012057706302], [-76.97644942150272, 38.89007664787405], [-76.97677602399165, 38.88991032854521], [-76.97725934302872, 38.889806124645254], [-76.97725788025203, 38.887596711401876], [-76.97320872307927, 38.88761296882287], [-76.97245338691418, 38.88767684272679], [-76.97202295707996, 38.88778231864713], [-76.97148054218721, 38.8880479346879], [-76.97112209298454, 38.8882891811141], [-76.97048929858595, 38.88884736229583], [-76.96997840823725, 38.88921774671185], [-76.96953384799619, 38.88945238993913], [-76.969106262957, 38.88960821265416], [-76.9686487349507, 38.88970051670823], [-76.96801917831799, 38.88975312613057], [-76.96785060510183, 38.889798887455974], [-76.96439560083108, 38.88980350670837], [-76.96435401218645, 38.88998979627258], [-76.96415974284542, 38.89038065533595], [-76.9641431653338, 38.890499713957944], [-76.96398089551863, 38.890882880346346], [-76.96374769882267, 38.89158528129499], [-76.96343595269686, 38.8928278892584], [-76.96289412647369, 38.894685496757305], [-76.96286519581432, 38.89496771977624], [-76.96260877818436, 38.896204234697876], [-76.9625449906534, 38.89671956490897], [-76.96251289864009, 38.896717644841935], [-76.96249448935802, 38.896848449419295], [-76.96252681101817, 38.89685220727164], [-76.96249177918004, 38.897113789967115], [-76.96949464648605, 38.89770186760522], [-76.97645860967478, 38.89891087836265]]]}}, {"type": "Feature", "properties": {"SMD_ID": "2A03", "ANC_ID": "2A", "NAME": "SMD 2A03"}, "geometry": {"type": "Polygon", "coordinates": [[[-77.05330541249694, 38.90364394383444], [-77.05596665328105, 38.90456124520737], [-77.05619944323185, 38.904221788727554], [-77.05645794127513, 38.90395645810821], [-77.05690881537403, 38.903644009731565], [-77.05693144431623, 38.903540312526026], [-77.05703313419151, 38.9033893729558], [-77.05727284128346, 38.90313269768551], [-77.0577204460369, 38.902552077926785], [-77.05475709793537, 38.90253751464194], [-77.05475519777315, 38.90087316712811], [-77.05470438322197, 38.900755992163084], [-77.05464012599333, 38.90071296227129], [-77.05142792748865, 38.90070297992306], [-77.05141924256975, 38.90184875701136], [-77.0519349006955, 38.90184880816585], [-77.05193500049637, 38.9019858793067], [-77.05203605945212, 38.9019858343359], [-77.05204018159758, 38.90253195520145], [-77.05330828539626, 38.90253626595945], [-77.05330541249694, 38.90364394383444]]]}}, {"type": "Feature", "properties": {"SMD_ID": "2A04", "ANC_ID": "2A", "NAME": "SMD 2A04"}, "geometry": {"type": "Polygon", "coordinates": [[[-77.05142792748865, 38.90070297992306], [-77.05448033338818, 38.90069961444375], [-77.05467508127695, 38.90072988163474], [-77.05475519777315, 38.90087316712811], [-77.05475709793537, 38.90253751464194], [-77.0577204460369, 38.902552077926785], [-77.05792355923151, 38.9023275701858], [-77.0579731167874, 38.90218106969495], [-77.05820336534222, 38.90192718974063], [-77.05850043825026, 38.90134447074684], [-77.05846495109877, 38.90108801148967], [-77.05803221532089, 38.90073962171683], [-77.05746991784758, 38.90037716902055], [-77.05736643332138, 38.90026827275948], [-77.05730939199444, 38.90011094269339], [-77.05729879965787, 38.899941329440736], [-77.0573864616597, 38.89964247002111], [-77.05734202776715, 38.89942183199307], [-77.05739877651789, 38.89938807681221], [-77.05734936551336, 38.899328762992035], [-77.05736744392942, 38.89930304424698], [-77.05715302602408, 38.89903524962784], [-77.05713002551342, 38.89904706183485], [-77.05666286780458, 38.89863213891462], [-77.05662949888597, 38.89844912314819], [-77.05670557759747, 38.89638265712235], [-77.05670949599167, 38.89543885744977], [-77.05668262024861, 38.8950405654289], [-77.05655515647027, 38.89448127046551], [-77.05592273166098, 38.89300793140401], [-77.06325447431341, 38.891782853767744], [-77.06399229347899, 38.891765245887], [-77.06469937659975, 38.891869155345624], [-77.06446236768178, 38.89114962523182], [-77.06430323600439, 38.89108052861124], [-77.06416161205321, 38.89086854929787], [-77.06400626061804, 38.890772154810115], [-77.0640492240152, 38.890608989544376], [-77.06403303007201, 38.890545939780004], [-77.06389649688754, 38.89035314518035], [-77.0638013447199, 38.89028896745864], [-77.06377486902957, 38.89019979897412], [-77.063844277177, 38.89009102993106], [-77.06405182034744, 38.88998304998111], [-77.0643159879228, 38.88975448836904], [-77.06441772609189, 38.88958120117475], [-77.06435461607296, 38.889131357488765], [-77.06415634284507, 38.88846998118955], [-77.06406594162827, 38.88830292534135], [-77.06382193539383, 38.88818045485629], [-77.06378901452929, 38.8881011089998], [-77.06380591528509, 38.8880531751787], [-77.06371363552057, 38.88797521296815], [-77.06373465162282, 38.88788908137249], [-77.06378279391848, 38.887847256200786], [-77.06361993247214, 38.88772275910071], [-77.06364961052296, 38.88778517101906], [-77.06361275272747, 38.887814468340125], [-77.06362211885221, 38.887847974419365], [-77.06359444907766, 38.88784033236348], [-77.06342724983949, 38.887633230492284], [-77.06346537605938, 38.88760456312635], [-77.06344386204574, 38.88751989602064], [-77.0630381062133, 38.88708978527535], [-77.06284602200824, 38.88676090263067], [-77.06265228471798, 38.88651633901299], [-77.06230127945496, 38.8858128818615], [-77.06173710447646, 38.8850878802866], [-77.05084136620161, 38.88900772403279], [-77.0501540101898, 38.88953102966102], [-77.05016170861317, 38.89210298987062], [-77.05012126953744, 38.895922007133436], [-77.05186351388585, 38.89591556230697], [-77.05313896088911, 38.89596966985475], [-77.05349247451008, 38.89593675407652], [-77.05296674819942, 38.89691310431671], [-77.05281243452484, 38.89728152628983], [-77.05277578335354, 38.897446936454756], [-77.0527552020098, 38.89783088229314], [-77.05280267547782, 38.89811363342341], [-77.05292457645845, 38.89840011632041], [-77.05314048072904, 38.89869079028243], [-77.05310749465758, 38.89876216053344], [-77.05149011956753, 38.89788778508345], [-77.05143402942345, 38.89819766151172], [-77.05142792748865, 38.90070297992306]]]}}, {"type": "Feature", "properties": {"SMD_ID": "2A05", "ANC_ID": "2A", "NAME": "SMD 2A05"}, "geometry": {"type": "Polygon", "coordinates": [[[-77.05143470508168, 38.89833532704072], [-77.05144463460145, 38.89803712778183], [-77.05149011956753, 38.89788778508345], [-77.05310749465758, 38.89876216053344], [-77.05314048072904, 38.89869079028243], [-77.05292457645845, 38.89840011632041], [-77.05280267547782, 38.89811363342341], [-77.0527552020098, 38.89783088229314], [-77.05277578335354, 38.897446936454756], [-77.05281243452484, 38.89728152628983], [-77.05296674819942, 38.89691310431671], [-77.05349247451008, 38.89593675407652], [-77.05313896088911, 38.89596966985475], [-77.05186351388585, 38.89591556230697], [-77.05012126953744, 38.895922007133436], [-77.05011974441976, 38.89603190087052], [-77.04802571284185, 38.89602448386352], [-77.04884177983813, 38.89645761914053], [-77.04884925036667, 38.897367569138716], [-77.04996416722922, 38.89736316993749], [-77.05013770400562, 38.897327116169656], [-77.05013719011487, 38.8983345218643], [-77.05143470508168, 38.89833532704072]]]}}, {"type": "Feature", "properties": {"SMD_ID": "6A06", "ANC_ID": "6A", "NAME": "SMD 6A06"}, "geometry": {"type": "Polygon", "coordinates": [[[-76.98360665353846, 38.90000076946121], [-76.98344469653532, 38.90013853850475], [-76.98367098460959, 38.900185900273534], [-76.98415470154951, 38.90021920772348], [-76.98549365894368, 38.90078861987698], [-76.9856664484811, 38.90083089040585], [-76.98557367236897, 38.900754668269514], [-76.9855131715881, 38.900641966209335], [-76.98550634334836, 38.90020514999956], [-76.98831058428989, 38.900208977458604], [-76.98830794170675, 38.89734071462497], [-76.99025269641837, 38.89735817108991], [-76.99024615596198, 38.89612404247536], [-76.98364985141568, 38.89611988240888], [-76.98364828568332, 38.8989277893805], [-76.98360665353846, 38.90000076946121]]]}}, {"type": "Feature", "properties": {"SMD_ID": "6A05", "ANC_ID": "6A", "NAME": "SMD 6A05"}, "geometry": {"type": "Polygon", "coordinates": [[[-76.98364791606205, 38.892492905353535], [-76.98364985141568, 38.89611988240888], [-76.99024615596198, 38.89612404247536], [-76.99024362162913, 38.893582150892684], [-76.98711180812627, 38.89358157714171], [-76.98798690497345, 38.8924794961402], [-76.98823301565805, 38.89207141487635], [-76.9883522944781, 38.892011133787655], [-76.98561094204126, 38.89201601713933], [-76.98456403507124, 38.89211730877871], [-76.98364791606205, 38.892492905353535]]]}}, {"type": "Feature", "properties": {"SMD_ID": "4B08", "ANC_ID": "4B", "NAME": "SMD 4B08"}, "geometry": {"type": "Polygon", "coordinates": [[[-77.00276543287595, 38.96127280208941], [-77.0057787827243, 38.96127806085802], [-77.00766954691795, 38.95873423606989], [-77.01616948365562, 38.9587405760047], [-77.01616138294835, 38.95710701882647], [-77.00965421301842, 38.95497205771991], [-77.0090780321866, 38.95482481871253], [-77.00884244638537, 38.954832944212704], [-77.0082266131459, 38.95496469005065], [-77.00313587960436, 38.95612918388581], [-77.00290637228161, 38.95621873197774], [-77.00265493426588, 38.95636985160956], [-77.00250253111106, 38.95650472671525], [-77.00225190393473, 38.95681678710503], [-77.00293257474144, 38.957370690136756], [-77.00309041783956, 38.95761156702106], [-77.00315342273942, 38.957839204133215], [-77.00314754754145, 38.958041800108646], [-77.00277909741443, 38.959586365825416], [-77.00276543287595, 38.96127280208941]]]}}, {"type": "Feature", "properties": {"SMD_ID": "4B09", "ANC_ID": "4B", "NAME": "SMD 4B09"}, "geometry": {"type": "Polygon", "coordinates": [[[-77.00276678817093, 38.96051917128054], [-77.00278924786024, 38.95951366893059], [-77.00315423710558, 38.95799135366065], [-77.00314626723016, 38.95778875805647], [-77.00308026390474, 38.957590217706326], [-77.00296418899154, 38.95740843396171], [-77.00282042614744, 38.95726097225072], [-77.00027733231802, 38.955301618235346], [-76.99987317437974, 38.95553691442788], [-76.99955741186065, 38.95578148809289], [-76.99923031662155, 38.9561158732267], [-76.99887462701143, 38.95656511252764], [-76.99860682925717, 38.95679400964738], [-76.99817670945679, 38.95703830785878], [-76.99763029138602, 38.9572141393769], [-76.9970023168035, 38.95728024562743], [-76.9928583959638, 38.957279705688926], [-76.99190876599403, 38.95721991905764], [-76.99143503979558, 38.95730353605702], [-76.99702411253261, 38.961669556648694], [-76.99814695811637, 38.96133993169969], [-76.99880832758335, 38.96106338682721], [-76.99949196130738, 38.960646399566336], [-77.00006136138255, 38.96014662249891], [-77.00108535804362, 38.96053631469772], [-77.00276678817093, 38.96051917128054]]]}}, {"type": "Feature", "properties": {"SMD_ID": "4B10", "ANC_ID": "4B", "NAME": "SMD 4B10"}, "geometry": {"type": "Polygon", "coordinates": [[[-77.00956770767345, 38.96390694313096], [-77.00622546226734, 38.96067293529302], [-77.0057787827243, 38.96127806085802], [-77.00276543287595, 38.96127280208941], [-77.00276678817093, 38.96051917128054], [-77.00108535804362, 38.96053631469772], [-77.00006136138255, 38.96014662249891], [-76.99949196130738, 38.960646399566336], [-76.99880832758335, 38.96106338682721], [-76.99814695811637, 38.96133993169969], [-76.99702411253261, 38.961669556648694], [-77.00594908835784, 38.96863981917956], [-77.00620233415412, 38.96842468015919], [-77.00956770767345, 38.96390694313096]]]}}, {"type": "Feature", "properties": {"SMD_ID": "1D06", "ANC_ID": "1D", "NAME": "SMD 1D06"}, "geometry": {"type": "Polygon", "coordinates": [[[-77.03805522699825, 38.93586165390195], [-77.0381184290391, 38.935443828268326], [-77.03870768034312, 38.93452021148065], [-77.03881845758687, 38.93440567919774], [-77.03879800643031, 38.93264321102265], [-77.03884173103316, 38.93253956493469], [-77.0386176553653, 38.93249021961712], [-77.03646266740179, 38.93166052600177], [-77.03645555278776, 38.93443778901909], [-77.03424273154917, 38.93357456189822], [-77.03273259435242, 38.933487974372085], [-77.03273229454035, 38.93358859722533], [-77.03326057962443, 38.93417948294294], [-77.0339725643615, 38.93468050017314], [-77.03543251599683, 38.93607860559419], [-77.03622187435816, 38.93488323219623], [-77.0370536333915, 38.93520925218597], [-77.03689782288676, 38.93545594879656], [-77.03692333945813, 38.93550728805993], [-77.03783217337136, 38.935865978233764], [-77.03805522699825, 38.93586165390195]]]}}, {"type": "Feature", "properties": {"SMD_ID": "1D07", "ANC_ID": "1D", "NAME": "SMD 1D07"}, "geometry": {"type": "Polygon", "coordinates": [[[-77.03273251621891, 38.93708607046978], [-77.0338032556864, 38.93737231968678], [-77.03413523604932, 38.93742447133342], [-77.03644901136354, 38.93743485288719], [-77.03645375099649, 38.93497423404627], [-77.03622187435816, 38.93488323219623], [-77.03543251599683, 38.93607860559419], [-77.0339725643615, 38.93468050017314], [-77.03328123419375, 38.934199205249094], [-77.03273229454035, 38.93358859722533], [-77.03273251621891, 38.93708607046978]]]}}, {"type": "Feature", "properties": {"SMD_ID": "2A01", "ANC_ID": "2A", "NAME": "SMD 2A01"}, "geometry": {"type": "Polygon", "coordinates": [[[-77.0336552943429, 38.89209730041633], [-77.03948325266389, 38.89210751998402], [-77.03947480729194, 38.89736402360132], [-77.04666633590901, 38.89736122787189], [-77.04667229993365, 38.89602854572342], [-77.05011974441976, 38.89603190087052], [-77.05016170861317, 38.89210298987062], [-77.0501540101898, 38.88953102966102], [-77.05084136620161, 38.88900772403279], [-77.06173710447646, 38.8850878802866], [-77.06158933519941, 38.884877558433345], [-77.0614547225504, 38.88475322352312], [-77.0612477525703, 38.88438795207055], [-77.0609779859887, 38.88404127031079], [-77.06087604498795, 38.8839773639368], [-77.06088407132312, 38.883928624374775], [-77.06100001827902, 38.883927933287204], [-77.06091263119038, 38.88390095373226], [-77.06085021812137, 38.88383108117605], [-77.06065866954242, 38.88343219929866], [-77.06053832159502, 38.88327101158323], [-77.05970237428154, 38.88175208683861], [-77.05942705346784, 38.88135783987744], [-77.05927479011615, 38.881200270397606], [-77.05916276276022, 38.88091890502818], [-77.0587813112237, 38.88053534011073], [-77.05790219196611, 38.88026579773481], [-77.05757834057337, 38.88026748927597], [-77.05628234766185, 38.88040648995555], [-77.05571354781529, 38.88035586526694], [-77.05548577308402, 38.88030408536077], [-77.05528701474641, 38.880217518879114], [-77.05534101049244, 38.88029325389237], [-77.05525572416873, 38.880291672764514], [-77.05488788878611, 38.880197798594736], [-77.05460922468116, 38.8800607313982], [-77.05420551984848, 38.87977715507012], [-77.05396411667468, 38.879530707119336], [-77.05366417111983, 38.87913393546628], [-77.05369625968287, 38.87904662936933], [-77.05377653117495, 38.87897173267039], [-77.0537536461828, 38.87888427168834], [-77.05369137446924, 38.878833943404246], [-77.05363951908281, 38.87884207478899], [-77.05363015861633, 38.87896162049324], [-77.05359458313451, 38.879009741654954], [-77.05354180271837, 38.87901399981064], [-77.05350757993283, 38.87886816957719], [-77.05336404156468, 38.87864077326844], [-77.053321014154, 38.87858710288334], [-77.05317483387203, 38.8785245611839], [-77.05322422064259, 38.87845175084749], [-77.05261217508743, 38.87787008577844], [-77.0519703825182, 38.87709763282373], [-77.05176823430035, 38.87692701346534], [-77.05153287847607, 38.87657164615508], [-77.05144845623788, 38.87632368215505], [-77.051422260619, 38.87611478891274], [-77.05156156477705, 38.87560160903183], [-77.05170472751233, 38.87469079639315], [-77.05168699308547, 38.873912838622005], [-77.0515975958864, 38.87363406808046], [-77.05145876891805, 38.87336504832606], [-77.0507969173373, 38.872345496635646], [-77.05081730066803, 38.872326299863815], [-77.05056675657795, 38.871975260978566], [-77.05030879535533, 38.87172457837731], [-77.04997701796415, 38.871542751037765], [-77.04952135454064, 38.87134746274486], [-77.0491961222143, 38.87129345969441], [-77.0489941466212, 38.871340658579875], [-77.04894560730055, 38.871320860440775], [-77.04877933172641, 38.871402122787245], [-77.04791042660365, 38.871618747337024], [-77.04687826007785, 38.87179933438462], [-77.046529463116, 38.87201234251553], [-77.04636362805316, 38.87217528044674], [-77.04622547683344, 38.8723809070217], [-77.0464975471188, 38.87290364680501], [-77.04653496952447, 38.8730343438411], [-77.046511860419, 38.87329370499245], [-77.04637599214166, 38.87364571734713], [-77.04638333525037, 38.873950738949056], [-77.04641090247654, 38.87398901370679], [-77.04653676303006, 38.8740174301692], [-77.04709489436812, 38.874577709187946], [-77.04719692274658, 38.874812697190016], [-77.04720724882601, 38.87491791114196], [-77.04713002821984, 38.87507901254227], [-77.04703904062251, 38.875159944667395], [-77.0468225412261, 38.875308742351535], [-77.04625842627193, 38.87556770644526], [-77.04590303768722, 38.875597664485824], [-77.04569995660603, 38.87556062952809], [-77.04542950667252, 38.87541759157479], [-77.0438104958563, 38.87424246971409], [-77.03965197431054, 38.8785691221271], [-77.03918705362565, 38.87896528809343], [-77.03864680989201, 38.879249682962566], [-77.03796592169707, 38.879465477165944], [-77.03754794964414, 38.87953254466343], [-77.03704132400811, 38.87954892156182], [-77.03668939319022, 38.87962551391663], [-77.03577737473637, 38.879750112706624], [-77.03535849495523, 38.879853476465605], [-77.03494690984836, 38.880028633427045], [-77.0345070229011, 38.880310636830174], [-77.0343230623521, 38.88048195859065], [-77.03351664193306, 38.88160699852993], [-77.0327047038158, 38.88261798802224], [-77.03216348819089, 38.88344731538587], [-77.03202429299141, 38.88408596717694], [-77.03199102410672, 38.88438119011035], [-77.03195390115773, 38.88757500542651], [-77.0328632696473, 38.887771577201164], [-77.03321008971254, 38.887812728474366], [-77.0336898653492, 38.88778080049441], [-77.03366009905533, 38.88798882158504], [-77.0335942361192, 38.88813162337029], [-77.03317316537992, 38.888593423171784], [-77.03301548214866, 38.88883660399783], [-77.03289003274939, 38.88924498918402], [-77.03287378066287, 38.8894956068318], [-77.03292293485683, 38.88985655866872], [-77.03304502818527, 38.89016389000846], [-77.03351747493147, 38.89083848275878], [-77.03362744973921, 38.8911041081379], [-77.03366743923985, 38.89133065724849], [-77.0336552943429, 38.89209730041633]]]}}, {"type": "Feature", "properties": {"SMD_ID": "6A04", "ANC_ID": "6A", "NAME": "SMD 6A04"}, "geometry": {"type": "Polygon", "coordinates": [[[-76.98549002372802, 38.89202131712402], [-76.9883522944781, 38.892011133787655], [-76.98823301565805, 38.89207141487635], [-76.98798690497345, 38.8924794961402], [-76.98711180812627, 38.89358157714171], [-76.99153523906809, 38.89358747646135], [-76.99153508745911, 38.889812526490395], [-76.98364749380629, 38.88980870693796], [-76.98364791606205, 38.892492905353535], [-76.98456403507124, 38.89211730877871], [-76.98549002372802, 38.89202131712402]]]}}, {"type": "Feature", "properties": {"SMD_ID": "6A03", "ANC_ID": "6A", "NAME": "SMD 6A03"}, "geometry": {"type": "Polygon", "coordinates": [[[-76.99616990852938, 38.89891553838006], [-76.9961684960936, 38.89494743452214], [-76.99665972164297, 38.89474739174333], [-76.99628119559434, 38.89479682724873], [-76.99024622281162, 38.89479170490636], [-76.99025269641837, 38.89735817108991], [-76.99152972177802, 38.89733928100847], [-76.99152918877536, 38.89891592472293], [-76.99616990852938, 38.89891553838006]]]}}, {"type": "Feature", "properties": {"SMD_ID": "4C01", "ANC_ID": "4C", "NAME": "SMD 4C01"}, "geometry": {"type": "Polygon", "coordinates": [[[-77.02329982110275, 38.940868032223186], [-77.02350459406036, 38.94515764819593], [-77.02617053059437, 38.9450693410191], [-77.0317021409481, 38.94506878240856], [-77.03217711557814, 38.943921177110724], [-77.03483841910108, 38.94084219140603], [-77.03465719270132, 38.940811977417745], [-77.02691826721986, 38.9408100522378], [-77.02329982110275, 38.940868032223186]]]}}, {"type": "Feature", "properties": {"SMD_ID": "4C02", "ANC_ID": "4C", "NAME": "SMD 4C02"}, "geometry": {"type": "Polygon", "coordinates": [[[-77.03272996010787, 38.940814154462096], [-77.03273175105792, 38.9386854038711], [-77.02505741942822, 38.93868540934935], [-77.02319196641908, 38.938727592889535], [-77.02329982110275, 38.940868032223186], [-77.02585187707714, 38.94081452686242], [-77.03272996010787, 38.940814154462096]]]}}, {"type": "Feature", "properties": {"SMD_ID": "2G03", "ANC_ID": "2G", "NAME": "SMD 2G03"}, "geometry": {"type": "Polygon", "coordinates": [[[-77.02192090404412, 38.912320556371434], [-77.0219181586363, 38.90965294339976], [-77.0189295297593, 38.90964950219914], [-77.01893972916184, 38.90724499262917], [-77.01544287183907, 38.907242624549], [-77.01778222880692, 38.91377259312072], [-77.02006240442525, 38.912994416839794], [-77.02192090404412, 38.912320556371434]]]}}, {"type": "Feature", "properties": {"SMD_ID": "2G04", "ANC_ID": "2G", "NAME": "SMD 2G04"}, "geometry": {"type": "Polygon", "coordinates": [[[-77.02397182455691, 38.90858171800224], [-77.0259907691883, 38.908580115208494], [-77.02598213309247, 38.904179781230496], [-77.0240221673617, 38.904179795327835], [-77.02396503635877, 38.90725166387556], [-77.02397182455691, 38.90858171800224]]]}}, {"type": "Feature", "properties": {"SMD_ID": "7B09", "ANC_ID": "7B", "NAME": "SMD 7B09"}, "geometry": {"type": "Polygon", "coordinates": [[[-76.95340730923672, 38.88759422721277], [-76.9560762002607, 38.88759219844166], [-76.95607149899, 38.88680360293394], [-76.95900395936773, 38.886805119369406], [-76.96493996204626, 38.88690109939698], [-76.96542428827883, 38.88637704599933], [-76.96854342962739, 38.884050881775764], [-76.96903769631854, 38.8836211696682], [-76.95626788401516, 38.883637859929266], [-76.95620511143072, 38.883757738044146], [-76.95414681137154, 38.88582923718571], [-76.95408886601025, 38.88596181783558], [-76.95400134277301, 38.886562462402615], [-76.9539375753102, 38.88678521457763], [-76.9537639095969, 38.88709152104587], [-76.95356319367933, 38.887339802511754], [-76.95340730923672, 38.88759422721277]]]}}, {"type": "Feature", "properties": {"SMD_ID": "6C01", "ANC_ID": "6C", "NAME": "SMD 6C01"}, "geometry": {"type": "Polygon", "coordinates": [[[-76.99616960835769, 38.900212652271144], [-76.9961657609532, 38.90530660711902], [-76.99833873517008, 38.90623776133873], [-76.99843996626412, 38.9060230937436], [-76.99844493192066, 38.90565041833587], [-76.99950630165706, 38.90564781520123], [-76.9995088511716, 38.90373570226938], [-77.00057434275803, 38.90373453078509], [-77.00057410238362, 38.902521465670645], [-76.99844579554723, 38.90252002445227], [-76.9984443586194, 38.900212254250086], [-76.99616960835769, 38.900212652271144]]]}}, {"type": "Feature", "properties": {"SMD_ID": "6C02", "ANC_ID": "6C", "NAME": "SMD 6C02"}, "geometry": {"type": "Polygon", "coordinates": [[[-76.99845672311692, 38.89405424426595], [-76.99950983949105, 38.89408801678341], [-76.99951259216596, 38.89612570967137], [-77.00203862847829, 38.89612911603429], [-77.00203907219762, 38.89673023528391], [-77.00254634717393, 38.89673022531901], [-77.00255280584354, 38.89649703462229], [-77.00298931104659, 38.89649702426015], [-77.00299083425006, 38.89680889384106], [-77.00351179316192, 38.89680930272559], [-77.00351153134721, 38.89734485003296], [-77.00477489401408, 38.89734777796347], [-77.00487497275358, 38.896932578289565], [-77.0049790744753, 38.89669684299044], [-77.00509244260887, 38.89660699767033], [-77.00540422055965, 38.89647089427418], [-77.00566417224621, 38.89608264839213], [-77.00581987955782, 38.89599689910171], [-77.00614219526946, 38.895926464190154], [-77.00641569526377, 38.89590037927085], [-77.00671256552988, 38.89591861353535], [-77.00701610373663, 38.89598636563728], [-77.0073763614035, 38.89619748153466], [-77.0075398239672, 38.89642945454342], [-77.00772665815664, 38.89680479390821], [-77.00794063237683, 38.896988919551205], [-77.00821626595899, 38.897141664339856], [-77.00906667490538, 38.89747710895112], [-77.00906266232555, 38.89511120598857], [-77.01275261513541, 38.89244428465457], [-77.01318170032384, 38.892097594830126], [-77.01557411875535, 38.892074680286896], [-77.01584500188412, 38.89202563830176], [-77.01626008996008, 38.89189219426773], [-77.01639022817132, 38.89179045352392], [-77.01518509382144, 38.89146453131104], [-77.01519413536, 38.88980812411604], [-76.9995205884079, 38.88981606609518], [-76.99951399604613, 38.89309313235409], [-77.0006137946672, 38.893093852402735], [-76.99845672311692, 38.89405424426595]]]}}, {"type": "Feature", "properties": {"SMD_ID": "6C04", "ANC_ID": "6C", "NAME": "SMD 6C04"}, "geometry": {"type": "Polygon", "coordinates": [[[-77.00203862847829, 38.89612911603429], [-76.99951259216596, 38.89612570967137], [-76.99950910589583, 38.900211903222996], [-77.00670438143133, 38.900215197984636], [-77.00767011161517, 38.89752463805714], [-77.0077629774002, 38.89708142037963], [-77.00778062610047, 38.89686784888314], [-77.00767327631, 38.89672399238898], [-77.0075398239672, 38.89642945454342], [-77.0073763614035, 38.89619748153466], [-77.00701610373663, 38.89598636563728], [-77.00671256552988, 38.89591861353535], [-77.00632897386745, 38.89590299642938], [-77.00581987955782, 38.89599689910171], [-77.00564055416184, 38.896106548731915], [-77.00540422055965, 38.89647089427418], [-77.00509244260887, 38.89660699767033], [-77.0049790744753, 38.89669684299044], [-77.00487497275358, 38.896932578289565], [-77.00477489401408, 38.89734777796347], [-77.00351153134721, 38.89734485003296], [-77.00351179316192, 38.89680930272559], [-77.00299083425006, 38.89680889384106], [-77.00298931104659, 38.89649702426015], [-77.00255280584354, 38.89649703462229], [-77.00254634717393, 38.89673022531901], [-77.00203907219762, 38.89673023528391], [-77.00203862847829, 38.89612911603429]]]}}, {"type": "Feature", "properties": {"SMD_ID": "7D09", "ANC_ID": "7D", "NAME": "SMD 7D09"}, "geometry": {"type": "Polygon", "coordinates": [[[-76.9772612239119, 38.88867843826535], [-76.97899755579817, 38.888678132759125], [-76.97899574381736, 38.88919511425066], [-76.98076761208637, 38.889197383227035], [-76.98076631794811, 38.88980781768351], [-76.98364749380629, 38.88980870693796], [-76.98365471340436, 38.88662129113156], [-76.98307563075304, 38.88639177418889], [-76.98288912287212, 38.886127269920784], [-76.98221756266865, 38.88612927758266], [-76.98221982151304, 38.88654656420905], [-76.97726222029145, 38.88453896084503], [-76.9772612239119, 38.88867843826535]]]}}, {"type": "Feature", "properties": {"SMD_ID": "7D08", "ANC_ID": "7D", "NAME": "SMD 7D08"}, "geometry": {"type": "Polygon", "coordinates": [[[-76.98365021857579, 38.89351157234316], [-76.98364749380629, 38.88980870693796], [-76.98076631794811, 38.88980781768351], [-76.98076761208637, 38.889197383227035], [-76.97899574381736, 38.88919511425066], [-76.97899755579817, 38.888678132759125], [-76.9772612239119, 38.88867843826535], [-76.97725934302872, 38.889806124645254], [-76.97677602399165, 38.88991032854521], [-76.97644942150272, 38.89007664787405], [-76.9762927605202, 38.89012057706302], [-76.97432873957013, 38.8901308819366], [-76.97398737365675, 38.890304397831976], [-76.97389811593337, 38.890418153712105], [-76.97383799918126, 38.890589749824144], [-76.97387312973002, 38.89128979852084], [-76.97401972081344, 38.89200437544314], [-76.97418670413724, 38.892437715207336], [-76.97443833709966, 38.89276189178134], [-76.97471364378785, 38.892970585594085], [-76.97509374493062, 38.89314615033135], [-76.97515425362168, 38.893303025988864], [-76.9772616961462, 38.893309238562495], [-76.97725857127699, 38.8937825828047], [-76.97793095954785, 38.89375920892029], [-76.9822144331693, 38.89378329826974], [-76.98222239553488, 38.89333239448956], [-76.98309833944685, 38.89333991136302], [-76.98340056480356, 38.893407427395026], [-76.98365021857579, 38.89351157234316]]]}}, {"type": "Feature", "properties": {"SMD_ID": "7E06", "ANC_ID": "7E", "NAME": "SMD 7E06"}, "geometry": {"type": "Polygon", "coordinates": [[[-76.92150412484735, 38.88331514175677], [-76.91845491009943, 38.88568897014673], [-76.92108052987129, 38.886304154690784], [-76.92188308053048, 38.886412884889694], [-76.92311043547097, 38.88645856103412], [-76.92349188367754, 38.88651709576024], [-76.92380380221721, 38.886602158638645], [-76.92432354568689, 38.88678689816354], [-76.9249000104887, 38.887071394662165], [-76.9267860356044, 38.888299443712], [-76.92715261118909, 38.88848704724216], [-76.92760576730721, 38.88865929897458], [-76.92840497320276, 38.88501581012704], [-76.92614807701227, 38.88471424547206], [-76.92674189683014, 38.88200615699018], [-76.9244965040779, 38.88171285513467], [-76.92404463063428, 38.883740531098944], [-76.92176405875277, 38.883431479347806], [-76.92164330648505, 38.88339941861725], [-76.92150412484735, 38.88331514175677]]]}}, {"type": "Feature", "properties": {"SMD_ID": "6B04", "ANC_ID": "6B", "NAME": "SMD 6B04"}, "geometry": {"type": "Polygon", "coordinates": [[[-76.99024730342613, 38.88604204987462], [-76.9949668304926, 38.886035862479254], [-76.99497539491594, 38.878003632008486], [-76.99368455233922, 38.87763607186958], [-76.99367580194858, 38.877854641092476], [-76.9935745174349, 38.877872058807014], [-76.99341107541078, 38.877995383642535], [-76.99243112631976, 38.87773240832099], [-76.99206629941341, 38.877583409187494], [-76.99153798989308, 38.87758352525484], [-76.99153485534993, 38.881274822135104], [-76.99024991425735, 38.881274091369676], [-76.99024730342613, 38.88604204987462]]]}}, {"type": "Feature", "properties": {"SMD_ID": "6B05", "ANC_ID": "6B", "NAME": "SMD 6B05"}, "geometry": {"type": "Polygon", "coordinates": [[[-76.99844804296299, 38.88981623695548], [-76.9984542917647, 38.88868550549713], [-76.99617783432615, 38.888684822642745], [-76.9961762786112, 38.887602465826504], [-76.99496395377777, 38.88760187936655], [-76.9949668304926, 38.886035862479254], [-76.99024730342613, 38.88604204987462], [-76.99024095204204, 38.888659191081786], [-76.99152958807878, 38.88865745390676], [-76.99153508745911, 38.889812526490395], [-76.99844804296299, 38.88981623695548]]]}}, {"type": "Feature", "properties": {"SMD_ID": "5D03", "ANC_ID": "5D", "NAME": "SMD 5D03"}, "geometry": {"type": "Polygon", "coordinates": [[[-76.99313743424494, 38.9040080946557], [-76.98566841973498, 38.9008313410656], [-76.98517965498559, 38.90065597742218], [-76.98393177741428, 38.902432350743574], [-76.98540753811896, 38.90306394003853], [-76.9847654251448, 38.90397937717267], [-76.99040224116841, 38.90639385411057], [-76.99280687629098, 38.90426625419194], [-76.99313743424494, 38.9040080946557]]]}}, {"type": "Feature", "properties": {"SMD_ID": "6B06", "ANC_ID": "6B", "NAME": "SMD 6B06"}, "geometry": {"type": "Polygon", "coordinates": [[[-76.98365652054395, 38.88612874007278], [-76.98364749380629, 38.88980870693796], [-76.99153508745911, 38.889812526490395], [-76.99152958807878, 38.88865745390676], [-76.99024095204204, 38.888659191081786], [-76.99024461882024, 38.88544497402081], [-76.98842875914903, 38.88592774769503], [-76.98831342642181, 38.88602472947107], [-76.98819350463171, 38.88599096300291], [-76.98551162088629, 38.886706106881874], [-76.98551215335893, 38.886127201291025], [-76.98365652054395, 38.88612874007278]]]}}, {"type": "Feature", "properties": {"SMD_ID": "7D02", "ANC_ID": "7D", "NAME": "SMD 7D02"}, "geometry": {"type": "Polygon", "coordinates": [[[-76.95295682041863, 38.90528441688054], [-76.951168145499, 38.90567224928789], [-76.95017126139871, 38.904808629978284], [-76.95079192655504, 38.903584495463456], [-76.94745759308987, 38.900756716171216], [-76.94530202564603, 38.90242857918003], [-76.94528264447572, 38.90256594756224], [-76.94540148017049, 38.90276337627222], [-76.9460396658258, 38.903258321649645], [-76.94665169638715, 38.90391423086797], [-76.94706948750006, 38.9042434060217], [-76.94821812616668, 38.90534888544637], [-76.94847336262025, 38.90569158594356], [-76.9488910602023, 38.906161464883546], [-76.94912590775749, 38.906649369600075], [-76.94984230673988, 38.907511778446974], [-76.95038192435236, 38.90794981461316], [-76.95077668061629, 38.90813600398066], [-76.95101172580291, 38.908213304309044], [-76.95146167598614, 38.90826565042821], [-76.95185648469007, 38.908227167957605], [-76.95212366246125, 38.90815241836561], [-76.95253309145441, 38.90795521249819], [-76.95284964031988, 38.907683108366115], [-76.95335796513504, 38.9073428958793], [-76.9534800143572, 38.90722042197307], [-76.95354974300551, 38.907097936156795], [-76.95358238424465, 38.90681189797748], [-76.9535039259214, 38.906778752085536], [-76.95295682041863, 38.90528441688054]]]}}, {"type": "Feature", "properties": {"SMD_ID": "7E01", "ANC_ID": "7E", "NAME": "SMD 7E01"}, "geometry": {"type": "Polygon", "coordinates": [[[-76.94577412167372, 38.88087725250248], [-76.9451943140619, 38.87965003871521], [-76.94464905479258, 38.87877894004602], [-76.94397227567417, 38.87795515984248], [-76.9431212415178, 38.87715669454038], [-76.94289583971715, 38.876990739935366], [-76.94263607097939, 38.8768560271585], [-76.94143269799541, 38.87642140522653], [-76.9398962513864, 38.875481588980136], [-76.93697772094141, 38.8739354698401], [-76.93682591751056, 38.87449291789175], [-76.93677849818819, 38.87494565453389], [-76.93680575423953, 38.875399512561366], [-76.9369092731737, 38.875885391592476], [-76.93704492505827, 38.87626498869771], [-76.937202290749, 38.87659180807696], [-76.93886576509392, 38.87910089876718], [-76.93909831650926, 38.87952882894492], [-76.93920969526768, 38.879877962255584], [-76.93925680872343, 38.88017643486021], [-76.93926770686015, 38.881725433621924], [-76.93936085445242, 38.882240131391946], [-76.93701127352547, 38.88253238126851], [-76.93683973550954, 38.88257805125541], [-76.93657970189133, 38.882731323232264], [-76.9364369691207, 38.88291483662693], [-76.93638977101166, 38.88311038306773], [-76.93643148261394, 38.8833810177861], [-76.93850836692538, 38.88312872368382], [-76.9395567811008, 38.88319719419047], [-76.94152175460238, 38.88320459047765], [-76.94173838050509, 38.88326973930169], [-76.9421104124253, 38.88285715989825], [-76.94252194059548, 38.88248360505402], [-76.94293838907205, 38.88214914755599], [-76.94349200572157, 38.881787549658824], [-76.94402804264492, 38.881497106986444], [-76.94469315779752, 38.88120564202793], [-76.94577412167372, 38.88087725250248]]]}}, {"type": "Feature", "properties": {"SMD_ID": "7E02", "ANC_ID": "7E", "NAME": "SMD 7E02"}, "geometry": {"type": "Polygon", "coordinates": [[[-76.93925920420322, 38.88020553321771], [-76.93918924689319, 38.87980047942], [-76.93900341246719, 38.87932257725941], [-76.937202290749, 38.87659180807696], [-76.93697133569775, 38.876076403191725], [-76.9368381947573, 38.875595012415864], [-76.93677795661621, 38.87503663910037], [-76.93682591751056, 38.87449291789175], [-76.93697772094141, 38.8739354698401], [-76.93493594045324, 38.87285559370948], [-76.92800066907986, 38.87825677208906], [-76.92811107443126, 38.87837230072935], [-76.92818942116092, 38.878393428577766], [-76.93158168247054, 38.8786718426977], [-76.93175740549336, 38.87906417108087], [-76.93304244277175, 38.881498982922885], [-76.93620678956462, 38.88022615661383], [-76.93925920420322, 38.88020553321771]]]}}, {"type": "Feature", "properties": {"SMD_ID": "7E03", "ANC_ID": "7E", "NAME": "SMD 7E03"}, "geometry": {"type": "Polygon", "coordinates": [[[-76.93304244277175, 38.881498982922885], [-76.93175740549336, 38.87906417108087], [-76.93158168247054, 38.8786718426977], [-76.92818942116092, 38.878393428577766], [-76.92811107443126, 38.87837230072935], [-76.92800066907986, 38.87825677208906], [-76.92150412484735, 38.88331514175677], [-76.92164330648505, 38.88339941861725], [-76.92176405875277, 38.883431479347806], [-76.92404463063428, 38.883740531098944], [-76.9244965040779, 38.88171285513467], [-76.92674189683014, 38.88200615699018], [-76.92659068116556, 38.88268205172668], [-76.9288448599631, 38.88298775017858], [-76.92925372266409, 38.88111887441657], [-76.92997837063344, 38.881208467170055], [-76.93051838213445, 38.88118478230254], [-76.93082436996748, 38.88127329122302], [-76.93110678060093, 38.88140688144765], [-76.93138169258128, 38.88146522848874], [-76.93163185354987, 38.881458528812836], [-76.93191518401119, 38.88135518789183], [-76.93200358888531, 38.88146910547142], [-76.93211669219934, 38.88154709385498], [-76.93240796641099, 38.88163500452084], [-76.93266879449067, 38.881622183090045], [-76.93304244277175, 38.881498982922885]]]}}, {"type": "Feature", "properties": {"SMD_ID": "7E04", "ANC_ID": "7E", "NAME": "SMD 7E04"}, "geometry": {"type": "Polygon", "coordinates": [[[-76.93688290216487, 38.888241286338854], [-76.93529494385476, 38.884533647537545], [-76.9351032705788, 38.88415446825288], [-76.9347747793163, 38.883661706609026], [-76.93340650262175, 38.88201600249449], [-76.93304244277175, 38.881498982922885], [-76.93266879449067, 38.881622183090045], [-76.93240796641099, 38.88163500452084], [-76.93211669219934, 38.88154709385498], [-76.93200358888531, 38.88146910547142], [-76.93191518401119, 38.88135518789183], [-76.93163185354987, 38.881458528812836], [-76.93138169258128, 38.88146522848874], [-76.93110678060093, 38.88140688144765], [-76.93082436996748, 38.88127329122302], [-76.93051838213445, 38.88118478230254], [-76.92997837063344, 38.881208467170055], [-76.92925372266409, 38.88111887441657], [-76.9288448599631, 38.88298775017858], [-76.93109756332734, 38.88328971078635], [-76.93065336347827, 38.885313092153375], [-76.93294498060591, 38.885625129447966], [-76.93294152812538, 38.88574214639406], [-76.93250900705563, 38.887716508008886], [-76.93275064375625, 38.88783756689131], [-76.93288217327202, 38.887943941450985], [-76.93433729759211, 38.88961744460537], [-76.93436626197514, 38.889769720507175], [-76.93609432062192, 38.88978368678814], [-76.93608926622234, 38.88906953573699], [-76.93604493786154, 38.888758362022024], [-76.93590488301228, 38.8883838068667], [-76.93567984223613, 38.88805235489955], [-76.93688290216487, 38.888241286338854]]]}}, {"type": "Feature", "properties": {"SMD_ID": "7E05", "ANC_ID": "7E", "NAME": "SMD 7E05"}, "geometry": {"type": "Polygon", "coordinates": [[[-76.93436626197514, 38.889769720507175], [-76.93433729759211, 38.88961744460537], [-76.93288217327202, 38.887943941450985], [-76.93275064375625, 38.88783756689131], [-76.93250900705563, 38.887716508008886], [-76.93294152812538, 38.88574214639406], [-76.93294498060591, 38.885625129447966], [-76.93065336347827, 38.885313092153375], [-76.93109756332734, 38.88328971078635], [-76.92659068116556, 38.88268205172668], [-76.92614807701227, 38.88471424547206], [-76.92840497320276, 38.88501581012704], [-76.92760576730721, 38.88865929897458], [-76.9288296438698, 38.88899894637228], [-76.9297343658426, 38.889336677778616], [-76.93002766641567, 38.889515138687884], [-76.9301254341686, 38.88965643058765], [-76.9301528823956, 38.88977052912014], [-76.93436626197514, 38.889769720507175]]]}}, {"type": "Feature", "properties": {"SMD_ID": "5D06", "ANC_ID": "5D", "NAME": "SMD 5D06"}, "geometry": {"type": "Polygon", "coordinates": [[[-76.98550551231276, 38.904295664537166], [-76.9847654251448, 38.90397937717267], [-76.98540753811896, 38.90306394003853], [-76.98232315668623, 38.90174329442705], [-76.98088095896395, 38.90117198247053], [-76.97621824534966, 38.90307612372198], [-76.97622264121357, 38.90372301459622], [-76.97899289621738, 38.9037219240041], [-76.97899212644035, 38.90437845270336], [-76.98042251747718, 38.904378340791844], [-76.98058737151213, 38.9044124378898], [-76.97997768461748, 38.90537010305128], [-76.98083144057635, 38.90569191644615], [-76.9813719164418, 38.904843597274954], [-76.98217506444549, 38.90514739411523], [-76.9828043217968, 38.904178189642245], [-76.98495195755828, 38.90509238336572], [-76.98550551231276, 38.904295664537166]]]}}, {"type": "Feature", "properties": {"SMD_ID": "6C05", "ANC_ID": "6C", "NAME": "SMD 6C05"}, "geometry": {"type": "Polygon", "coordinates": [[[-76.99616960835769, 38.900212652271144], [-76.9984443586194, 38.900212254250086], [-76.99844992024363, 38.898918563601434], [-76.99951130507787, 38.8989192034296], [-76.99950983949105, 38.89408801678341], [-76.99885981842415, 38.89408882301211], [-76.99845672311692, 38.89405424426595], [-76.99819947978138, 38.894116650574624], [-76.9961684960936, 38.89494743452214], [-76.99616960835769, 38.900212652271144]]]}}, {"type": "Feature", "properties": {"SMD_ID": "4A05", "ANC_ID": "4A", "NAME": "SMD 4A05"}, "geometry": {"type": "Polygon", "coordinates": [[[-77.02771236791627, 38.96496149289244], [-77.02747912760776, 38.96754286134238], [-77.02782852638458, 38.96735065985316], [-77.02795805957207, 38.96742706391784], [-77.02813043255101, 38.96746101068619], [-77.029688306317, 38.96757619229732], [-77.02969239177094, 38.96685760346727], [-77.03638649582052, 38.96685915311007], [-77.03638679366682, 38.965431174508275], [-77.03342090309923, 38.965437167543186], [-77.03341920103759, 38.96402215200874], [-77.03300866363523, 38.96403136696326], [-77.03260818354596, 38.964081835465514], [-77.03179319351187, 38.96429240259016], [-77.03137633520376, 38.96436313988798], [-77.03004790659995, 38.964389702837124], [-77.03004012607565, 38.96454563766222], [-77.0299895348508, 38.96469626860241], [-77.0297269371803, 38.965026217788555], [-77.02958775288756, 38.96496022261899], [-77.02771236791627, 38.96496149289244]]]}}, {"type": "Feature", "properties": {"SMD_ID": "8D08", "ANC_ID": "8D", "NAME": "SMD 8D08"}, "geometry": {"type": "Polygon", "coordinates": [[[-77.00105846960604, 38.836138323688225], [-77.002467632313, 38.838011250545044], [-77.00578337134736, 38.837996449510285], [-77.00602818132802, 38.838026092953264], [-77.00591681858968, 38.83796708426435], [-77.00589244171947, 38.837913746434985], [-77.00588762730746, 38.83121379463271], [-77.00373311312961, 38.830980113806554], [-77.00057317949394, 38.830967290054026], [-77.00057123669603, 38.832848077133974], [-77.00053002877667, 38.83300513986996], [-77.00057193096416, 38.83324949420453], [-77.0005740175766, 38.83491993305803], [-77.00060177758552, 38.835201627439396], [-77.00076383893115, 38.83583969561251], [-77.00076096437814, 38.83629876664242], [-77.00105846960604, 38.836138323688225]]]}}, {"type": "Feature", "properties": {"SMD_ID": "7B06", "ANC_ID": "7B", "NAME": "SMD 7B06"}, "geometry": {"type": "Polygon", "coordinates": [[[-76.94667412988734, 38.86371109633016], [-76.95132581279586, 38.86560216600286], [-76.95149018070865, 38.865521158661394], [-76.95373783785881, 38.86472761854881], [-76.95362230126237, 38.864497858089194], [-76.95358887681456, 38.86433497262749], [-76.95359287164663, 38.86262130275415], [-76.95406045740046, 38.862774630786994], [-76.95450919060117, 38.86286227822215], [-76.95498146833629, 38.86288948651702], [-76.95544237679086, 38.862856872659], [-76.95652339412638, 38.86260307157123], [-76.95667612376972, 38.86259736294929], [-76.9575420898355, 38.8622369748909], [-76.95849843955898, 38.86201183795311], [-76.95900176978283, 38.86193066972545], [-76.95891331081812, 38.861277438016685], [-76.95891895056991, 38.8562830788886], [-76.95882956798698, 38.85584640882988], [-76.95860654037384, 38.855414195581275], [-76.95837892450066, 38.85514971722361], [-76.95803612974137, 38.854856307030346], [-76.94667412988734, 38.86371109633016]]]}}, {"type": "Feature", "properties": {"SMD_ID": "7B07", "ANC_ID": "7B", "NAME": "SMD 7B07"}, "geometry": {"type": "Polygon", "coordinates": [[[-76.94352353736342, 38.870780742070735], [-76.95292520293411, 38.874614383151226], [-76.95373800092689, 38.87460894257058], [-76.95373390799227, 38.87398970339504], [-76.95379744117173, 38.87393414670356], [-76.95706322174314, 38.87393701455226], [-76.95718212520073, 38.87397714559741], [-76.95751420415927, 38.874242113899065], [-76.95754871538294, 38.874344461893656], [-76.95754441012829, 38.87460768582206], [-76.95877841082391, 38.87460650638466], [-76.95884247001877, 38.87463211283715], [-76.95886180369922, 38.87567817510876], [-76.96116757809983, 38.8756587406807], [-76.96100225646877, 38.87432017239001], [-76.96083505191139, 38.87430309055812], [-76.95798416564162, 38.87265698513987], [-76.95719814066845, 38.87225267275397], [-76.95711822197158, 38.872159676695624], [-76.95711378431525, 38.87187374827987], [-76.95704253484206, 38.87154617645699], [-76.95665626101253, 38.87079175983865], [-76.95656366295596, 38.87032977429104], [-76.95684831073174, 38.87029717929762], [-76.95717770408231, 38.870206135458176], [-76.95737400321784, 38.87011251982914], [-76.95758001448972, 38.86996332551703], [-76.95778285112644, 38.869724946443505], [-76.95815971961261, 38.869039091705616], [-76.9584454526844, 38.86863652680451], [-76.95856722678285, 38.868561160668946], [-76.94753726964959, 38.86405378018831], [-76.94699672904919, 38.864863572973924], [-76.94684183713997, 38.86521221836876], [-76.94679279906767, 38.865765943358106], [-76.94680103216317, 38.867242065880696], [-76.94683974242314, 38.86740576637516], [-76.94649596340268, 38.867779818830485], [-76.9481152871415, 38.86889263793966], [-76.94784856391144, 38.86915574488092], [-76.94728974287149, 38.8695495218321], [-76.94675736761761, 38.869858178679436], [-76.94623102891526, 38.87010179515354], [-76.94526431839873, 38.87042213547851], [-76.94352353736342, 38.870780742070735]]]}}, {"type": "Feature", "properties": {"SMD_ID": "7D01", "ANC_ID": "7D", "NAME": "SMD 7D01"}, "geometry": {"type": "Polygon", "coordinates": [[[-76.93395052666392, 38.91235148307786], [-76.94186181138446, 38.918543063352395], [-76.94372744602902, 38.91687370557225], [-76.94558404314085, 38.9155097319768], [-76.94614398423329, 38.91520623026993], [-76.94638768233158, 38.91511724987887], [-76.94678164746148, 38.915012122503796], [-76.94730506415942, 38.914955697268724], [-76.9508760264712, 38.91488842933066], [-76.95241528950311, 38.914824296337144], [-76.95277312665344, 38.91475958147762], [-76.95298049451522, 38.914686787652414], [-76.95336931969892, 38.914488489782826], [-76.95360261204993, 38.914265806447965], [-76.95373243552436, 38.91392570306408], [-76.95382135673867, 38.91264592340773], [-76.95391522550936, 38.91209104664399], [-76.95400350911585, 38.91179137389175], [-76.9542993176497, 38.91115568112996], [-76.95460539473325, 38.91068196156508], [-76.95620788942784, 38.90888432722774], [-76.95661250258334, 38.908252632686846], [-76.95720893522251, 38.90746714448085], [-76.95761357472512, 38.9067626588567], [-76.9579209746533, 38.90612705065238], [-76.95688100513745, 38.90559680023379], [-76.95666165152815, 38.90554140779309], [-76.95624636350402, 38.905557918466236], [-76.95570112570036, 38.90597254762372], [-76.95511365354179, 38.90607006402537], [-76.95494135412372, 38.90615476629319], [-76.95458503526764, 38.90625975579716], [-76.9536973786056, 38.90665027974653], [-76.95358477568716, 38.90676896512933], [-76.95354974300551, 38.907097936156795], [-76.9534189881539, 38.90729300495821], [-76.95237046371834, 38.90804811247455], [-76.95196394663873, 38.908200006974994], [-76.95166494928273, 38.908254384175805], [-76.9512526579913, 38.908247456631976], [-76.95090439787056, 38.9081792077041], [-76.95038192435236, 38.90794981461316], [-76.94984230673988, 38.907511778446974], [-76.94912590775749, 38.906649369600075], [-76.9488910602023, 38.906161464883546], [-76.94847336262025, 38.90569158594356], [-76.94821812616668, 38.90534888544637], [-76.94706948750006, 38.9042434060217], [-76.94665169638715, 38.90391423086797], [-76.9460396658258, 38.903258321649645], [-76.94540148017049, 38.90276337627222], [-76.94528264447572, 38.90256594756224], [-76.94530202564603, 38.90242857918003], [-76.94536244379665, 38.90231232756466], [-76.94534715421861, 38.902240604873505], [-76.94524715014823, 38.90209737019293], [-76.94499791450512, 38.901918230011454], [-76.9449292661584, 38.901793693144064], [-76.94457970093401, 38.90156909358457], [-76.94336641532027, 38.90133278999802], [-76.94261124618886, 38.90193521586021], [-76.94371520554795, 38.902401818364275], [-76.94167641077146, 38.90412084700245], [-76.94068104036009, 38.90490073065235], [-76.93995371503937, 38.90555332063221], [-76.9388281130714, 38.906863055612064], [-76.93395052666392, 38.91235148307786]]]}}, {"type": "Feature", "properties": {"SMD_ID": "5A01", "ANC_ID": "5A", "NAME": "SMD 5A01"}, "geometry": {"type": "Polygon", "coordinates": [[[-76.98879364273576, 38.95523987053024], [-76.99143503979558, 38.95730353605702], [-76.99190876599403, 38.95721991905764], [-76.9928583959638, 38.957279705688926], [-76.9970023168035, 38.95728024562743], [-76.99763029138602, 38.9572141393769], [-76.99817670945679, 38.95703830785878], [-76.99860682925717, 38.95679400964738], [-76.99887462701143, 38.95656511252764], [-76.99923031662155, 38.9561158732267], [-76.99955741186065, 38.95578148809289], [-76.99987317437974, 38.95553691442788], [-77.00027733231802, 38.955301618235346], [-76.99682034708722, 38.95264215414994], [-76.99615894355262, 38.95271672279048], [-76.99547676968086, 38.95283596791238], [-76.99476355585993, 38.953006734975446], [-76.99344048322742, 38.95339906851947], [-76.99291289398354, 38.95349911961888], [-76.99208753690662, 38.95359824774069], [-76.99146950306351, 38.95363216546816], [-76.99069480594187, 38.95360427083591], [-76.98973610806506, 38.95349609137854], [-76.98895936453705, 38.9533614370636], [-76.98875299789827, 38.95406680095035], [-76.98952377116801, 38.95468211927001], [-76.98879364273576, 38.95523987053024]]]}}, {"type": "Feature", "properties": {"SMD_ID": "1C09", "ANC_ID": "1C", "NAME": "SMD 1C09"}, "geometry": {"type": "Polygon", "coordinates": [[[-77.03889103893106, 38.92135873223312], [-77.036662874004, 38.922666110086105], [-77.0364901645653, 38.92274003239968], [-77.03649049113227, 38.92653307569721], [-77.03694105626823, 38.92629295256052], [-77.03713849345827, 38.92611908349773], [-77.0391510905873, 38.92495296627972], [-77.03909103963883, 38.92480092593924], [-77.03889103893106, 38.92135873223312]]]}}, {"type": "Feature", "properties": {"SMD_ID": "1C02", "ANC_ID": "1C", "NAME": "SMD 1C02"}, "geometry": {"type": "Polygon", "coordinates": [[[-77.04478364008119, 38.919059696981336], [-77.04553887311572, 38.9206543026875], [-77.04671898914667, 38.92055136709719], [-77.04774417484398, 38.92049830805235], [-77.0480609453872, 38.920515348068626], [-77.04862128198504, 38.919936367197046], [-77.0489582179474, 38.91941482441413], [-77.04905960219521, 38.919332103441164], [-77.04887406271158, 38.9189948462526], [-77.04868896592718, 38.918830521492005], [-77.04781532313726, 38.9185876663295], [-77.04759972851845, 38.918438558371804], [-77.04673307324396, 38.91675688133343], [-77.04639793536795, 38.916184138867315], [-77.04634737785051, 38.9159968125863], [-77.04628828766552, 38.916555352769095], [-77.04606878012177, 38.91702824192815], [-77.04478364008119, 38.919059696981336]]]}}, {"type": "Feature", "properties": {"SMD_ID": "1E07", "ANC_ID": "1E", "NAME": "SMD 1E07"}, "geometry": {"type": "Polygon", "coordinates": [[[-77.01621184796971, 38.92231508843592], [-77.01700029166274, 38.92271379287798], [-77.01720229041143, 38.92254979381481], [-77.01701345448453, 38.92147801104155], [-77.01818458280933, 38.92136892399656], [-77.01802922913798, 38.920368393279674], [-77.02192491327385, 38.91999829572728], [-77.02205978573207, 38.9209702688178], [-77.02310094085472, 38.92087232727959], [-77.02295786619008, 38.91989756440057], [-77.02392229033374, 38.91984678916999], [-77.02389228880433, 38.919649792178944], [-77.0238938337436, 38.91906396222087], [-77.02342462782403, 38.91899908915575], [-77.02343848810187, 38.917770269026086], [-77.0218990896049, 38.917767297662266], [-77.02189915536324, 38.917981425684324], [-77.01893885113653, 38.91826615585645], [-77.01909501895145, 38.91926209137395], [-77.01480430370488, 38.91967088117148], [-77.01493700972384, 38.920675833275844], [-77.0142799637425, 38.92078086242722], [-77.01371194480562, 38.92091317269614], [-77.01321391505088, 38.92107799236236], [-77.0127079490046, 38.921306229375205], [-77.01215063774231, 38.92131412590449], [-77.01214828577336, 38.923482789959266], [-77.0129832856579, 38.923435793828865], [-77.0134296835264, 38.92230598259049], [-77.01362523176473, 38.922143179538836], [-77.01389436781437, 38.922063244010076], [-77.01467632706388, 38.92201693570435], [-77.01543247974594, 38.92208872470737], [-77.01621184796971, 38.92231508843592]]]}}, {"type": "Feature", "properties": {"SMD_ID": "2C04", "ANC_ID": "2C", "NAME": "SMD 2C04"}, "geometry": {"type": "Polygon", "coordinates": [[[-77.02432295837751, 38.90300466527151], [-77.02962530103181, 38.9048423703791], [-77.02962842180538, 38.90253018615271], [-77.02704112622379, 38.90253014708701], [-77.02703742586458, 38.899824217131446], [-77.02191672827337, 38.899820921064176], [-77.02191730457591, 38.90210914323232], [-77.02399138781803, 38.902096619437565], [-77.02404529008481, 38.902936250242604], [-77.02432295837751, 38.90300466527151]]]}}, {"type": "Feature", "properties": {"SMD_ID": "2D02", "ANC_ID": "2D", "NAME": "SMD 2D02"}, "geometry": {"type": "Polygon", "coordinates": [[[-77.05323348505304, 38.914041014876865], [-77.0582567418953, 38.91772200985354], [-77.0583672427726, 38.917621809069416], [-77.05863933345957, 38.917164049490005], [-77.05872277107666, 38.91695339273333], [-77.05890810994067, 38.916299834824756], [-77.05891693071602, 38.915810947987595], [-77.05877425912628, 38.91550122314496], [-77.05842105951973, 38.915315017781964], [-77.0576074856894, 38.914667542086576], [-77.05636484456008, 38.91393387845327], [-77.05590759364392, 38.91356691821662], [-77.05561149097778, 38.91341616982906], [-77.05521853540259, 38.91295359774983], [-77.05434296470565, 38.91256673967724], [-77.0535770951095, 38.91237089169862], [-77.05296549959598, 38.912170014273414], [-77.05250840055318, 38.911938886364744], [-77.05225720179098, 38.91168244139036], [-77.0516455521513, 38.911250222805634], [-77.05057649480278, 38.910103838155926], [-77.05013858833334, 38.9097872033883], [-77.05005080283387, 38.909642521951525], [-77.04934309514515, 38.90964285000715], [-77.04926398535694, 38.90993732116937], [-77.0489132271763, 38.91064558750349], [-77.04887383371342, 38.91087054234011], [-77.04886280819113, 38.911438523004], [-77.0480840789245, 38.91206904268994], [-77.0475284905408, 38.912644957080246], [-77.04688208821638, 38.913759153521674], [-77.04616832332754, 38.914386787435355], [-77.04624928688582, 38.91477214110828], [-77.04634737785051, 38.9159968125863], [-77.04647846304567, 38.915877967598114], [-77.04692659085978, 38.91573205162912], [-77.04697019348262, 38.915809514804884], [-77.04705465994651, 38.91578017670403], [-77.04721175305347, 38.916056146750805], [-77.04712202949382, 38.91608731577589], [-77.04734005115333, 38.91651758282775], [-77.04740282532948, 38.91656983274276], [-77.04973075493774, 38.915852783580654], [-77.05054929251313, 38.915646321608534], [-77.05120280839468, 38.91558270845487], [-77.05260444549597, 38.9155798247428], [-77.05260383767168, 38.914099223666184], [-77.05313931923007, 38.914092135022145], [-77.05323348505304, 38.914041014876865]]]}}, {"type": "Feature", "properties": {"SMD_ID": "1C04", "ANC_ID": "1C", "NAME": "SMD 1C04"}, "geometry": {"type": "Polygon", "coordinates": [[[-77.04628915709135, 38.922336033532495], [-77.04334025416341, 38.92233491237071], [-77.04317590498275, 38.92230034521048], [-77.0430347283654, 38.922446079911346], [-77.04268654277624, 38.922668569094135], [-77.04277006221406, 38.92290879055106], [-77.04297175578544, 38.923139491785264], [-77.04323770947231, 38.92324143095965], [-77.04369527646213, 38.923244909132286], [-77.04367318384887, 38.923437461285125], [-77.04448680685125, 38.92379962224866], [-77.04460903779365, 38.92389627999032], [-77.04468732120583, 38.92403114069286], [-77.04260952725379, 38.92539937984298], [-77.04256090052128, 38.92546569879352], [-77.04332851346082, 38.925502170648606], [-77.0437217642526, 38.925688136054276], [-77.04448315823542, 38.92517887866171], [-77.04460561848522, 38.92515901367897], [-77.04448309359005, 38.925629835159874], [-77.04421030972775, 38.926116838301546], [-77.04276408287548, 38.927360253997584], [-77.04259889600742, 38.92756396532616], [-77.04292868120942, 38.92778962006203], [-77.04337038164127, 38.92797664976513], [-77.04456959480143, 38.92809756759398], [-77.04474580307934, 38.92749040285494], [-77.04470763324454, 38.92712765256654], [-77.04478888361301, 38.92671067150492], [-77.04500100361662, 38.926550106839876], [-77.04599553001917, 38.925958819012], [-77.04629872050977, 38.92596477990125], [-77.04642191913189, 38.92597950466953], [-77.04670292142785, 38.926091131890146], [-77.04690534844295, 38.926527197544864], [-77.047052264124, 38.926724519730804], [-77.04768432269664, 38.92701155678916], [-77.04816550210069, 38.92732811890114], [-77.04833663184027, 38.927511223348155], [-77.04905709531087, 38.92805871881276], [-77.04933198302528, 38.92813265144973], [-77.04954037326132, 38.92813994110717], [-77.0497014507524, 38.928073220189916], [-77.04976772265266, 38.928014007354996], [-77.04982447434301, 38.927880750187406], [-77.04984315510686, 38.92754761470083], [-77.04958657842347, 38.92642241388816], [-77.04943474944922, 38.925534978647306], [-77.04890882201758, 38.924986332015514], [-77.04872819543958, 38.924517965782535], [-77.04858605273289, 38.9236418305352], [-77.0485383673015, 38.92301420444232], [-77.04855129114051, 38.922839779907044], [-77.04861014467505, 38.92259527852924], [-77.04880804414017, 38.92232774788863], [-77.04976300273147, 38.921730246288654], [-77.05021681130108, 38.921306183374625], [-77.04905960219521, 38.919332103441164], [-77.0489582179474, 38.91941482441413], [-77.04862128198504, 38.919936367197046], [-77.0480609453872, 38.920515348068626], [-77.04774417484398, 38.92049830805235], [-77.04671898914667, 38.92055136709719], [-77.04553887311572, 38.9206543026875], [-77.04628915709135, 38.922336033532495]]]}}, {"type": "Feature", "properties": {"SMD_ID": "1C05", "ANC_ID": "1C", "NAME": "SMD 1C05"}, "geometry": {"type": "Polygon", "coordinates": [[[-77.04014483503245, 38.92436006179673], [-77.04109085782319, 38.92523308963468], [-77.04160660988987, 38.925479915264184], [-77.0415473795536, 38.92615222715883], [-77.04122954439016, 38.92614954714691], [-77.04041516852187, 38.926633938616966], [-77.04121595906346, 38.92686756889191], [-77.04121607614762, 38.927189832368626], [-77.04187022918083, 38.927231398414534], [-77.04210635079562, 38.92731491075206], [-77.04259889600742, 38.92756396532616], [-77.04276408287548, 38.927360253997584], [-77.04421030972775, 38.926116838301546], [-77.04448309359005, 38.925629835159874], [-77.04460561848522, 38.92515901367897], [-77.04448315823542, 38.92517887866171], [-77.0437217642526, 38.925688136054276], [-77.04332851346082, 38.925502170648606], [-77.04256090052128, 38.92546569879352], [-77.04260952725379, 38.92539937984298], [-77.04468732120583, 38.92403114069286], [-77.04460903779365, 38.92389627999032], [-77.04448680685125, 38.92379962224866], [-77.04367318384887, 38.923437461285125], [-77.04369527646213, 38.923244909132286], [-77.04323770947231, 38.92324143095965], [-77.04297175578544, 38.923139491785264], [-77.04277006221406, 38.92290879055106], [-77.04268654277624, 38.922668569094135], [-77.04014483503245, 38.92436006179673]]]}}, {"type": "Feature", "properties": {"SMD_ID": "2D01", "ANC_ID": "2D", "NAME": "SMD 2D01"}, "geometry": {"type": "Polygon", "coordinates": [[[-77.04887406271158, 38.9189948462526], [-77.05021681130108, 38.921306183374625], [-77.05101390820057, 38.91994551755148], [-77.05122203550472, 38.91978035788166], [-77.05185273544618, 38.919576734691546], [-77.05222176430314, 38.919611261430354], [-77.05304127353362, 38.92004269756914], [-77.05351599667497, 38.92011544858435], [-77.0546657372209, 38.91988645613835], [-77.05493674448627, 38.91962682609364], [-77.055145805818, 38.91916144736751], [-77.0553363175824, 38.91900216208429], [-77.05628921033119, 38.918601133481715], [-77.05712504086024, 38.918446180917506], [-77.05794857546489, 38.917978927599556], [-77.05819813268049, 38.91768351041844], [-77.05323348505304, 38.914041014876865], [-77.05313931923007, 38.914092135022145], [-77.05260383767168, 38.914099223666184], [-77.05260444549597, 38.9155798247428], [-77.05120280839468, 38.91558270845487], [-77.05054929251313, 38.915646321608534], [-77.04973075493774, 38.915852783580654], [-77.04740282532948, 38.91656983274276], [-77.04734005115333, 38.91651758282775], [-77.04712202949382, 38.91608731577589], [-77.04721175305347, 38.916056146750805], [-77.04705465994651, 38.91578017670403], [-77.04697019348262, 38.915809514804884], [-77.04692659085978, 38.91573205162912], [-77.04647846304567, 38.915877967598114], [-77.04634737785051, 38.9159968125863], [-77.04639793536795, 38.916184138867315], [-77.04673307324396, 38.91675688133343], [-77.04759972851845, 38.918438558371804], [-77.04781532313726, 38.9185876663295], [-77.04868896592718, 38.918830521492005], [-77.04887406271158, 38.9189948462526]]]}}, {"type": "Feature", "properties": {"SMD_ID": "5E01", "ANC_ID": "5E", "NAME": "SMD 5E01"}, "geometry": {"type": "Polygon", "coordinates": [[[-77.0147781269958, 38.90536926196229], [-77.00905524889895, 38.907358258883015], [-77.00905313115295, 38.91038402731485], [-77.01518447687451, 38.910388913375385], [-77.01518509564646, 38.91112894866417], [-77.01682915713984, 38.911127372151185], [-77.01548837889327, 38.90740486788982], [-77.0148673201446, 38.90555588567224], [-77.0147781269958, 38.90536926196229]]]}}, {"type": "Feature", "properties": {"SMD_ID": "5A02", "ANC_ID": "5A", "NAME": "SMD 5A02"}, "geometry": {"type": "Polygon", "coordinates": [[[-76.98558318857069, 38.94425715928771], [-76.98167688420695, 38.94424081179546], [-76.98167742964606, 38.94526045971931], [-76.97885676596127, 38.94525935305319], [-76.97845089982964, 38.94579563219169], [-76.97825853947703, 38.945998553207154], [-76.97794750333635, 38.94626232955], [-76.97755431777345, 38.94645683363293], [-76.98879364273576, 38.95523987053024], [-76.98952377116801, 38.95468211927001], [-76.98875299789827, 38.95406680095035], [-76.98895936453705, 38.9533614370636], [-76.98839798989601, 38.95324580660233], [-76.9892596834399, 38.952417218047884], [-76.99055432917226, 38.95241462731086], [-76.99057742520688, 38.94787824155692], [-76.98562956903821, 38.94433018616603], [-76.98558318857069, 38.94425715928771]]]}}, {"type": "Feature", "properties": {"SMD_ID": "5A03", "ANC_ID": "5A", "NAME": "SMD 5A03"}, "geometry": {"type": "Polygon", "coordinates": [[[-76.99263018587352, 38.94287302587449], [-76.98567242825169, 38.94286850670462], [-76.98564849571133, 38.942567807083215], [-76.98333421474719, 38.94255975295508], [-76.98401845922295, 38.94314718892154], [-76.98532508080909, 38.944109715575884], [-76.98558318857069, 38.94425715928771], [-76.98562956903821, 38.94433018616603], [-76.99111368252336, 38.94826690072254], [-76.99496047700273, 38.94827181407828], [-76.99495496519899, 38.94628098374833], [-77.0000452913759, 38.94627779548091], [-76.99764432265307, 38.94073989102674], [-76.99264171117244, 38.94073247661721], [-76.99263018587352, 38.94287302587449]]]}}, {"type": "Feature", "properties": {"SMD_ID": "6C06", "ANC_ID": "6C", "NAME": "SMD 6C06"}, "geometry": {"type": "Polygon", "coordinates": [[[-76.99844579554723, 38.90252002445227], [-77.00448166471094, 38.90252294850497], [-77.005638711835, 38.900214975041166], [-76.99950910589583, 38.900211903222996], [-76.99951130507787, 38.8989192034296], [-76.99844992024363, 38.898918563601434], [-76.99844579554723, 38.90252002445227]]]}}, {"type": "Feature", "properties": {"SMD_ID": "6C07", "ANC_ID": "6C", "NAME": "SMD 6C07"}, "geometry": {"type": "Polygon", "coordinates": [[[-77.00448166471094, 38.90252294850497], [-77.00057410238362, 38.902521465670645], [-77.00057434275803, 38.90373453078509], [-76.9995088511716, 38.90373570226938], [-76.99950630165706, 38.90564781520123], [-76.99844493192066, 38.90565041833587], [-76.99843996626412, 38.9060230937436], [-76.99833873517008, 38.90623776133873], [-77.00252984823726, 38.90801794853564], [-77.00448166471094, 38.90252294850497]]]}}, {"type": "Feature", "properties": {"SMD_ID": "6B01", "ANC_ID": "6B", "NAME": "SMD 6B01"}, "geometry": {"type": "Polygon", "coordinates": [[[-77.00561711260167, 38.88051714470747], [-77.00324197405502, 38.88053612542746], [-77.00205730461377, 38.880207075785776], [-77.00204579608652, 38.879977812415035], [-77.00057959881838, 38.879568469554755], [-77.0005816916656, 38.88603966281276], [-77.00351596568508, 38.88604645766076], [-77.003516958421, 38.889816014061964], [-77.00591805426984, 38.88981961048037], [-77.00591793679182, 38.889792945691546], [-77.01519413536, 38.88980812411604], [-77.01518028915179, 38.88757406606847], [-77.01374171607861, 38.887568190567045], [-77.01335661930788, 38.886792739771444], [-77.01242161669883, 38.885486159070894], [-77.01226515648845, 38.88516962100334], [-77.01218581442845, 38.88490874650301], [-77.012153973688, 38.884734707831825], [-77.01218396860328, 38.884223929271904], [-77.0123340533253, 38.88367764499458], [-77.01246573479101, 38.88335909446204], [-77.01267210873377, 38.883089541308856], [-77.0129395704473, 38.8828453846785], [-77.01319747924333, 38.88268221391308], [-77.01358383433733, 38.882504434113876], [-77.01232220369783, 38.882468720670985], [-77.01114289502351, 38.88225389901151], [-77.00905669124585, 38.8816765606431], [-77.00905512936012, 38.88153866033703], [-77.00792525019075, 38.88118279398162], [-77.00668120030231, 38.88091955654466], [-77.00573877500597, 38.880853395], [-77.00561711260167, 38.88051714470747]]]}}, {"type": "Feature", "properties": {"SMD_ID": "6B02", "ANC_ID": "6B", "NAME": "SMD 6B02"}, "geometry": {"type": "Polygon", "coordinates": [[[-77.003516958421, 38.889816014061964], [-77.00351596568508, 38.88604645766076], [-77.0005816916656, 38.88603966281276], [-77.00057500318452, 38.88561482750918], [-77.00051753488746, 38.88557296582201], [-77.0004467543952, 38.88554743635716], [-76.99951762024668, 38.88554681465344], [-76.9995154389264, 38.88427609195165], [-76.99617749394476, 38.88427873298087], [-76.99617689602378, 38.88468278605413], [-76.99607333955787, 38.88464403755767], [-76.99496185961954, 38.88461145663599], [-76.99496395377777, 38.88760187936655], [-76.9961762786112, 38.887602465826504], [-76.99617783432615, 38.888684822642745], [-76.9984542917647, 38.88868550549713], [-76.99844804296299, 38.88981623695548], [-77.003516958421, 38.889816014061964]]]}}, {"type": "Feature", "properties": {"SMD_ID": "6B03", "ANC_ID": "6B", "NAME": "SMD 6B03"}, "geometry": {"type": "Polygon", "coordinates": [[[-77.00057500318452, 38.88561482750918], [-77.00057959881838, 38.879568469554755], [-76.99497539491594, 38.878003632008486], [-76.99496185961954, 38.88461145663599], [-76.99607333955787, 38.88464403755767], [-76.99617689602378, 38.88468278605413], [-76.99617749394476, 38.88427873298087], [-76.9995154389264, 38.88427609195165], [-76.99951762024668, 38.88554681465344], [-77.0004467543952, 38.88554743635716], [-77.00057500318452, 38.88561482750918]]]}}, {"type": "Feature", "properties": {"SMD_ID": "8D07", "ANC_ID": "8D", "NAME": "SMD 8D07"}, "geometry": {"type": "Polygon", "coordinates": [[[-77.01258678389163, 38.82866341780477], [-77.01483801496323, 38.82842659086778], [-77.01676992123677, 38.82838348494134], [-77.0166523166069, 38.828792360141996], [-77.01641115935773, 38.82930398520488], [-77.0156686770908, 38.830374743550365], [-77.01636105971056, 38.83030195020675], [-77.01669999962799, 38.82999067769456], [-77.01680901827862, 38.82979392613523], [-77.01720641063282, 38.83009340874441], [-77.021004284155, 38.82931036555063], [-77.02121580740395, 38.82995073922508], [-77.02121978517877, 38.83015946467463], [-77.02064065387916, 38.83114509470468], [-77.02044124133936, 38.83176833539007], [-77.02047306194666, 38.831884088576075], [-77.02056534129515, 38.831976409106524], [-77.02126625170112, 38.83227185117906], [-77.02148775686099, 38.83274835830642], [-77.02072920169003, 38.83306469254826], [-77.0209435246768, 38.83340409313539], [-77.0210584561968, 38.83375197924174], [-77.02108621973095, 38.83416348073175], [-77.02101146187128, 38.83452473348316], [-77.02087448962634, 38.83482392902225], [-77.02067588930984, 38.83509854222643], [-77.0187049405887, 38.8371550552903], [-77.018168599694, 38.83782221618305], [-77.01784013394993, 38.83841141981563], [-77.01728875356056, 38.839831144999096], [-77.02192354477289, 38.84090831776451], [-77.0331626361314, 38.84436923399079], [-77.03351496734902, 38.843544770372205], [-77.03391110050526, 38.84280046805431], [-77.03394765329695, 38.8426374945896], [-77.03401460084864, 38.8417178024774], [-77.0340507315867, 38.84163761673443], [-77.03413848471448, 38.84159597206027], [-77.034173341211, 38.841260577239986], [-77.03428075423271, 38.841142805286786], [-77.03419484514633, 38.84094482472782], [-77.0342360545976, 38.8408877891498], [-77.0344059543282, 38.84088701851495], [-77.03454483026766, 38.84080644193797], [-77.03455295123656, 38.84021215195147], [-77.03459528943752, 38.8401089025436], [-77.03467047276051, 38.84004167717784], [-77.03500803827257, 38.839955725861955], [-77.03550358273725, 38.83976144401434], [-77.03570008473073, 38.83975525832797], [-77.0361761634173, 38.83956818633285], [-77.03661836173316, 38.839578858581284], [-77.03664148628364, 38.83952525102549], [-77.03680625704715, 38.83941277368037], [-77.03740174253122, 38.83938132504275], [-77.03745966314509, 38.83934896611858], [-77.03811295125601, 38.8392820920622], [-77.03819750828906, 38.8393045855551], [-77.03893753860162, 38.83925578545545], [-77.03949297729037, 38.83929559637216], [-77.04005276508575, 38.839284595472655], [-77.04036436092386, 38.83932583693349], [-77.04071817931988, 38.839480749528256], [-77.04084661719874, 38.839493766908745], [-77.04093448396296, 38.839581460448215], [-77.04105473665024, 38.839621812118246], [-77.04121477926437, 38.8395512015055], [-77.04178896003565, 38.83952856629192], [-77.04273886961792, 38.83969505888986], [-77.04302331959023, 38.83979332669851], [-77.04325378725443, 38.840145472039566], [-77.04325247723673, 38.84026465435652], [-77.04336329338123, 38.84046694308534], [-77.04336139037528, 38.84055774899288], [-77.04347469133481, 38.84048870210107], [-77.04363930555141, 38.84032252480509], [-77.04386200206287, 38.84020461076771], [-77.04401417934143, 38.84023274993929], [-77.04432572231809, 38.84017849124056], [-77.04468478277511, 38.84022267591889], [-77.04477903857254, 38.840277050851405], [-77.04507285855932, 38.84061295304105], [-77.045577941676, 38.8409615641714], [-77.04557069935306, 38.84098417821338], [-77.04606196394488, 38.8411525335102], [-77.0460677416598, 38.84118099793708], [-77.04608327689672, 38.84115774999938], [-77.04658545681288, 38.84128033584583], [-77.04701397781449, 38.84131799952568], [-77.04765683247525, 38.841310261807], [-77.04765509029589, 38.841288732319214], [-77.04790088482832, 38.841266561001184], [-77.0474783119938, 38.840647042241905], [-77.04682335007355, 38.84062631712853], [-77.04639120577595, 38.84050127219701], [-77.0460973963184, 38.84036896434943], [-77.04589012957297, 38.84011554815755], [-77.04584825241982, 38.84001448976979], [-77.04602296640586, 38.83998063931014], [-77.04631619866883, 38.84011366825793], [-77.04638001164173, 38.84011418342567], [-77.04650417733463, 38.839931172334374], [-77.04642094061298, 38.839641493599714], [-77.0461930916309, 38.839263769431504], [-77.0460288511804, 38.83910339374239], [-77.04589926659779, 38.83891958221248], [-77.0456453121533, 38.838778249061356], [-77.04542001729526, 38.83860240182189], [-77.0453683560939, 38.83850909431676], [-77.0453827672352, 38.838348828290066], [-77.0454620048573, 38.838155566076345], [-77.04546467520255, 38.83800791644154], [-77.04536687810706, 38.8376332927932], [-77.04538735473697, 38.8372306068051], [-77.04533580225763, 38.83712549814392], [-77.04522034314921, 38.8365036890887], [-77.0451458353966, 38.83634264669613], [-77.04514264775295, 38.836219592384246], [-77.04505445558195, 38.83609242702392], [-77.04521296111041, 38.83594138395559], [-77.04559370817728, 38.835889437197665], [-77.04559483223233, 38.83584601598499], [-77.0451814917812, 38.835900948160614], [-77.0450542438248, 38.83575686200285], [-77.04499533549995, 38.8353084436046], [-77.04491414672947, 38.83514343988713], [-77.04489248340884, 38.83494436124716], [-77.04479663648812, 38.834729366118516], [-77.04476704944979, 38.83456695492005], [-77.04446322836955, 38.83384972726778], [-77.04430470274166, 38.83359223561844], [-77.04424132432656, 38.83354010066306], [-77.0442806562267, 38.83344684815893], [-77.04440030089197, 38.83341203003689], [-77.04445082999317, 38.833359851803394], [-77.04449251371267, 38.833159938127416], [-77.04445930152359, 38.83309238731079], [-77.04441301724482, 38.83311753854557], [-77.04440263792898, 38.833280775844734], [-77.04436594275118, 38.83335384843363], [-77.04414062131839, 38.83347482744012], [-77.04405919526076, 38.83347864176246], [-77.04400097726983, 38.833389660115074], [-77.04383015998664, 38.83336747348817], [-77.04381584049759, 38.83330577089496], [-77.04389972648217, 38.833182053175435], [-77.04389854776802, 38.83313818240377], [-77.04383429674897, 38.83297677489322], [-77.04371088518825, 38.8328779983371], [-77.04344888438537, 38.831773838627925], [-77.04339546589505, 38.83161927324186], [-77.04326809063691, 38.83143662885821], [-77.04301252490443, 38.83124430250368], [-77.04269411531051, 38.831115418191715], [-77.04248974522442, 38.831212874293485], [-77.04211285612085, 38.83132354477648], [-77.04193835616266, 38.83149278659563], [-77.04193970448279, 38.83163142639108], [-77.0420678066796, 38.83188019408762], [-77.04212390759228, 38.832096016664586], [-77.04224579828102, 38.832355506462115], [-77.04238210388628, 38.83283831070057], [-77.0425416611759, 38.833102020452365], [-77.04258025702356, 38.83331622762527], [-77.04251689963866, 38.83349029422174], [-77.04234054122016, 38.83364043931952], [-77.04214616641603, 38.833708703733855], [-77.0419062590388, 38.83371212325445], [-77.0417086905411, 38.83363769404532], [-77.0407464179302, 38.833055006269745], [-77.040557565903, 38.83291057630274], [-77.04040723608279, 38.83286072156147], [-77.03975918294955, 38.83249826339462], [-77.03915153053107, 38.832078584315916], [-77.0389683918803, 38.83184064197728], [-77.03850283771526, 38.83135920395927], [-77.03835041882, 38.831056389532634], [-77.03817188143431, 38.83079817534644], [-77.03801666278402, 38.8306397670914], [-77.03794183389854, 38.83048250361854], [-77.03784202379947, 38.830127242093205], [-77.03780171743554, 38.829479996761954], [-77.03785854294141, 38.82913540443001], [-77.03816819223046, 38.82799032711391], [-77.03820407314053, 38.82768015373821], [-77.0382979420209, 38.82748265729159], [-77.03840104007202, 38.82710174525126], [-77.03838255539232, 38.826993109166345], [-77.0384462643281, 38.826822287571346], [-77.03847164421708, 38.826476173710695], [-77.03869944468927, 38.825640112103414], [-77.03868188273346, 38.82532166838043], [-77.03870419935876, 38.82506365828204], [-77.03881220207576, 38.82464863801959], [-77.03903098367606, 38.82429052320271], [-77.04011959889495, 38.82363225600362], [-77.04105330672942, 38.82335401073914], [-77.04072007588705, 38.82210638127352], [-77.03990590739564, 38.82183401193132], [-77.0395775170499, 38.82147969417197], [-77.03996750029904, 38.82065423133966], [-77.03974403733713, 38.820021182615456], [-77.0390269172749, 38.819484077740974], [-77.02663840078282, 38.81993346546545], [-77.02657239843941, 38.81997298270437], [-77.02596137611661, 38.820039963182964], [-77.02522725184755, 38.82016574747817], [-77.020042179099, 38.82071942357819], [-77.0182855261272, 38.82080105866725], [-77.0178624958455, 38.82089248819575], [-77.0177538918086, 38.820884198953316], [-77.01759618904411, 38.82079466053875], [-77.01755671170042, 38.82134643584008], [-77.0173815021012, 38.822239976995185], [-77.01737187933003, 38.82358301618215], [-77.01683228790928, 38.82385777269661], [-77.01652928481394, 38.82377277600552], [-77.01582827782485, 38.82371976824142], [-77.01270128420683, 38.823039767368584], [-77.01207895855195, 38.82187161412692], [-77.01155970294523, 38.82282756527113], [-77.01223698123967, 38.82439190807924], [-77.01209787237848, 38.82441723639901], [-77.01012322075181, 38.82438751629936], [-77.00843267912416, 38.82443422454598], [-77.00816759049789, 38.824518202385896], [-77.0079577864539, 38.82467658586096], [-77.00782595163933, 38.82489360891533], [-77.00780168253026, 38.82516629703577], [-77.01253090473433, 38.82525002410856], [-77.01258835655773, 38.825825749428], [-77.01258678389163, 38.82866341780477]]]}}, {"type": "Feature", "properties": {"SMD_ID": "8E02", "ANC_ID": "8E", "NAME": "SMD 8E02"}, "geometry": {"type": "Polygon", "coordinates": [[[-76.96701676869901, 38.84839578995388], [-76.96653290744044, 38.848232302195825], [-76.96543302755, 38.84908985547042], [-76.96633371798114, 38.84901396132943], [-76.96710364107486, 38.84901842378875], [-76.96794451112457, 38.84908442831348], [-76.96884793422609, 38.8492342489987], [-76.96950716309246, 38.84940308804534], [-76.97008091981277, 38.84959100838958], [-76.9709445785274, 38.84995852758009], [-76.97188871798399, 38.85049285098045], [-76.97282879620167, 38.85120139791605], [-76.97353818913503, 38.851121692059564], [-76.9742087200931, 38.85098500396159], [-76.97420805590531, 38.84931583039892], [-76.97445092121053, 38.84925021227956], [-76.97485867495121, 38.84907715859948], [-76.97530296896186, 38.84883465615734], [-76.9756032482709, 38.848630227710395], [-76.97698709205652, 38.84733032042756], [-76.97709323617256, 38.84718143175825], [-76.97715353392206, 38.847025507441245], [-76.9771738567025, 38.8468747100923], [-76.97713625307486, 38.846670121003385], [-76.97659180112237, 38.8453758600885], [-76.97626424450081, 38.843826251194336], [-76.97505689126729, 38.84392293035991], [-76.97386189581177, 38.84392248874851], [-76.97384465251426, 38.84445470390188], [-76.97392130161872, 38.84464344799136], [-76.97413036899566, 38.84498104096086], [-76.97426821974753, 38.845718502712], [-76.97419829588034, 38.846039818474694], [-76.97397607918651, 38.846372000546346], [-76.97387520332173, 38.846590432760834], [-76.97383145295329, 38.84683923615072], [-76.97386826565256, 38.846975992552984], [-76.97215559037328, 38.84769861417666], [-76.97134415349244, 38.84795002358753], [-76.96879649032613, 38.84835438994999], [-76.9680942250753, 38.84838762145266], [-76.96728473672158, 38.84836082251963], [-76.96701676869901, 38.84839578995388]]]}}, {"type": "Feature", "properties": {"SMD_ID": "6B07", "ANC_ID": "6B", "NAME": "SMD 6B07"}, "geometry": {"type": "Polygon", "coordinates": [[[-76.98365508325705, 38.88284288635109], [-76.98365652054395, 38.88612874007278], [-76.98551215335893, 38.886127201291025], [-76.98551162088629, 38.886706106881874], [-76.98819350463171, 38.88599096300291], [-76.98831342642181, 38.88602472947107], [-76.98842875914903, 38.88592774769503], [-76.99024461882024, 38.88544497402081], [-76.99024395962897, 38.88225740160733], [-76.98595644285584, 38.88051214780835], [-76.9858094736158, 38.880579377687035], [-76.98550917559048, 38.88058490800495], [-76.98551079071525, 38.8828475453826], [-76.98365508325705, 38.88284288635109]]]}}, {"type": "Feature", "properties": {"SMD_ID": "6B08", "ANC_ID": "6B", "NAME": "SMD 6B08"}, "geometry": {"type": "Polygon", "coordinates": [[[-76.99153599956934, 38.87648559974246], [-76.99149642704928, 38.87424182982593], [-76.99145243025917, 38.87384043027006], [-76.991362694246, 38.8734501166399], [-76.99114457096343, 38.87288301235254], [-76.99091827176098, 38.872477742941875], [-76.9901258356597, 38.87143450539773], [-76.98874395153979, 38.872234299712694], [-76.98729478831822, 38.87320021224206], [-76.98647581443133, 38.87366450342118], [-76.98436970286937, 38.874699215770356], [-76.98233477045179, 38.875559164834506], [-76.97797560003778, 38.87685714691143], [-76.97930080049537, 38.87752162341099], [-76.97971802402967, 38.87788747351006], [-76.97985799894344, 38.87806199035115], [-76.97992363570042, 38.87825306971175], [-76.97997215907303, 38.87864782589538], [-76.98005002092034, 38.87881035065189], [-76.98025073140865, 38.87899478658523], [-76.9805806552892, 38.879109428671946], [-76.98088410312012, 38.87911200107887], [-76.98123425692197, 38.87899887640232], [-76.98175800929319, 38.87829237696014], [-76.9819979253222, 38.87840330752327], [-76.98831496171022, 38.87840834424081], [-76.98831121126156, 38.88146417066241], [-76.99024395962897, 38.88225740160733], [-76.99024991425735, 38.881274091369676], [-76.99153485534993, 38.881274822135104], [-76.99153599956934, 38.87648559974246]]]}}, {"type": "Feature", "properties": {"SMD_ID": "7B05", "ANC_ID": "7B", "NAME": "SMD 7B05"}, "geometry": {"type": "Polygon", "coordinates": [[[-76.96229475792624, 38.85192188455873], [-76.96177462268585, 38.851942038450005], [-76.95803612974137, 38.854856307030346], [-76.95837892450066, 38.85514971722361], [-76.95860654037384, 38.855414195581275], [-76.95881357829452, 38.855803793317556], [-76.95891024501528, 38.85619533372501], [-76.95891331081812, 38.861277438016685], [-76.95900176978283, 38.86193066972545], [-76.96198979266237, 38.86169484924422], [-76.96231855357179, 38.86162288843323], [-76.96421576037228, 38.860943980036055], [-76.96701096535969, 38.859882755217406], [-76.96770333238071, 38.85944092344162], [-76.96819701615775, 38.85891400306219], [-76.96806166824611, 38.85830526682313], [-76.96777597933317, 38.85769883116122], [-76.96654818701971, 38.85589373738287], [-76.96550927040323, 38.85459036564776], [-76.96513964447844, 38.854193614624734], [-76.96301822740759, 38.85217056860949], [-76.96283079673277, 38.85204572424512], [-76.96259599837703, 38.85195783503027], [-76.96229475792624, 38.85192188455873]]]}}, {"type": "Feature", "properties": {"SMD_ID": "6B09", "ANC_ID": "6B", "NAME": "SMD 6B09"}, "geometry": {"type": "Polygon", "coordinates": [[[-76.98831496171022, 38.87840834424081], [-76.9819979253222, 38.87840330752327], [-76.98175800929319, 38.87829237696014], [-76.98123425692197, 38.87899887640232], [-76.98088410312012, 38.87911200107887], [-76.9805806552892, 38.879109428671946], [-76.98025073140865, 38.87899478658523], [-76.98005002092034, 38.87881035065189], [-76.97997215907303, 38.87864782589538], [-76.97992363570042, 38.87825306971175], [-76.97985799894344, 38.87806199035115], [-76.97971802402967, 38.87788747351006], [-76.97930080049537, 38.87752162341099], [-76.97797560003778, 38.87685714691143], [-76.97437119897131, 38.877917384502844], [-76.97342022117964, 38.87838167184265], [-76.97275445505329, 38.87888318691887], [-76.971993406788, 38.879904919053686], [-76.97097063935222, 38.88142825857427], [-76.97646959447864, 38.88143914379508], [-76.97646916138085, 38.882752557821334], [-76.97726320421665, 38.88275321955426], [-76.97726325176423, 38.88282102569951], [-76.97769102258441, 38.88284234996194], [-76.97900173949986, 38.8828434757648], [-76.97900077697545, 38.88298106970549], [-76.98365836673672, 38.88108688152542], [-76.98365508325705, 38.88284288635109], [-76.98551079071525, 38.8828475453826], [-76.98550917559048, 38.88058490800495], [-76.9858094736158, 38.880579377687035], [-76.98595644285584, 38.88051214780835], [-76.98831121126156, 38.88146417066241], [-76.98831496171022, 38.87840834424081]]]}}, {"type": "Feature", "properties": {"SMD_ID": "7B04", "ANC_ID": "7B", "NAME": "SMD 7B04"}, "geometry": {"type": "Polygon", "coordinates": [[[-76.95373800092689, 38.87460894257058], [-76.95292520293411, 38.874614383151226], [-76.96081907857236, 38.877831251673946], [-76.96088724534299, 38.877854696352244], [-76.96099451243401, 38.8777356142017], [-76.96116674349676, 38.87763720982186], [-76.96145661722358, 38.87758082319781], [-76.96176406587657, 38.87763119110824], [-76.96202050436636, 38.877816667576475], [-76.96777684484769, 38.874948952514], [-76.96777307871082, 38.87231543510498], [-76.95856722678285, 38.868561160668946], [-76.9584454526844, 38.86863652680451], [-76.95815971961261, 38.869039091705616], [-76.95778285112644, 38.869724946443505], [-76.95758001448972, 38.86996332551703], [-76.95737400321784, 38.87011251982914], [-76.95717770408231, 38.870206135458176], [-76.95684831073174, 38.87029717929762], [-76.95656366295596, 38.87032977429104], [-76.95665626101253, 38.87079175983865], [-76.95704253484206, 38.87154617645699], [-76.95711378431525, 38.87187374827987], [-76.95711822197158, 38.872159676695624], [-76.95719814066845, 38.87225267275397], [-76.95798416564162, 38.87265698513987], [-76.96083505191139, 38.87430309055812], [-76.96100225646877, 38.87432017239001], [-76.96116757809983, 38.8756587406807], [-76.95886180369922, 38.87567817510876], [-76.95884247001877, 38.87463211283715], [-76.95877841082391, 38.87460650638466], [-76.95754441012829, 38.87460768582206], [-76.95754871538294, 38.874344461893656], [-76.95751420415927, 38.874242113899065], [-76.95718212520073, 38.87397714559741], [-76.95706322174314, 38.87393701455226], [-76.95379744117173, 38.87393414670356], [-76.95373390799227, 38.87398970339504], [-76.95373800092689, 38.87460894257058]]]}}, {"type": "Feature", "properties": {"SMD_ID": "7B08", "ANC_ID": "7B", "NAME": "SMD 7B08"}, "geometry": {"type": "Polygon", "coordinates": [[[-76.93493594045324, 38.87285559370948], [-76.9398962513864, 38.875481588980136], [-76.94143269799541, 38.87642140522653], [-76.94263607097939, 38.8768560271585], [-76.94289583971715, 38.876990739935366], [-76.9431212415178, 38.87715669454038], [-76.94397227567417, 38.87795515984248], [-76.94464905479258, 38.87877894004602], [-76.9451943140619, 38.87965003871521], [-76.94577412167372, 38.88087725250248], [-76.94616826955641, 38.88073879567303], [-76.94712508843708, 38.880263679700654], [-76.94774460242222, 38.87988776801225], [-76.94829061226288, 38.87946885045558], [-76.94860283041368, 38.879136128091375], [-76.9489104042131, 38.878686473871156], [-76.94912327629153, 38.8781876818332], [-76.94920554448592, 38.87772720840819], [-76.9491808731761, 38.87725389648097], [-76.94905480170118, 38.87676009125746], [-76.9488669301649, 38.87630985946606], [-76.94829332734439, 38.875244723955134], [-76.94814758116213, 38.87487945875458], [-76.94808877745511, 38.87460467638183], [-76.94809036197309, 38.87432748855499], [-76.94814505137407, 38.87407888094305], [-76.94824652227231, 38.873837771010265], [-76.94859926802158, 38.8732019335113], [-76.94868200820711, 38.87288307238966], [-76.94352353736342, 38.870780742070735], [-76.94526431839873, 38.87042213547851], [-76.94623102891526, 38.87010179515354], [-76.94675736761761, 38.869858178679436], [-76.94728974287149, 38.8695495218321], [-76.94784856391144, 38.86915574488092], [-76.9481152871415, 38.86889263793966], [-76.94649596340268, 38.867779818830485], [-76.94683974242314, 38.86740576637516], [-76.94680103216317, 38.867242065880696], [-76.94679279906767, 38.865765943358106], [-76.94684183713997, 38.86521221836876], [-76.94699672904919, 38.864863572973924], [-76.94753726964959, 38.86405378018831], [-76.94667412988734, 38.86371109633016], [-76.93493594045324, 38.87285559370948]]]}}, {"type": "Feature", "properties": {"SMD_ID": "7B01", "ANC_ID": "7B", "NAME": "SMD 7B01"}, "geometry": {"type": "Polygon", "coordinates": [[[-76.96903769631854, 38.8836211696682], [-76.96932920572857, 38.88336771453177], [-76.97007073336192, 38.88257210590718], [-76.97097063935222, 38.88142825857427], [-76.971993406788, 38.879904919053686], [-76.97275445505329, 38.87888318691887], [-76.97342022117964, 38.87838167184265], [-76.97437119897131, 38.877917384502844], [-76.9779755885134, 38.876857146909245], [-76.97692452973274, 38.875839886840986], [-76.97652948262323, 38.875121928779684], [-76.97636105992639, 38.87493848378777], [-76.97608571439675, 38.874763808901335], [-76.97509670942492, 38.87425004228042], [-76.97485861600717, 38.874073183374705], [-76.97228877262259, 38.87285971057184], [-76.97223017993537, 38.872726102029105], [-76.97203965943258, 38.87277902598504], [-76.97065029605058, 38.87347138624799], [-76.96777307871082, 38.87231543510498], [-76.96777684484769, 38.874948952514], [-76.96202050436636, 38.877816667576475], [-76.96176406587657, 38.87763119110824], [-76.96145661722358, 38.87758082319781], [-76.9611355045223, 38.87765071202557], [-76.96096983880875, 38.87775569468266], [-76.96088724534299, 38.877854696352244], [-76.94868200820711, 38.87288307238966], [-76.94859926802158, 38.8732019335113], [-76.94816468164, 38.8740245689894], [-76.9481026382563, 38.87424389603735], [-76.94808149398735, 38.874478285264956], [-76.94811551606536, 38.874759452605495], [-76.94820957451839, 38.875047222694455], [-76.94845811352442, 38.87557747702962], [-76.94888833490282, 38.87635256864743], [-76.9490803341463, 38.876832710083285], [-76.9491808731761, 38.87725389648097], [-76.94920847385177, 38.87765946653679], [-76.94915297203967, 38.878079143589794], [-76.94901358242412, 38.878480857287364], [-76.94876248486337, 38.878926032386914], [-76.95889279959324, 38.881687686308645], [-76.95749789084961, 38.88363813381344], [-76.96903769631854, 38.8836211696682]]]}}, {"type": "Feature", "properties": {"SMD_ID": "7B02", "ANC_ID": "7B", "NAME": "SMD 7B02"}, "geometry": {"type": "Polygon", "coordinates": [[[-76.96477394090208, 38.87109438045401], [-76.96479207965719, 38.86628101222069], [-76.97021460364385, 38.86628378239663], [-76.97036342667894, 38.865795834476046], [-76.97066773942491, 38.86523747968039], [-76.97076820539198, 38.8649828369702], [-76.97082352428966, 38.86467476298453], [-76.97081638570718, 38.8644080219959], [-76.97075748426491, 38.8641517178073], [-76.97065123393065, 38.8639049506093], [-76.96945057909059, 38.86207737503718], [-76.96918509100102, 38.86158895880844], [-76.96877173742517, 38.86067206194149], [-76.96848783174872, 38.86042794750669], [-76.96814896195193, 38.86022588672591], [-76.96821269269174, 38.85913065994378], [-76.96819701615775, 38.85891400306219], [-76.96770333238071, 38.85944092344162], [-76.96701096535969, 38.859882755217406], [-76.96421576037228, 38.860943980036055], [-76.96221184315348, 38.86165447350573], [-76.96198979266237, 38.86169484924422], [-76.95902516093054, 38.86192824566246], [-76.95864593844792, 38.861983333591255], [-76.95744079306132, 38.862266395548346], [-76.95695505147687, 38.86250286868959], [-76.95667612376972, 38.86259736294929], [-76.95652339412638, 38.86260307157123], [-76.95567584218202, 38.86281552278477], [-76.95534765719616, 38.86286827716901], [-76.95487281444997, 38.862888723902586], [-76.95445930369195, 38.86285568263013], [-76.95406045740046, 38.862774630786994], [-76.95359287164663, 38.86262130275415], [-76.95358887681456, 38.86433497262749], [-76.95362230126237, 38.864497858089194], [-76.95373783785881, 38.86472761854881], [-76.95149018070865, 38.865521158661394], [-76.95132581279586, 38.86560216600286], [-76.96477394090208, 38.87109438045401]]]}}, {"type": "Feature", "properties": {"SMD_ID": "5A04", "ANC_ID": "5A", "NAME": "SMD 5A04"}, "geometry": {"type": "Polygon", "coordinates": [[[-77.0000452913759, 38.94627779548091], [-77.00049528281221, 38.94737779571442], [-77.00485472987303, 38.94569338131708], [-77.00441451048941, 38.945346579843275], [-77.00408596084024, 38.94503607622491], [-77.00380932244235, 38.94470620217001], [-77.00366869363113, 38.94447343256993], [-77.00318269825927, 38.94426031077359], [-77.00266244304046, 38.94397070738049], [-77.0022002133479, 38.94364704925145], [-77.00179635520726, 38.94329321062688], [-77.00150277810238, 38.94299152720535], [-76.99991600545403, 38.94108520252462], [-76.99967227584902, 38.94074883247725], [-77.00298530819585, 38.940750632448385], [-77.0021341227883, 38.93616277989016], [-77.00239675251662, 38.93615043342404], [-77.00255811487607, 38.936182049134494], [-77.00324867603821, 38.93657380292654], [-77.00362861610986, 38.93670197984196], [-77.00417130375942, 38.9368190696139], [-77.00451109981336, 38.93681968756846], [-77.00636169970315, 38.93659951069605], [-77.0061760954061, 38.93583144596405], [-77.00610108775348, 38.93526766537276], [-77.00607231708999, 38.934666011374695], [-77.00610531767904, 38.93402062778283], [-77.00619962969537, 38.933368953068715], [-77.00635700682115, 38.9327367597498], [-77.00663024474343, 38.93197189428561], [-77.00695433267792, 38.93126664204258], [-77.00490515403808, 38.931479954686566], [-77.00454380442943, 38.931475852502956], [-77.00423519387392, 38.93142641749515], [-77.00397934672284, 38.93134608138888], [-77.00374152470421, 38.93122928752071], [-77.00288469465202, 38.9306035226079], [-77.00244986674602, 38.93044804911257], [-77.00112919762805, 38.931159041160065], [-77.00070535315706, 38.93134434540054], [-76.99532563576774, 38.93351516594302], [-76.99483740064159, 38.93375341505968], [-76.99762669750488, 38.94073989067054], [-77.0000452913759, 38.94627779548091]]]}}, {"type": "Feature", "properties": {"SMD_ID": "8D06", "ANC_ID": "8D", "NAME": "SMD 8D06"}, "geometry": {"type": "Polygon", "coordinates": [[[-77.00588631000194, 38.82920571749226], [-77.00780534880408, 38.82920686607608], [-77.00825829768189, 38.82915909001706], [-77.00872459693994, 38.82904221625368], [-77.00943525920344, 38.828771906907356], [-77.00996535918787, 38.82867502180239], [-77.01258678389163, 38.82866341780477], [-77.01258835655773, 38.825825749428], [-77.01253090473433, 38.82525002410856], [-77.00674922351428, 38.8251522193648], [-77.0060911115991, 38.824199699535264], [-77.00600381215689, 38.82409889922777], [-77.0059133002846, 38.824140342835136], [-77.00574518288231, 38.82433232183106], [-77.00554160812385, 38.82468996810838], [-77.00546147667701, 38.82495364991695], [-77.00543086701495, 38.82525741707065], [-77.00589322731287, 38.82789858835185], [-77.00588631000194, 38.82920571749226]]]}}, {"type": "Feature", "properties": {"SMD_ID": "4E02", "ANC_ID": "4E", "NAME": "SMD 4E02"}, "geometry": {"type": "Polygon", "coordinates": [[[-77.03640470404018, 38.952944377391646], [-77.03639858372777, 38.95736092583176], [-77.03626014125719, 38.95728438959905], [-77.033426900608, 38.957288927383175], [-77.03342816296434, 38.96022638592588], [-77.02967093658658, 38.960224021706836], [-77.02949732637593, 38.96031036475364], [-77.02859054908869, 38.9611488984736], [-77.02851391010176, 38.96125670999095], [-77.02852190722099, 38.961346232095096], [-77.03479810359988, 38.962248772306516], [-77.03840778970817, 38.96303659421458], [-77.03920145316903, 38.96311165782971], [-77.04011018141834, 38.96302630269729], [-77.04089433213254, 38.96278791588065], [-77.04149170195782, 38.962481550873726], [-77.04344336381047, 38.961371484270906], [-77.04265437033652, 38.960668977528634], [-77.0418054567339, 38.960149777864835], [-77.04162195386559, 38.96008416411617], [-77.04102554196426, 38.9600544674926], [-77.04075795187724, 38.959988899878944], [-77.04066619495737, 38.95993523359485], [-77.04056676949864, 38.95982780860543], [-77.04051310748373, 38.959565056268836], [-77.04052825999085, 38.95946947337568], [-77.04065820943111, 38.95932619691543], [-77.04108617610837, 38.95893788133851], [-77.0411472467484, 38.95880048387392], [-77.04115477768788, 38.95867508622033], [-77.04133046311345, 38.95841828877787], [-77.04146044136614, 38.95831077418705], [-77.0418119810136, 38.95811354820824], [-77.04211754730521, 38.957808959236246], [-77.04217869243062, 38.95758796448723], [-77.04217080589254, 38.95734312271658], [-77.04211711330024, 38.95707451562516], [-77.04217043492739, 38.95671614762205], [-77.04231549731838, 38.95619658851939], [-77.04233064588655, 38.95604137060553], [-77.04212389398919, 38.9554681591688], [-77.04209323329864, 38.955300976764], [-77.04210818974254, 38.954859115821925], [-77.04214642217056, 38.95473965240202], [-77.04229155669667, 38.95454258914701], [-77.0425895910824, 38.954405104846686], [-77.04273478095323, 38.954303528666564], [-77.04340701778276, 38.953527038349506], [-77.04407177429121, 38.952953503237566], [-77.03640470404018, 38.952944377391646]]]}}, {"type": "Feature", "properties": {"SMD_ID": "5A06", "ANC_ID": "5A", "NAME": "SMD 5A06"}, "geometry": {"type": "Polygon", "coordinates": [[[-77.00623518939864, 38.948286259550095], [-77.00869442134622, 38.94817665188061], [-77.00859568265572, 38.94701077149723], [-77.00863142803026, 38.946596225750405], [-77.00879671883236, 38.94618446284837], [-77.00920671432563, 38.94569870463364], [-77.00751165192791, 38.946351268797194], [-77.00754161230698, 38.94615394043382], [-77.00750379005487, 38.94410241412376], [-77.0075334567409, 38.94375444912095], [-77.0076039727342, 38.94343837978316], [-77.00803627513663, 38.94238857895601], [-77.00736349775622, 38.94220775484515], [-77.00698176264319, 38.94202176609639], [-77.00722161502577, 38.9423020534674], [-77.00720055143411, 38.94286682044553], [-77.0015617200504, 38.94287054511716], [-77.0014362186551, 38.94290982286687], [-77.00189948245638, 38.94339058858576], [-77.00240612276308, 38.94379937532616], [-77.00297655699873, 38.944152306855344], [-77.00366869363113, 38.94447343256993], [-77.00392272359596, 38.94485024089959], [-77.00430111015172, 38.9452456012045], [-77.00573852785736, 38.94639959065286], [-77.00589104681592, 38.946605512397355], [-77.00601750567694, 38.946928092527266], [-77.00623518939864, 38.948286259550095]]]}}, {"type": "Feature", "properties": {"SMD_ID": "4E03", "ANC_ID": "4E", "NAME": "SMD 4E03"}, "geometry": {"type": "Polygon", "coordinates": [[[-77.03342938806084, 38.95080972870726], [-77.02728647896855, 38.95080988264043], [-77.028031322407, 38.956223947187745], [-77.03342873007352, 38.95622054664241], [-77.033426900608, 38.957288927383175], [-77.03626014125719, 38.95728438959905], [-77.03639858372777, 38.95736092583176], [-77.03642167851409, 38.949746029267914], [-77.0332564221687, 38.949745540279075], [-77.0333809582642, 38.94987378264995], [-77.03343212727306, 38.95000889218074], [-77.03342938806084, 38.95080972870726]]]}}, {"type": "Feature", "properties": {"SMD_ID": "5D05", "ANC_ID": "5D", "NAME": "SMD 5D05"}, "geometry": {"type": "Polygon", "coordinates": [[[-76.9813719164418, 38.904843597274954], [-76.97960348195518, 38.907601325548114], [-76.98031913804888, 38.908013102748406], [-76.98319377551091, 38.90952542229894], [-76.98375775490965, 38.90976800669108], [-76.98313536932497, 38.910339885316134], [-76.98509423287368, 38.91107220558402], [-76.98577555358702, 38.91048209090395], [-76.98756016183226, 38.911074773212235], [-76.98763028255846, 38.91096857229828], [-76.98783508443769, 38.9107947327837], [-76.98786623058257, 38.91070474267649], [-76.98776790048433, 38.9092423178369], [-76.9877198358707, 38.90915988643535], [-76.98747047821178, 38.9089934758218], [-76.98828631949897, 38.908271000988165], [-76.98678356468447, 38.907624942176284], [-76.98628731681656, 38.908335553524985], [-76.98350920059936, 38.90715483067136], [-76.98439527786373, 38.90588774778855], [-76.9822779429088, 38.90498823217985], [-76.98217506444549, 38.90514739411523], [-76.9813719164418, 38.904843597274954]]]}}, {"type": "Feature", "properties": {"SMD_ID": "6/8F04", "ANC_ID": "6/8F", "NAME": "SMD 6/8F04"}, "geometry": {"type": "Polygon", "coordinates": [[[-77.00906058374113, 38.87929338141434], [-77.00910016961494, 38.87647704766527], [-77.00416107968576, 38.876489039093045], [-77.00486167520609, 38.87841324143344], [-77.0058844930307, 38.87841346461031], [-77.00587488454077, 38.879290882652064], [-77.00906058374113, 38.87929338141434]]]}}, {"type": "Feature", "properties": {"SMD_ID": "3/4G02", "ANC_ID": "3/4G", "NAME": "SMD 3/4G02"}, "geometry": {"type": "Polygon", "coordinates": [[[-77.04344336381047, 38.961371484270906], [-77.04364119490428, 38.96157619530186], [-77.0441461368282, 38.96198209793936], [-77.04472742983539, 38.962364007224025], [-77.04494928224234, 38.962501298039406], [-77.04530105699253, 38.96263844808232], [-77.04610415644389, 38.96306215271224], [-77.04641774133216, 38.963354616731415], [-77.04680799795135, 38.96392189102339], [-77.04739722232577, 38.9645426825646], [-77.04745849594315, 38.96470381533015], [-77.04745111541185, 38.96507406645133], [-77.04711522664732, 38.96595195714069], [-77.0469319472474, 38.96622074691139], [-77.0468479466584, 38.966417881072566], [-77.04678700195892, 38.96674031066914], [-77.04681776292507, 38.96717638760796], [-77.04674144322422, 38.96747495143387], [-77.04663463591473, 38.967719838209646], [-77.04646654309495, 38.96794682283687], [-77.0459850171119, 38.96829329013926], [-77.04590096143698, 38.96839484608334], [-77.04584751530898, 38.968562060069075], [-77.04525900476494, 38.96891460175764], [-77.0450985832241, 38.969057984893794], [-77.04502250351703, 38.96973273159787], [-77.044877402304, 38.97000150323273], [-77.0447858767572, 38.970359796082484], [-77.04466362151722, 38.97064648506401], [-77.04458730395798, 38.970765963456586], [-77.04439620409806, 38.97092728366502], [-77.04385281147111, 38.97115053272492], [-77.0439832976682, 38.97138579694706], [-77.04383729555255, 38.97153380308915], [-77.04373829771146, 38.97172479680366], [-77.04369029766869, 38.9717338049694], [-77.04364930378469, 38.97180179644579], [-77.04375030269328, 38.97189980436815], [-77.0439002954719, 38.97230880322767], [-77.04396330285998, 38.97232680504003], [-77.04402529595616, 38.972458797435465], [-77.04399230119598, 38.972548802141766], [-77.0440072975148, 38.972595801479955], [-77.04428330538546, 38.97275580067843], [-77.0442922986686, 38.97279880259428], [-77.04421730225339, 38.97289480472809], [-77.04427429931928, 38.972970803669185], [-77.0444013007219, 38.97305080270371], [-77.04454029994992, 38.973105799174924], [-77.04471830355489, 38.97310380347858], [-77.044844300872, 38.97314579666649], [-77.04503429987658, 38.973133796746566], [-77.04531230216304, 38.97304780483247], [-77.04538629654499, 38.97293880350269], [-77.04541230632927, 38.97279179700086], [-77.045495296803, 38.972747804547595], [-77.04590630285757, 38.97272779877773], [-77.04648830469463, 38.97277379912744], [-77.04666029747327, 38.97289880098463], [-77.04668430060568, 38.972986801875024], [-77.04679330194311, 38.97308380403899], [-77.04695730738419, 38.97308180152683], [-77.04715729744903, 38.973031797404275], [-77.04753730289876, 38.973176802264305], [-77.04763630168902, 38.973154799898914], [-77.04835230088281, 38.97320279919467], [-77.04838630533104, 38.97331580245838], [-77.0482962982173, 38.97340880465924], [-77.04862930046292, 38.9735637974811], [-77.04867130127182, 38.97379279637236], [-77.04851129753972, 38.97391179858242], [-77.04850429827306, 38.974004802501064], [-77.04860730837333, 38.97416080036807], [-77.04850829941115, 38.97440680230434], [-77.04842130237537, 38.97446479733537], [-77.04836930203777, 38.97456680106888], [-77.04844930068167, 38.97475579672353], [-77.04845530109668, 38.97487380209187], [-77.0485103036094, 38.97489280467691], [-77.04871330301728, 38.974866803606226], [-77.04888530725142, 38.974961804721715], [-77.04898729940165, 38.97497679678271], [-77.04950630030386, 38.97492379898609], [-77.04990930751907, 38.97500080121646], [-77.04996129842961, 38.97498679823867], [-77.0499943062877, 38.97485880416525], [-77.0502282997521, 38.974812797940444], [-77.05026229863367, 38.97483079979918], [-77.05025530514708, 38.97487979858508], [-77.05021030418723, 38.97493780391153], [-77.05028930200314, 38.975123798983795], [-77.05040530591329, 38.97520580503225], [-77.05064130810943, 38.9751758047483], [-77.05084230175994, 38.975233802621226], [-77.05086530658969, 38.975256799643255], [-77.05086829829172, 38.975470797908464], [-77.05092930475388, 38.97554080135199], [-77.05126130585339, 38.975613803137804], [-77.05138730714515, 38.97568180503014], [-77.05149730064609, 38.975763803619756], [-77.05161329863348, 38.97594579983131], [-77.05177530762182, 38.97609380552087], [-77.05186530871231, 38.97613679795952], [-77.05205329934094, 38.97636780257809], [-77.05211730210073, 38.97639779850489], [-77.0525252983594, 38.976401804796055], [-77.05264236191334, 38.97649030306457], [-77.05254880201925, 38.97709995006818], [-77.05294317143289, 38.97713319272887], [-77.05335465851648, 38.97721597151144], [-77.05371055461116, 38.97734417586332], [-77.05398522922476, 38.977504035533244], [-77.05994325220287, 38.97284270581946], [-77.06418985320825, 38.972846127121585], [-77.06162406083892, 38.96925168788531], [-77.06148518722586, 38.968920888174694], [-77.06118720291917, 38.967666646260746], [-77.060850875473, 38.967036154366795], [-77.06051554127744, 38.96675301898767], [-77.05882569983571, 38.96568856576435], [-77.05637669352943, 38.96393001022316], [-77.05623765477957, 38.96378459388715], [-77.05619147541995, 38.9636061625839], [-77.05620287874089, 38.96102060742891], [-77.05518375460764, 38.961048766241326], [-77.05426880382501, 38.961163716481614], [-77.0534981093438, 38.96133784996141], [-77.0528428233278, 38.96158459586313], [-77.0526855889401, 38.96161052952604], [-77.05194791322286, 38.961870882935735], [-77.05150985891096, 38.961941881637436], [-77.05104509926474, 38.96194145488504], [-77.05056423353646, 38.96186149034645], [-77.05016362061164, 38.961704694036456], [-77.04916290808026, 38.96095946058361], [-77.04846329462848, 38.960632104291385], [-77.04758344899827, 38.96043659009818], [-77.0466551095645, 38.9603749423627], [-77.04624870747945, 38.96039203034496], [-77.04559036273395, 38.96048219133145], [-77.04481559105268, 38.960689797926946], [-77.04437406852347, 38.96087930190165], [-77.04344336381047, 38.961371484270906]]]}}, {"type": "Feature", "properties": {"SMD_ID": "3/4G01", "ANC_ID": "3/4G", "NAME": "SMD 3/4G01"}, "geometry": {"type": "Polygon", "coordinates": [[[-77.04385281147111, 38.97115053272492], [-77.04346709214204, 38.97123751616746], [-77.04294411820375, 38.97124779862336], [-77.04258449410035, 38.971150911400976], [-77.04245352866614, 38.97101313295451], [-77.04196318607644, 38.97095717960259], [-77.04151205293859, 38.97105436837448], [-77.04107408309702, 38.971207663104], [-77.04093681624464, 38.9713047299755], [-77.04062325754518, 38.97164688215401], [-77.04009368195977, 38.97184622806793], [-77.04013979414043, 38.972356718087035], [-77.04010065902796, 38.972555903635026], [-77.03983942555298, 38.97322989907944], [-77.0398069070316, 38.973480149924825], [-77.03970892161472, 38.97366909493478], [-77.03948682603911, 38.97397049558568], [-77.03949353994156, 38.97419506859387], [-77.03959819327098, 38.97439420525025], [-77.03975521447204, 38.97452693333525], [-77.03998421239591, 38.97478206751208], [-77.04003005593972, 38.97487401687658], [-77.04000396843904, 38.97504761444382], [-77.03977526036776, 38.97529271637049], [-77.0397690841704, 38.976012656310786], [-77.03988035624143, 38.97625764228328], [-77.0401617314042, 38.97649248062692], [-77.0412801840228, 38.97698727354047], [-77.04145670590698, 38.977099543710345], [-77.04166617303702, 38.977303694815966], [-77.04201929388591, 38.977477148019986], [-77.04260811463709, 38.977865000412926], [-77.04288932205706, 38.97798740951128], [-77.04365447192725, 38.97816585862964], [-77.04383109388093, 38.97824236249421], [-77.04389645600672, 38.97830872860909], [-77.04402120218629, 38.97903879842898], [-77.04413256005618, 38.97939106813626], [-77.04436818162166, 38.9796870793184], [-77.04464300345956, 38.97991677452607], [-77.04463656765715, 38.980126038013694], [-77.04453855718407, 38.98026903588125], [-77.04438165756123, 38.980366114088554], [-77.0438783794177, 38.98062673170705], [-77.04351224138412, 38.98073406634651], [-77.04338791720754, 38.980693305289], [-77.04232173040153, 38.98008095666444], [-77.04214512721937, 38.9800606618548], [-77.04196199022078, 38.98009639126344], [-77.04191630527959, 38.98012704461321], [-77.04189680841534, 38.9803364027009], [-77.04171378080561, 38.980540684531164], [-77.04144566033325, 38.98051014289127], [-77.04136071729008, 38.98053063063577], [-77.0407592544134, 38.98084739072351], [-77.0404062419626, 38.9810926269277], [-77.03998147611566, 38.981649300789364], [-77.03991626913422, 38.98183821642979], [-77.03988368283996, 38.98220072731117], [-77.03995580191517, 38.982399874418554], [-77.04021752601666, 38.98270101954237], [-77.0405249711361, 38.982884681067866], [-77.04084552999278, 38.9831704903874], [-77.04103530414913, 38.98322150055013], [-77.04153229092567, 38.98322636972318], [-77.04163690575034, 38.983287669478834], [-77.0417939836761, 38.98349688334547], [-77.04226525534187, 38.98392613567332], [-77.04237907252784, 38.98397122565043], [-77.04326080109087, 38.98403747355368], [-77.04386935597317, 38.98396618105928], [-77.0442958937108, 38.98387277624612], [-77.04512071854231, 38.98397020009572], [-77.04574073304074, 38.9841342781299], [-77.04630400782952, 38.98436492804711], [-77.0468617125754, 38.984719989932124], [-77.04697558873917, 38.9848131792741], [-77.04724301699338, 38.985181687693675], [-77.0475901260277, 38.9854169316024], [-77.0478461577283, 38.98546123763884], [-77.04829547359881, 38.98543889276481], [-77.0484093020101, 38.98547433806922], [-77.04856290474612, 38.98561191989553], [-77.04870512398989, 38.98564293008675], [-77.04897239820073, 38.98558508484318], [-77.04916585201484, 38.98559833583872], [-77.04933092236053, 38.98577590829901], [-77.04936531534855, 38.986122259569896], [-77.04950757223483, 38.98618886021398], [-77.04961559197857, 38.98618431033551], [-77.05000804665066, 38.986051001816186], [-77.0501047873402, 38.98605978846232], [-77.0504518692106, 38.986237281212894], [-77.05061116770932, 38.986277208853416], [-77.05096934399232, 38.986148235880314], [-77.05141302037225, 38.986143618663085], [-77.0518055940858, 38.986178946806625], [-77.0522663385296, 38.98631197328537], [-77.05239163951697, 38.98640515222214], [-77.052414439698, 38.986489548953756], [-77.0522896631161, 38.9869381236556], [-77.0524223811118, 38.98702340803907], [-77.0668966895996, 38.975717192093825], [-77.06663665577443, 38.97553966216786], [-77.06638316889025, 38.9754760280423], [-77.06638094883466, 38.97284517413387], [-77.05994325220287, 38.97284270581946], [-77.05398522922476, 38.977504035533244], [-77.05371055461116, 38.97734417586332], [-77.05335465851648, 38.97721597151144], [-77.05294317143289, 38.97713319272887], [-77.05254880201925, 38.97709995006818], [-77.05264236191334, 38.97649030306457], [-77.0525252983594, 38.976401804796055], [-77.05211730210073, 38.97639779850489], [-77.05205329934094, 38.97636780257809], [-77.05186530871231, 38.97613679795952], [-77.05177530762182, 38.97609380552087], [-77.05161329863348, 38.97594579983131], [-77.05149730064609, 38.975763803619756], [-77.05138730714515, 38.97568180503014], [-77.05126130585339, 38.975613803137804], [-77.05092930475388, 38.97554080135199], [-77.05086829829172, 38.975470797908464], [-77.05086530658969, 38.975256799643255], [-77.05084230175994, 38.975233802621226], [-77.05064130810943, 38.9751758047483], [-77.05040530591329, 38.97520580503225], [-77.05028930200314, 38.975123798983795], [-77.05021030418723, 38.97493780391153], [-77.05025530514708, 38.97487979858508], [-77.05026229863367, 38.97483079979918], [-77.0502282997521, 38.974812797940444], [-77.0499943062877, 38.97485880416525], [-77.04996129842961, 38.97498679823867], [-77.04990930751907, 38.97500080121646], [-77.04950630030386, 38.97492379898609], [-77.04898729940165, 38.97497679678271], [-77.04888530725142, 38.974961804721715], [-77.04871330301728, 38.974866803606226], [-77.0485103036094, 38.97489280467691], [-77.04845530109668, 38.97487380209187], [-77.04844930068167, 38.97475579672353], [-77.04836930203777, 38.97456680106888], [-77.04842130237537, 38.97446479733537], [-77.04850829941115, 38.97440680230434], [-77.04860730837333, 38.97416080036807], [-77.04850429827306, 38.974004802501064], [-77.04851129753972, 38.97391179858242], [-77.04867130127182, 38.97379279637236], [-77.04862930046292, 38.9735637974811], [-77.0482962982173, 38.97340880465924], [-77.04838630533104, 38.97331580245838], [-77.04835230088281, 38.97320279919467], [-77.04763630168902, 38.973154799898914], [-77.04753730289876, 38.973176802264305], [-77.04715729744903, 38.973031797404275], [-77.04695730738419, 38.97308180152683], [-77.04679330194311, 38.97308380403899], [-77.04668430060568, 38.972986801875024], [-77.04666029747327, 38.97289880098463], [-77.04648830469463, 38.97277379912744], [-77.04590630285757, 38.97272779877773], [-77.045495296803, 38.972747804547595], [-77.04541230632927, 38.97279179700086], [-77.04538629654499, 38.97293880350269], [-77.04531230216304, 38.97304780483247], [-77.04491630479497, 38.9731548042929], [-77.04471830355489, 38.97310380347858], [-77.04454029994992, 38.973105799174924], [-77.0443182981657, 38.9730028022743], [-77.04421730225339, 38.97289480472809], [-77.0442922986686, 38.97279880259428], [-77.04428330538546, 38.97275580067843], [-77.0440072975148, 38.972595801479955], [-77.04399230119598, 38.972548802141766], [-77.04402529595616, 38.972458797435465], [-77.04396330285998, 38.97232680504003], [-77.0439002954719, 38.97230880322767], [-77.04375030269328, 38.97189980436815], [-77.04364930378469, 38.97180179644579], [-77.04369029766869, 38.9717338049694], [-77.04373829771146, 38.97172479680366], [-77.04383729555255, 38.97153380308915], [-77.0439832976682, 38.97138579694706], [-77.04385281147111, 38.97115053272492]]]}}, {"type": "Feature", "properties": {"SMD_ID": "1E06", "ANC_ID": "1E", "NAME": "SMD 1E06"}, "geometry": {"type": "Polygon", "coordinates": [[[-77.02392229033374, 38.91984678916999], [-77.02295786619008, 38.91989756440057], [-77.02310094085472, 38.92087232727959], [-77.02205978573207, 38.9209702688178], [-77.02266664410512, 38.9251694723436], [-77.02565831517097, 38.92489655927923], [-77.02550485220662, 38.92391898291489], [-77.02539183531513, 38.92290755312077], [-77.02518704782847, 38.92015377943425], [-77.02519886251092, 38.91994367565912], [-77.02395371288276, 38.92005119070029], [-77.02392229033374, 38.91984678916999]]]}}, {"type": "Feature", "properties": {"SMD_ID": "1E04", "ANC_ID": "1E", "NAME": "SMD 1E04"}, "geometry": {"type": "Polygon", "coordinates": [[[-77.02622200422957, 38.92883178019551], [-77.02594148874547, 38.92686155322714], [-77.02348848750243, 38.927084478339324], [-77.02317978253241, 38.927152282516055], [-77.02258903238534, 38.92735490513699], [-77.02045199957135, 38.927541599658426], [-77.02026932810791, 38.92776442512895], [-77.02004525805887, 38.92788204930959], [-77.0194103345025, 38.927958997418216], [-77.01836018684371, 38.92799739841759], [-77.01786934401937, 38.927956756925916], [-77.01734191931808, 38.92781846867876], [-77.01675091952299, 38.927543440959326], [-77.01750959081613, 38.92823165504606], [-77.01785573379242, 38.92841077802703], [-77.01824303293964, 38.928520619630184], [-77.0180283561462, 38.92877396671178], [-77.01795117221452, 38.92911611430701], [-77.01827919309002, 38.930563608969706], [-77.02181565887307, 38.93000592838249], [-77.02274681329966, 38.92993143228159], [-77.02337193468811, 38.93002571603204], [-77.0232311437383, 38.929048522448], [-77.02341348898302, 38.929079654818395], [-77.02469521646617, 38.928967958166204], [-77.02463899626592, 38.92847483695473], [-77.0256209257389, 38.928389362111275], [-77.02566312708494, 38.92858962567859], [-77.02580689126056, 38.928610628431], [-77.02584957423494, 38.92886512186069], [-77.02622200422957, 38.92883178019551]]]}}, {"type": "Feature", "properties": {"SMD_ID": "3D01", "ANC_ID": "3D", "NAME": "SMD 3D01"}, "geometry": {"type": "Polygon", "coordinates": [[[-77.08201282940745, 38.924649227256765], [-77.08159223235263, 38.92621559142129], [-77.08173476511757, 38.92634931943117], [-77.08182942354314, 38.926490008194136], [-77.08663791012486, 38.93489537963364], [-77.08684041705042, 38.935157010724964], [-77.08707170678709, 38.93537483964984], [-77.0873696640275, 38.93559252821003], [-77.08773057179305, 38.93578836867139], [-77.08816573200905, 38.93530816880097], [-77.08917157645742, 38.93454818565873], [-77.08864403701324, 38.93456101841434], [-77.08864328629788, 38.933493354313725], [-77.09033781048451, 38.93349755191389], [-77.09049566601327, 38.93355715488493], [-77.09081474576826, 38.933332330241996], [-77.09116515750421, 38.93316855662217], [-77.09325251038125, 38.932610673673004], [-77.09509046389985, 38.93237017523186], [-77.09562340196888, 38.932353795702674], [-77.09617163036751, 38.932386676627026], [-77.09739267709028, 38.930276999471815], [-77.0974241146521, 38.93007320517337], [-77.0973013429928, 38.929606766763776], [-77.09730274498133, 38.92928192569584], [-77.09735800026114, 38.929122162216025], [-77.0979197275648, 38.9281687029456], [-77.09796002519516, 38.92803597663501], [-77.09795353555486, 38.927929233491376], [-77.09821515825774, 38.927889557478565], [-77.09826118587642, 38.92779791318685], [-77.09850195140007, 38.927562296083366], [-77.10018277518543, 38.92609874467097], [-77.10124723997848, 38.925139792091976], [-77.101406231061, 38.92495837972269], [-77.10055800877956, 38.92395026129923], [-77.09970980662048, 38.92237855749186], [-77.09872206448387, 38.921365454562476], [-77.09858698746866, 38.921168736575225], [-77.09852704373444, 38.92095002882302], [-77.09849888673953, 38.919190725203265], [-77.09677155824714, 38.919184574425095], [-77.09677304136623, 38.921807078723596], [-77.0967141093573, 38.922143588608726], [-77.0966043997891, 38.92236771649104], [-77.09642296269891, 38.92259280429932], [-77.09549079177076, 38.923243520568164], [-77.0952334370235, 38.923531456534526], [-77.09513153528614, 38.923735217790565], [-77.0950942802452, 38.9239032533918], [-77.09513034755156, 38.92448732385208], [-77.09511383897508, 38.924647054886776], [-77.0948873501741, 38.92508288156382], [-77.09431287319882, 38.92486669640985], [-77.09351420908418, 38.924470881879365], [-77.09323918804108, 38.924398674699745], [-77.0929770386843, 38.92438050658134], [-77.09264992305184, 38.924419952594526], [-77.09233166678287, 38.92453298870377], [-77.0920996099916, 38.9246886554976], [-77.09169295265731, 38.92511200616456], [-77.09135351926622, 38.925261629998005], [-77.09102556291575, 38.925278731470065], [-77.09050318251026, 38.92512239236498], [-77.09027595622439, 38.925090228236286], [-77.08909097489487, 38.92514897105564], [-77.08780350357132, 38.924860598130664], [-77.08758312441775, 38.924767977770145], [-77.0870643818563, 38.92446496504682], [-77.08654547737291, 38.924309956897346], [-77.08626965226927, 38.92499659510922], [-77.08622012875477, 38.92524120762486], [-77.08621178733722, 38.92549578897252], [-77.08201282940745, 38.924649227256765]]]}}, {"type": "Feature", "properties": {"SMD_ID": "3D02", "ANC_ID": "3D", "NAME": "SMD 3D02"}, "geometry": {"type": "Polygon", "coordinates": [[[-77.09026716990941, 38.9411066494458], [-77.0967655963761, 38.94585191949699], [-77.0967669373142, 38.94127350779391], [-77.09729697654492, 38.94128207609727], [-77.09820650123851, 38.94136554305966], [-77.0985887278314, 38.941336845168834], [-77.09893364061283, 38.94126791052959], [-77.09918304890077, 38.93995879349566], [-77.09931420291178, 38.93888588370044], [-77.0993861577627, 38.9386230503992], [-77.09960322233546, 38.938282982411934], [-77.10029928824909, 38.93760244051332], [-77.10067929560353, 38.937078911533575], [-77.10073181018073, 38.936939687987774], [-77.1007189880075, 38.93676277593799], [-77.10075233935126, 38.93669365349715], [-77.10039572091551, 38.936460014679476], [-77.10013449415804, 38.936228274907734], [-77.0999350952987, 38.93599927427083], [-77.09976699323056, 38.935715295906704], [-77.09994746136182, 38.935687756472234], [-77.10034436858261, 38.93570426192645], [-77.10059301644351, 38.93560504690459], [-77.10123339411028, 38.93496382320296], [-77.101443346215, 38.934583760815514], [-77.10165511334735, 38.9344266520881], [-77.10198093277444, 38.934339347989535], [-77.10293652873276, 38.93427635295681], [-77.103078533431, 38.93429316342602], [-77.10340467527713, 38.93395263149017], [-77.10363545534723, 38.93378766509802], [-77.10467868585953, 38.933323437998475], [-77.10669626050081, 38.93224683186608], [-77.1044751783881, 38.931554297448955], [-77.10421437016332, 38.931526784691144], [-77.10281988806938, 38.931533154546194], [-77.10280805553482, 38.93028578360177], [-77.0999129040064, 38.93028739367618], [-77.09973337246767, 38.93023268637675], [-77.09709442173884, 38.93255680132784], [-77.09652127018592, 38.93243197045675], [-77.09596273227429, 38.93236621930033], [-77.09535167676516, 38.93235563919974], [-77.09483353147498, 38.93239461634955], [-77.09325251038125, 38.932610673673004], [-77.09133025358335, 38.93311816135948], [-77.09087329547448, 38.93330021515164], [-77.09049566601327, 38.93355715488493], [-77.09033781048451, 38.93349755191389], [-77.08864328629788, 38.933493354313725], [-77.08864403701324, 38.93456101841434], [-77.09056572350795, 38.934503243233095], [-77.0910273160173, 38.93456578965769], [-77.09240031053197, 38.93452178769319], [-77.09245131558872, 38.93461279432306], [-77.09287531062922, 38.93460479210334], [-77.09343531412617, 38.934976794228156], [-77.09367931662385, 38.93540979035926], [-77.09368630969719, 38.93567579102071], [-77.09380231161092, 38.93574079199797], [-77.09076950798219, 38.94105777778896], [-77.09065047204258, 38.94118761665299], [-77.09047614856414, 38.94108081423261], [-77.09034775594823, 38.941073076324486], [-77.09026716990941, 38.9411066494458]]]}}, {"type": "Feature", "properties": {"SMD_ID": "3D03", "ANC_ID": "3D", "NAME": "SMD 3D03"}, "geometry": {"type": "Polygon", "coordinates": [[[-77.10792082111175, 38.931591577849176], [-77.10467868585953, 38.933323437998475], [-77.10363545534723, 38.93378766509802], [-77.10340467527713, 38.93395263149017], [-77.103078533431, 38.93429316342602], [-77.10293652873276, 38.93427635295681], [-77.10198093277444, 38.934339347989535], [-77.10165511334735, 38.9344266520881], [-77.101443346215, 38.934583760815514], [-77.10123339411028, 38.93496382320296], [-77.10059301644351, 38.93560504690459], [-77.10034436858261, 38.93570426192645], [-77.09994746136182, 38.935687756472234], [-77.09976699323056, 38.935715295906704], [-77.0999350952987, 38.93599927427083], [-77.10013449415804, 38.936228274907734], [-77.10039572091551, 38.936460014679476], [-77.10075233935126, 38.93669365349715], [-77.1007189880075, 38.93676277593799], [-77.10073181018073, 38.936939687987774], [-77.10067929560353, 38.937078911533575], [-77.10029928824909, 38.93760244051332], [-77.09960322233546, 38.938282982411934], [-77.0993861577627, 38.9386230503992], [-77.09931420291178, 38.93888588370044], [-77.09918304890077, 38.93995879349566], [-77.09893364061283, 38.94126791052959], [-77.0985887278314, 38.941336845168834], [-77.09820650123851, 38.94136554305966], [-77.09729697654492, 38.94128207609727], [-77.0967669373142, 38.94127350779391], [-77.0967655963761, 38.94585191949699], [-77.10061489853074, 38.948659038915544], [-77.10048687662811, 38.948842918020894], [-77.10048434479287, 38.9490109246849], [-77.10057361927849, 38.94916371848129], [-77.10072964366903, 38.949268377503536], [-77.11251762780304, 38.94004621475988], [-77.11241620832737, 38.93982259120022], [-77.11207354790525, 38.93925710885521], [-77.11194564813026, 38.938828075911864], [-77.11195345378188, 38.93784910910311], [-77.11210228012412, 38.9369094903471], [-77.1120805304737, 38.93657440222388], [-77.11199475618933, 38.936313216530934], [-77.11182733166636, 38.93600698630021], [-77.10991796876296, 38.933412737927746], [-77.1096658814482, 38.933137050149455], [-77.10868913928026, 38.93223704121953], [-77.10792082111175, 38.931591577849176]]]}}, {"type": "Feature", "properties": {"SMD_ID": "3D04", "ANC_ID": "3D", "NAME": "SMD 3D04"}, "geometry": {"type": "Polygon", "coordinates": [[[-77.10991796876296, 38.933412737927746], [-77.11182733166636, 38.93600698630021], [-77.11201444560908, 38.9363650855093], [-77.1120805304737, 38.93657440222388], [-77.11210228012412, 38.9369094903471], [-77.11195345378188, 38.93784910910311], [-77.11194564813026, 38.938828075911864], [-77.11207354790525, 38.93925710885521], [-77.11241620832737, 38.93982259120022], [-77.11251762780304, 38.94004621475988], [-77.11979521874902, 38.93435090402344], [-77.11972603798868, 38.93424711809144], [-77.11957767050332, 38.934221145876826], [-77.11952149174658, 38.934146704605325], [-77.11940446264472, 38.93416952516666], [-77.11933281794792, 38.934088523535856], [-77.11903713165235, 38.93390415467146], [-77.11893123818052, 38.933757336907945], [-77.11887319376584, 38.93373928925076], [-77.11881988526972, 38.933656286820614], [-77.11871272752074, 38.9335809060544], [-77.1186584136356, 38.933378724596324], [-77.11856787994556, 38.93331242521109], [-77.11852798836559, 38.93318247572033], [-77.11841640896178, 38.93315250105787], [-77.11844676548733, 38.933097069173], [-77.11842752450467, 38.93303970571696], [-77.11828445107876, 38.93300507851284], [-77.11817529550741, 38.932906367736734], [-77.11817573362549, 38.932822770146046], [-77.11806308469923, 38.93277333826928], [-77.11796290711571, 38.93266326774645], [-77.11795958728152, 38.93260859063299], [-77.11789623150895, 38.93258622385777], [-77.11790461983321, 38.9324976636708], [-77.11781671254496, 38.93248414976488], [-77.11780766881647, 38.932385517842555], [-77.11774705140841, 38.93234504151415], [-77.11774581594968, 38.93229531686439], [-77.11768981989432, 38.932259610256416], [-77.11767310891605, 38.932197289547325], [-77.11758991052655, 38.932171519421715], [-77.11757587535784, 38.93212315889315], [-77.11751863713188, 38.93210339816856], [-77.11754778562255, 38.93201463695688], [-77.11749049998662, 38.93189605505243], [-77.11738969614598, 38.931824630323305], [-77.1173919984921, 38.93161185160611], [-77.11729324891479, 38.93152691225383], [-77.11730825732634, 38.931466000977515], [-77.11716986889977, 38.93126219152944], [-77.11721342945039, 38.93124079814154], [-77.11709772433257, 38.93108416942582], [-77.11703207285836, 38.93106747971671], [-77.11695755481206, 38.93098900179403], [-77.11698504155582, 38.93094168062306], [-77.11689022589435, 38.930863583303754], [-77.11689470772521, 38.9307834048031], [-77.11681407947603, 38.93070610397759], [-77.11686637176425, 38.930664433275886], [-77.11677015949579, 38.93057831984997], [-77.11678410543709, 38.93036147571973], [-77.11669056794145, 38.93007717656138], [-77.11663970123806, 38.92979157357069], [-77.11657163665652, 38.92970894511749], [-77.11650399338438, 38.92946056313833], [-77.11654935519867, 38.929342238681436], [-77.11653730475814, 38.92923730377944], [-77.11644998045801, 38.929083816993085], [-77.11640620819588, 38.928904216688785], [-77.11642295144728, 38.92884618643064], [-77.11634156225493, 38.92879564072225], [-77.11625960185297, 38.928677623207086], [-77.11624467892709, 38.92850819154563], [-77.11615432151432, 38.92840333445082], [-77.1160738356293, 38.928411341739015], [-77.11609710123238, 38.92832168583837], [-77.11600804305189, 38.92816448899161], [-77.11592270246263, 38.9280946691011], [-77.11586654510354, 38.928099048784695], [-77.11586135755623, 38.92802941960488], [-77.11580194811492, 38.92801965941721], [-77.11565834016749, 38.92786179566981], [-77.11556255036551, 38.927819641400916], [-77.11557206961909, 38.92771585612218], [-77.11551278908512, 38.92771429323254], [-77.11543033035016, 38.92764302879766], [-77.11537709190041, 38.92766929558572], [-77.11531000158922, 38.92754513704217], [-77.11518604129307, 38.927412116284266], [-77.1149883819406, 38.92734682043039], [-77.11498856801292, 38.927390690776654], [-77.11494000162163, 38.92738200047972], [-77.11493439017251, 38.92733498255628], [-77.11483656030155, 38.92724274342306], [-77.11485681601607, 38.927216869632005], [-77.11479177121487, 38.927216302957355], [-77.114820427881, 38.92717934068367], [-77.11480704923707, 38.92710719716318], [-77.1146994903491, 38.92706045949891], [-77.11465277423672, 38.92698303376334], [-77.11455837228559, 38.92694222855308], [-77.11455308785116, 38.92688322921757], [-77.11440523063767, 38.9266614089712], [-77.11433111300335, 38.9266122059757], [-77.11427900867746, 38.92662630992281], [-77.11427199938942, 38.926570285004814], [-77.114160256027, 38.9264303147824], [-77.1141314874091, 38.92632530582578], [-77.11404675903282, 38.926275212176996], [-77.11401493791426, 38.92613624478553], [-77.11397112108554, 38.92614025118817], [-77.11388906240636, 38.92602853788163], [-77.11377551379306, 38.9259848680271], [-77.11376193128355, 38.92585642254177], [-77.11371063753617, 38.92587232711381], [-77.11362856148635, 38.92574926314709], [-77.11356686887093, 38.9257527462786], [-77.11355591140202, 38.925679248995536], [-77.11341456902576, 38.92548958084187], [-77.1134067286259, 38.925418062347795], [-77.11334956443316, 38.92536821168433], [-77.11325902853652, 38.92536361513339], [-77.11315554314642, 38.92526534446652], [-77.11312407533843, 38.92527501383998], [-77.11308857911428, 38.925216944494835], [-77.11303423502419, 38.92519988125209], [-77.11303495688976, 38.925146010766134], [-77.11295260479673, 38.925065826208325], [-77.11291447245694, 38.92509072603775], [-77.11285952551623, 38.9250569978931], [-77.11283412666106, 38.92496648874313], [-77.11276143818867, 38.924944128171134], [-77.11274047656914, 38.924888296773275], [-77.11280112972318, 38.9248842745805], [-77.11280466081637, 38.92485652552744], [-77.11266700126298, 38.924659826394304], [-77.11244672349707, 38.924505365587706], [-77.11242391554846, 38.92444854498947], [-77.11228297550633, 38.92443769033297], [-77.11217802675708, 38.92428717189517], [-77.11202413544427, 38.92425362837365], [-77.11196647796386, 38.924108739644545], [-77.11183117073502, 38.92408598805404], [-77.11183798020653, 38.92401598683319], [-77.11157231310138, 38.92388913327576], [-77.11156845932318, 38.92385832847425], [-77.11143324887207, 38.92382332500438], [-77.11136000347815, 38.92366484825348], [-77.11129422278401, 38.923634012353936], [-77.11128130965245, 38.923561867942766], [-77.11126025276367, 38.92359179564197], [-77.1111816813647, 38.92349322922731], [-77.11098354091291, 38.92340585661928], [-77.11092865588033, 38.92341050297872], [-77.1108802656653, 38.92329055796681], [-77.1106672812446, 38.923149058847564], [-77.11057905445402, 38.922995550357165], [-77.11041786615496, 38.92293913046427], [-77.11031638631431, 38.92279067895652], [-77.11024913322224, 38.92277632909765], [-77.11013610210533, 38.92268959538434], [-77.11005039831996, 38.92267535288199], [-77.11003591553165, 38.92263131578837], [-77.10996574940214, 38.922597330350484], [-77.1098826951042, 38.922431475041115], [-77.10953283182982, 38.9222143424067], [-77.10944052244385, 38.9221784856551], [-77.10939628148229, 38.92220528182028], [-77.10940386721893, 38.92211365999922], [-77.10922335027497, 38.92200924214457], [-77.10915445712575, 38.921902197465], [-77.10901879131163, 38.92179242247276], [-77.10888392216137, 38.9218265096242], [-77.10888165878735, 38.92177912791278], [-77.10877993607076, 38.92177066473376], [-77.10878924474831, 38.921674086759936], [-77.10872568082198, 38.92165820117183], [-77.10863811637245, 38.921557028967726], [-77.10854556819278, 38.92159071604523], [-77.10856557310505, 38.92155115088743], [-77.10852564610502, 38.92153317131201], [-77.10845619811514, 38.921363608907335], [-77.10839035959512, 38.921292504174495], [-77.10832114423239, 38.92127572277429], [-77.108313701736, 38.92123474176359], [-77.10824067048533, 38.92121102743703], [-77.10821773638949, 38.92106817653389], [-77.10803435416958, 38.92089637715476], [-77.10782421644868, 38.9207987407502], [-77.10776735285141, 38.92071384462957], [-77.10771397844155, 38.92072488400621], [-77.1077245241788, 38.920682985538576], [-77.10752005235858, 38.920365449954055], [-77.10729439413093, 38.92022089345239], [-77.10730382095107, 38.9201863018047], [-77.10721049780584, 38.92010260095333], [-77.10716576774358, 38.92011056931659], [-77.10710770791906, 38.92007287763044], [-77.10701936808962, 38.91991324081213], [-77.10684784932928, 38.91995916010426], [-77.10685443550474, 38.919891051078615], [-77.10691663039232, 38.91984117810334], [-77.10690408978921, 38.919783356072735], [-77.10674744723492, 38.91959846808854], [-77.10668869301874, 38.91948159356594], [-77.10661640177422, 38.91948850588034], [-77.10661840684247, 38.91944130037809], [-77.10652663372929, 38.919375082733964], [-77.1064928203566, 38.9192800756228], [-77.1063763818874, 38.919221447336156], [-77.10636682505124, 38.919153623273615], [-77.10630209977197, 38.91913035058476], [-77.10630675400787, 38.919080980674494], [-77.10624485190871, 38.91901761829374], [-77.1062642326235, 38.918945714155356], [-77.10616150053893, 38.91872104956213], [-77.1060370775098, 38.91856522824223], [-77.10598218155577, 38.91856023337624], [-77.10596583597739, 38.91850196426628], [-77.10589809926935, 38.91846923532948], [-77.10584492677928, 38.91830461111924], [-77.10576198243393, 38.91828081412974], [-77.10574102628983, 38.91814588821445], [-77.10576491923781, 38.918083979318034], [-77.10572469281426, 38.91801780444575], [-77.10574008999238, 38.91798103649933], [-77.1056871339685, 38.9179619867336], [-77.10570883052162, 38.91789638641489], [-77.10563423432943, 38.91782528801124], [-77.10560648223372, 38.91761722050448], [-77.10554347545303, 38.917585297833185], [-77.1054517158062, 38.91744791344544], [-77.10537583538519, 38.91744365789696], [-77.1053571550802, 38.91736557245271], [-77.1053172115436, 38.917334259444814], [-77.10520397895392, 38.91733553253041], [-77.10516089676388, 38.9172870163693], [-77.10324531949645, 38.91840078578126], [-77.10318931730946, 38.918475784603025], [-77.10313932034295, 38.91864478908638], [-77.10308332175386, 38.918969787167384], [-77.10299531552369, 38.919113790935256], [-77.10268431184122, 38.91937478385754], [-77.10261732033784, 38.91946679077316], [-77.10249531882414, 38.91977178490437], [-77.10216931934568, 38.91989579084133], [-77.10197631509344, 38.920022787753844], [-77.10191731177213, 38.92000878623014], [-77.10182631157937, 38.91989178425637], [-77.10130132088528, 38.92015978804029], [-77.10190441073061, 38.92082567306256], [-77.10435680726104, 38.92309567981238], [-77.10481567131681, 38.923415154868245], [-77.10712681024502, 38.924805656323514], [-77.10680929632804, 38.92524618380726], [-77.10686010798933, 38.9258313181067], [-77.10669885180712, 38.92627134188264], [-77.10670383252238, 38.9263629519804], [-77.10572078759722, 38.926973348503296], [-77.1052954600461, 38.92712507229688], [-77.10372530671141, 38.925703882145676], [-77.1028559913728, 38.92629921783511], [-77.10162288329118, 38.92519839849881], [-77.101406231061, 38.92495837972269], [-77.10124723997848, 38.925139792091976], [-77.10018277518543, 38.92609874467097], [-77.09850195140007, 38.927562296083366], [-77.09826118587642, 38.92779791318685], [-77.09821515825774, 38.927889557478565], [-77.09795353555486, 38.927929233491376], [-77.09796002519516, 38.92803597663501], [-77.0979197275648, 38.9281687029456], [-77.09735800026114, 38.929122162216025], [-77.09730274498133, 38.92928192569584], [-77.0973013429928, 38.929606766763776], [-77.0974241146521, 38.93007320517337], [-77.09739267709028, 38.930276999471815], [-77.09617163036751, 38.932386676627026], [-77.09709442173884, 38.93255680132784], [-77.09973337246767, 38.93023268637675], [-77.0999129040064, 38.93028739367618], [-77.10280805553482, 38.93028578360177], [-77.10281988806938, 38.931533154546194], [-77.10421437016332, 38.931526784691144], [-77.1044751783881, 38.931554297448955], [-77.10669626050081, 38.93224683186608], [-77.10792082111175, 38.931591577849176], [-77.10863266437349, 38.93218682733715], [-77.10972571629009, 38.93319617859919], [-77.10991796876296, 38.933412737927746]]]}}, {"type": "Feature", "properties": {"SMD_ID": "3D05", "ANC_ID": "3D", "NAME": "SMD 3D05"}, "geometry": {"type": "Polygon", "coordinates": [[[-77.10190441073061, 38.92082567306256], [-77.10130132088528, 38.92015978804029], [-77.10182631157937, 38.91989178425637], [-77.10191731177213, 38.92000878623014], [-77.10197631509344, 38.920022787753844], [-77.10216931934568, 38.91989579084133], [-77.10249531882414, 38.91977178490437], [-77.10261732033784, 38.91946679077316], [-77.10268431184122, 38.91937478385754], [-77.10299531552369, 38.919113790935256], [-77.10308332175386, 38.918969787167384], [-77.10313932034295, 38.91864478908638], [-77.10318931730946, 38.918475784603025], [-77.10324531949645, 38.91840078578126], [-77.10516089676388, 38.9172870163693], [-77.1051797366275, 38.91723889488761], [-77.1048188988674, 38.91674565226761], [-77.10426640163524, 38.91615844252256], [-77.10414107022352, 38.91592740028912], [-77.10403552489983, 38.91566373010463], [-77.10398170857134, 38.91536947551479], [-77.10381679267384, 38.91511324476564], [-77.10366782573503, 38.91480213882164], [-77.10360397006453, 38.91450104657962], [-77.1035302636138, 38.914324097978984], [-77.10349721672335, 38.91348157689855], [-77.10346067966054, 38.913332431076476], [-77.10308929611647, 38.91278045771673], [-77.1029626513532, 38.91267120807411], [-77.10271161097106, 38.91257251739082], [-77.10269558187754, 38.912491005952994], [-77.1025962720366, 38.91238677655348], [-77.1024185088866, 38.91232918901127], [-77.10203570331016, 38.911924058274444], [-77.10179070142365, 38.91177185074977], [-77.10159743785722, 38.91159662644639], [-77.10152670112538, 38.91155633053869], [-77.10145376059296, 38.91158783302742], [-77.10133747573249, 38.91146325841724], [-77.10111390719263, 38.91138138606458], [-77.10110578445378, 38.911344909287166], [-77.10095057407356, 38.91125207734767], [-77.0977363139114, 38.91340478702016], [-77.09743131200568, 38.91341278892281], [-77.09635631003165, 38.91412778973257], [-77.09641731577405, 38.91427979121481], [-77.09631331026769, 38.91455278470463], [-77.09467563466275, 38.91563657432923], [-77.09439169934744, 38.915678134304876], [-77.09304982918204, 38.91617890315083], [-77.09218538345722, 38.91637245686082], [-77.09126024624447, 38.9164490332739], [-77.08870685064288, 38.91644739627688], [-77.08878313247055, 38.91742411230466], [-77.08874831779477, 38.91917334112442], [-77.09434583710993, 38.91918736885054], [-77.09432482082883, 38.92239092847458], [-77.09540553705546, 38.9227012888912], [-77.09561648425807, 38.92280912633062], [-77.09585451602295, 38.92299080945996], [-77.09632770303946, 38.92267332723126], [-77.09648583745205, 38.922526901523646], [-77.09664421156484, 38.92230255335681], [-77.09671950582975, 38.922126288150736], [-77.09676692010063, 38.92188509592568], [-77.09677155824714, 38.919184574425095], [-77.09849888673953, 38.919190725203265], [-77.09852704373444, 38.92095002882302], [-77.09861889618793, 38.921227624133785], [-77.09972910227934, 38.92240538584616], [-77.10048738261199, 38.923833033641095], [-77.10069723380653, 38.924136884016264], [-77.10155694285748, 38.92513440663479], [-77.10276282868969, 38.926224755922625], [-77.1028559913728, 38.92629921783511], [-77.10372530671141, 38.925703882145676], [-77.1052954600461, 38.92712507229688], [-77.10572078759722, 38.926973348503296], [-77.10670383252238, 38.9263629519804], [-77.10669885180712, 38.92627134188264], [-77.10686010798933, 38.9258313181067], [-77.10680929632804, 38.92524618380726], [-77.10712681024502, 38.924805656323514], [-77.10481567131681, 38.923415154868245], [-77.10435680726104, 38.92309567981238], [-77.10190441073061, 38.92082567306256]]]}}, {"type": "Feature", "properties": {"SMD_ID": "3D06", "ANC_ID": "3D", "NAME": "SMD 3D06"}, "geometry": {"type": "Polygon", "coordinates": [[[-77.09467547318489, 38.915636538426696], [-77.09631331026769, 38.91455278470463], [-77.09641731577405, 38.91427979121481], [-77.09635631003165, 38.91412778973257], [-77.09743131200568, 38.91341278892281], [-77.0977363139114, 38.91340478702016], [-77.10095057407356, 38.91125207734767], [-77.10081912950596, 38.91116886362799], [-77.10071417616345, 38.91114742419245], [-77.10071272540006, 38.911099861367326], [-77.10035208424068, 38.91078424891199], [-77.10015521713758, 38.910665867970266], [-77.10012475271621, 38.91056563116256], [-77.09971708856858, 38.9102596959414], [-77.09946172301996, 38.910109294010574], [-77.09919067718528, 38.90987539743175], [-77.09914202847749, 38.90979751649842], [-77.09908611471526, 38.90980161768773], [-77.09902195114815, 38.909759873342544], [-77.09854729320526, 38.90927589567674], [-77.09831835991513, 38.9089751195526], [-77.0980151550473, 38.90874160759705], [-77.09778077736169, 38.90850344300521], [-77.09752398185114, 38.908395827667846], [-77.09724681601216, 38.90814562650845], [-77.0971165556595, 38.908077992048646], [-77.09659109394812, 38.90760648005395], [-77.096237071597, 38.90747002540193], [-77.09598192656493, 38.90729925674345], [-77.09501428463338, 38.906880798901696], [-77.09494576442616, 38.906767079093555], [-77.09478028498421, 38.90674144956277], [-77.0944965187738, 38.90654448654685], [-77.09371739030057, 38.906120099947955], [-77.09348721794876, 38.90590624583497], [-77.09346232983825, 38.905829604642285], [-77.09335996883857, 38.90584319901743], [-77.09253646198644, 38.90550315816848], [-77.09231723949921, 38.905371989768064], [-77.09168088068957, 38.90513854386156], [-77.09137065498611, 38.90488457107028], [-77.09120335694786, 38.904874882683075], [-77.09112491354885, 38.90492890395143], [-77.09108891527259, 38.90490713180042], [-77.09103304535049, 38.904942938523924], [-77.09104894105053, 38.9048414019553], [-77.09077827043731, 38.90477432015797], [-77.09067235461758, 38.904620809919386], [-77.09057151004232, 38.904556568471556], [-77.09031544127633, 38.90445677394113], [-77.09015735345193, 38.904344741993874], [-77.09008620972276, 38.90433650918532], [-77.08932905791674, 38.903929282207905], [-77.08904740289714, 38.903832477209285], [-77.08878525912075, 38.903664580755134], [-77.08857456697284, 38.90361537487962], [-77.08852099274503, 38.90355037513561], [-77.08813456690197, 38.90337887789129], [-77.08780750793306, 38.903294625760104], [-77.0876538969273, 38.90334915160283], [-77.08767463183443, 38.903241666319545], [-77.08752237665507, 38.90317971288794], [-77.08726388680547, 38.9031665738821], [-77.08712387172616, 38.903214692937695], [-77.086978035199, 38.90321615285886], [-77.08695678097124, 38.90318220716664], [-77.08689199404294, 38.903185858714885], [-77.08691474054064, 38.903119909613], [-77.0868238002292, 38.9030425864186], [-77.08666370595087, 38.90298000710708], [-77.0862224244143, 38.902914752767074], [-77.08552712164267, 38.902715278275465], [-77.08543837450647, 38.90273480127012], [-77.0852107463624, 38.90269064638995], [-77.08510250844391, 38.90260739795762], [-77.08496926301903, 38.902628754674986], [-77.08489819869038, 38.90268528875633], [-77.08487981543776, 38.90264098098352], [-77.08454674472235, 38.902633655479896], [-77.0844488089688, 38.90258490100431], [-77.08430226833038, 38.90257482739459], [-77.084212298299, 38.90263281603749], [-77.08399831085333, 38.902619097217844], [-77.08390106095929, 38.90256502685776], [-77.0834726591197, 38.90246777320143], [-77.0830654377724, 38.90244094829157], [-77.08283268935276, 38.902353642372745], [-77.08278809308942, 38.902270977237286], [-77.08261204690467, 38.902266687763614], [-77.0825848165276, 38.90234643100448], [-77.08242947907368, 38.90240509505182], [-77.08189772090759, 38.902353130468214], [-77.08180570091811, 38.902434540431926], [-77.08170773924391, 38.90236128093711], [-77.08160657341496, 38.90240945629168], [-77.0815049096625, 38.90232466851161], [-77.08136497259697, 38.90234206210885], [-77.08136088581223, 38.902397736620124], [-77.08128713247788, 38.9024237320379], [-77.0812647070925, 38.90237113881708], [-77.08114085331933, 38.90233879480943], [-77.08010854723749, 38.902305635804986], [-77.07955874357735, 38.902403572058205], [-77.07936311000192, 38.90240947047289], [-77.07923832032382, 38.902467929351275], [-77.0791647335293, 38.90243699048209], [-77.07912268614392, 38.90236188924664], [-77.07891476688101, 38.90230861030641], [-77.07828931338129, 38.902377233416686], [-77.07831262940358, 38.90599423520619], [-77.07953258092759, 38.90594622533473], [-77.07992106355584, 38.90597355281755], [-77.08024718925743, 38.90605571967365], [-77.08058152868905, 38.906253853499926], [-77.08132678898525, 38.90717453127275], [-77.08496547859704, 38.9121208221181], [-77.08525200126057, 38.913064624770755], [-77.08533642290311, 38.913254594134145], [-77.0854937909084, 38.91347739953617], [-77.0857206486012, 38.91371514363935], [-77.08647597296466, 38.914353368556135], [-77.08690120056966, 38.9146224925455], [-77.08763973169447, 38.91499659781594], [-77.08803028693383, 38.915287363686176], [-77.08829399307264, 38.915566513317934], [-77.08847315695483, 38.915826448540436], [-77.0886214838804, 38.91613811472986], [-77.08870685064288, 38.91644739627688], [-77.09126024624447, 38.9164490332739], [-77.09218538345722, 38.91637245686082], [-77.09304982918204, 38.91617890315083], [-77.09439169934744, 38.915678134304876], [-77.09467547318489, 38.915636538426696]]]}}, {"type": "Feature", "properties": {"SMD_ID": "6E03", "ANC_ID": "6E", "NAME": "SMD 6E03"}, "geometry": {"type": "Polygon", "coordinates": [[[-77.01618252252867, 38.904886570498796], [-77.01617742101494, 38.90374323098589], [-77.01763051064508, 38.90374175954528], [-77.01765983927201, 38.902528581878194], [-77.01617829801357, 38.902527012806964], [-77.0161758366681, 38.90133250496785], [-77.0151754828094, 38.90133683710737], [-77.01517963248259, 38.90252592171454], [-77.00906655543493, 38.90252231323283], [-77.00906875058025, 38.90373793655642], [-77.01217372175806, 38.9037399783783], [-77.0121735640316, 38.90565267689558], [-77.01296133863885, 38.905664384074484], [-77.01324048231326, 38.90573103258342], [-77.0134105349698, 38.905843626580875], [-77.01618252252867, 38.904886570498796]]]}}, {"type": "Feature", "properties": {"SMD_ID": "6E04", "ANC_ID": "6E", "NAME": "SMD 6E04"}, "geometry": {"type": "Polygon", "coordinates": [[[-77.00588743240993, 38.9056486587109], [-77.01103698992533, 38.90565287989734], [-77.01103932806141, 38.906085073324746], [-77.01101126381961, 38.90614535985475], [-77.00988818113804, 38.90655118740171], [-77.0101277972593, 38.90698268482353], [-77.0134105349698, 38.905843626580875], [-77.01324048231326, 38.90573103258342], [-77.01296133863885, 38.905664384074484], [-77.0121735640316, 38.90565267689558], [-77.01217372175806, 38.9037399783783], [-77.00906875058025, 38.90373793655642], [-77.00907084329984, 38.90469155168843], [-77.00588793008987, 38.90469467421637], [-77.00588743240993, 38.9056486587109]]]}}, {"type": "Feature", "properties": {"SMD_ID": "4D04", "ANC_ID": "4D", "NAME": "SMD 4D04"}, "geometry": {"type": "Polygon", "coordinates": [[[-77.02757454949557, 38.95291360719926], [-77.02693515585949, 38.94826350426495], [-77.02193607397183, 38.948406429675856], [-77.02215566961198, 38.953069521896595], [-77.02757454949557, 38.95291360719926]]]}}, {"type": "Feature", "properties": {"SMD_ID": "6E07", "ANC_ID": "6E", "NAME": "SMD 6E07"}, "geometry": {"type": "Polygon", "coordinates": [[[-77.00405019505622, 38.90373773196303], [-77.00906875058025, 38.90373793655642], [-77.00906655543493, 38.90252231323283], [-77.01517963248259, 38.90252592171454], [-77.01515714136303, 38.89981909306627], [-77.01242965298536, 38.898864393712145], [-77.01143382851855, 38.89613037577119], [-77.00906087857508, 38.896132926146194], [-77.00906667490538, 38.89747710895112], [-77.00821626595899, 38.897141664339856], [-77.00778062610047, 38.89686784888314], [-77.00767011161517, 38.89752463805714], [-77.00670438143133, 38.900215197984636], [-77.005638711835, 38.900214975041166], [-77.00448166471094, 38.90252294850497], [-77.00405019505622, 38.90373773196303]]]}}, {"type": "Feature", "properties": {"SMD_ID": "1C07", "ANC_ID": "1C", "NAME": "SMD 1C07"}, "geometry": {"type": "Polygon", "coordinates": [[[-77.03914139604895, 38.924939366964054], [-77.04041758754921, 38.92418754851076], [-77.04268654277624, 38.922668569094135], [-77.04170116432074, 38.919644685557735], [-77.04168230489492, 38.918214619867754], [-77.04165001114224, 38.91782826403622], [-77.04051383965935, 38.91782331254848], [-77.0404287759588, 38.91778449808351], [-77.04025701748019, 38.91800356794923], [-77.04016227860906, 38.91806623548054], [-77.04042454491525, 38.918864139027356], [-77.04041391637904, 38.91891060767109], [-77.04035051755857, 38.91895138326677], [-77.03999093335038, 38.91902483469188], [-77.03979550897621, 38.91914180250772], [-77.03933595167388, 38.919286721972696], [-77.04008631234765, 38.92075482447872], [-77.04022682215825, 38.92312229014756], [-77.038998118888, 38.92316675735904], [-77.03909103963883, 38.92480092593924], [-77.03914139604895, 38.924939366964054]]]}}, {"type": "Feature", "properties": {"SMD_ID": "7C07", "ANC_ID": "7C", "NAME": "SMD 7C07"}, "geometry": {"type": "Polygon", "coordinates": [[[-76.93375934360799, 38.90467991904892], [-76.92474970332388, 38.90467284206517], [-76.92450639946067, 38.9047134028742], [-76.92439584199835, 38.904871590176], [-76.93395052666392, 38.91235148307786], [-76.9388281130714, 38.906863055612064], [-76.93995371503937, 38.90555332063221], [-76.94068104036009, 38.90490073065235], [-76.94167641077146, 38.90412084700245], [-76.94371520554795, 38.902401818364275], [-76.94218876712773, 38.901756795201806], [-76.9416233625484, 38.901561690265716], [-76.93919079649413, 38.900567313742606], [-76.93917656407972, 38.902792371149594], [-76.93830019818388, 38.902743806992184], [-76.93659358507627, 38.902775683678726], [-76.93666068615387, 38.90287464986245], [-76.93644391247595, 38.90371598476429], [-76.93588633755259, 38.903634694994814], [-76.93376239082893, 38.90363314981687], [-76.93375934360799, 38.90467991904892]]]}}, {"type": "Feature", "properties": {"SMD_ID": "3F02", "ANC_ID": "3F", "NAME": "SMD 3F02"}, "geometry": {"type": "Polygon", "coordinates": [[[-77.06567998508402, 38.94790268851507], [-77.062034391553, 38.94789774356724], [-77.05671436050429, 38.947897743181116], [-77.0572771227774, 38.94981262911931], [-77.05741531689064, 38.950086412981435], [-77.05761663803844, 38.950387640816466], [-77.05797930498473, 38.95076914220717], [-77.05847520180997, 38.95112598328777], [-77.05989367295734, 38.951887049985935], [-77.06016199174073, 38.95186065309083], [-77.06163428708636, 38.951856463005164], [-77.06163252039042, 38.95274855333095], [-77.06160812062086, 38.95281576791094], [-77.06253022701797, 38.953313075503786], [-77.06278046163969, 38.95331420255251], [-77.06517376947876, 38.95330811845354], [-77.06517291366414, 38.9507318423801], [-77.06732722324628, 38.95073368434156], [-77.06567998508402, 38.94790268851507]]]}}, {"type": "Feature", "properties": {"SMD_ID": "3F03", "ANC_ID": "3F", "NAME": "SMD 3F03"}, "geometry": {"type": "Polygon", "coordinates": [[[-77.06567998508402, 38.94790268851507], [-77.06356104430256, 38.944259467971655], [-77.06258099839289, 38.9442570240296], [-77.06229312924879, 38.94429162548531], [-77.06171723115551, 38.94448366336801], [-77.06166530151263, 38.944646794831584], [-77.06149730358668, 38.944704797615444], [-77.06124830947545, 38.94420579712963], [-77.06087930010744, 38.944307792561126], [-77.0604893023889, 38.94429579780319], [-77.06052130436488, 38.94322579468325], [-77.05842030346848, 38.94321979209969], [-77.05833630786736, 38.942575795335685], [-77.05993430446179, 38.942062793465645], [-77.05863629321777, 38.94206176725389], [-77.05863309201953, 38.94097454899369], [-77.05639281912352, 38.94095664378898], [-77.05612702009009, 38.94090992859546], [-77.05556213251545, 38.94072624911845], [-77.05511869147288, 38.94066934648242], [-77.05333778109456, 38.94088647986316], [-77.05303936685321, 38.940874724706624], [-77.052839422786, 38.94081283820328], [-77.05269845458797, 38.94071725178076], [-77.05235346622423, 38.9404104672059], [-77.05181450477599, 38.9398534542493], [-77.05156156969952, 38.93968918272582], [-77.0512023921962, 38.940378186913826], [-77.05121221115853, 38.94057492375655], [-77.05131881305346, 38.940763961089225], [-77.05134819669541, 38.94120265206789], [-77.05131928676263, 38.941422016691995], [-77.05118346103185, 38.94164368023826], [-77.05108628546704, 38.941909917775185], [-77.05094040220875, 38.94211915397079], [-77.05046217375592, 38.942626348013476], [-77.05013786882023, 38.94302582506564], [-77.04992149717316, 38.94357623406108], [-77.04976110351006, 38.943647918346095], [-77.04960836116248, 38.943791305138646], [-77.0493868866071, 38.94416163955866], [-77.04849279130624, 38.944818898186455], [-77.04837059724859, 38.94495623509864], [-77.04805755255445, 38.9454937985463], [-77.04783607885547, 38.94567900964797], [-77.04728574439446, 38.945738958491276], [-77.04665884161716, 38.945631741563545], [-77.04626121345575, 38.94547659676681], [-77.0461771231454, 38.945464739079064], [-77.04597838494921, 38.94551256132997], [-77.04572635562035, 38.94572759786895], [-77.04552788348863, 38.94617556723717], [-77.04541347021248, 38.946551797667674], [-77.04527597025643, 38.94676084317365], [-77.04485560578195, 38.9471252100986], [-77.04459590967646, 38.94743582494174], [-77.04419096586288, 38.94777036613193], [-77.04409171548484, 38.94788985341599], [-77.04405347150738, 38.947979410146274], [-77.04405361547602, 38.94821236422747], [-77.04413021364383, 38.94839736541148], [-77.04423733466463, 38.94850488378604], [-77.04447435599592, 38.948600281617054], [-77.04478015430307, 38.94856440200528], [-77.0449175545913, 38.94840904654519], [-77.04497862769777, 38.94830155428004], [-77.04500921922062, 38.948152275299506], [-77.04519249762188, 38.947907359518034], [-77.04541415373056, 38.947805750288786], [-77.04557458784922, 38.94777587944861], [-77.04576573804121, 38.947775804769265], [-77.04596452888646, 38.947817516189666], [-77.04617095692548, 38.9479129226189], [-77.04640802555967, 38.94808002243685], [-77.04685145095608, 38.94822911276814], [-77.04696617750875, 38.94830077264312], [-77.04699683087769, 38.948444082062004], [-77.04698932311294, 38.94858740681455], [-77.0468901668524, 38.94886210907496], [-77.04688253193179, 38.949005433859895], [-77.04689031215239, 38.949082992022035], [-77.04704334323537, 38.949351647494204], [-77.04708168184087, 38.94958458613693], [-77.04697487887843, 38.94979362115069], [-77.04685254994351, 38.949901138994804], [-77.04647040151119, 38.950134155498944], [-77.04566034790604, 38.95055245874137], [-77.04550757871944, 38.95068989452322], [-77.04497278625601, 38.95127527005466], [-77.04488124014532, 38.95156195754874], [-77.04489679435513, 38.95189633871622], [-77.04486630906759, 38.95201571004848], [-77.0446677166995, 38.952308374819026], [-77.04433924136671, 38.95265486795587], [-77.04421694428437, 38.95282805327208], [-77.04340701778276, 38.953527038349506], [-77.04273478095323, 38.954303528666564], [-77.0425895910824, 38.954405104846686], [-77.04229155669667, 38.95454258914701], [-77.04214642217056, 38.95473965240202], [-77.04210818974254, 38.954859115821925], [-77.04209323329864, 38.955300976764], [-77.04212389398919, 38.9554681591688], [-77.04233064588655, 38.95604137060553], [-77.04231549731838, 38.95619658851939], [-77.04217043492739, 38.95671614762205], [-77.04211711330024, 38.95707451562516], [-77.04217080589254, 38.95734312271658], [-77.04217869243062, 38.95758796448723], [-77.04214818065066, 38.957713370521276], [-77.04211754730521, 38.957808959236246], [-77.04203361385963, 38.95791051256995], [-77.0418119810136, 38.95811354820824], [-77.04146044136614, 38.95831077418705], [-77.04133046311345, 38.95841828877787], [-77.04115477768788, 38.95867508622033], [-77.0411472467484, 38.95880048387392], [-77.04108617610837, 38.95893788133851], [-77.04052825999085, 38.95946947337568], [-77.04051310748373, 38.959565056268836], [-77.04056676949864, 38.95982780860543], [-77.04075795187724, 38.959988899878944], [-77.04102554196426, 38.9600544674926], [-77.04162195386559, 38.96008416411617], [-77.0418054567339, 38.960149777864835], [-77.04265437033652, 38.960668977528634], [-77.04344336381047, 38.961371484270906], [-77.04437406852347, 38.96087930190165], [-77.04481559105268, 38.960689797926946], [-77.04559036273395, 38.96048219133145], [-77.04624870747945, 38.96039203034496], [-77.0466551095645, 38.9603749423627], [-77.04758344899827, 38.96043659009818], [-77.04846329462848, 38.960632104291385], [-77.04916290808026, 38.96095946058361], [-77.05016362061164, 38.961704694036456], [-77.05056423353646, 38.96186149034645], [-77.05104509926474, 38.96194145488504], [-77.05150985891096, 38.961941881637436], [-77.05194791322286, 38.961870882935735], [-77.0526855889401, 38.96161052952604], [-77.0528428233278, 38.96158459586313], [-77.0534981093438, 38.96133784996141], [-77.05426880382501, 38.961163716481614], [-77.05518375460764, 38.961048766241326], [-77.05620287874089, 38.96102060742891], [-77.05620574242796, 38.96004320991775], [-77.05600617202188, 38.95891366973519], [-77.05606067836825, 38.95868168085641], [-77.05633876460226, 38.95829374146602], [-77.05671943121942, 38.958039974795064], [-77.05688276771943, 38.957865135121395], [-77.05699311140437, 38.957632397917294], [-77.0571868143202, 38.95702784874702], [-77.0572986905309, 38.95685294353287], [-77.05750188781062, 38.95673942970177], [-77.057994991033, 38.95673432167476], [-77.05817655244793, 38.95667504716145], [-77.05838505732395, 38.95642352250492], [-77.0584435485697, 38.956279180845435], [-77.05844529777055, 38.95616117167211], [-77.05839847555677, 38.95604372726381], [-77.0583183329176, 38.9559532341798], [-77.0578064506251, 38.95569999574178], [-77.05765533378312, 38.95558278271264], [-77.05757460039356, 38.95547328195651], [-77.05754364430956, 38.95528520455039], [-77.05765561760576, 38.95493526821564], [-77.05766705301241, 38.95480959721716], [-77.05762125768398, 38.9546753064966], [-77.05744708373615, 38.95443288958373], [-77.05693202924591, 38.95409046692779], [-77.05590678059308, 38.95355271750107], [-77.05566172078849, 38.9533832987594], [-77.05507145499509, 38.95273228020467], [-77.05487909326446, 38.95222493461787], [-77.05477481717485, 38.95209454371366], [-77.05456777148962, 38.95199176604743], [-77.0533441141901, 38.951724154475606], [-77.0532135794264, 38.951648814706246], [-77.05311935111895, 38.951527966510184], [-77.05304519403134, 38.95124856348313], [-77.05311089793477, 38.950711514286375], [-77.05307689438234, 38.95054881322935], [-77.05298356789424, 38.950366284816546], [-77.0535969703483, 38.95047845551863], [-77.05406060189824, 38.95044374934422], [-77.05431352749515, 38.95035625182023], [-77.05530927393143, 38.94981934201634], [-77.05570050342017, 38.9497166420548], [-77.05560922873262, 38.94953922242231], [-77.05545580464717, 38.949400567811026], [-77.05478293560068, 38.9491481127595], [-77.05457460928012, 38.949018941391714], [-77.05446803486545, 38.948893325596224], [-77.05416006677298, 38.94834639582775], [-77.0547667184068, 38.948160542603894], [-77.05532403712154, 38.94803155183688], [-77.05584528472005, 38.947951580697605], [-77.05643058182915, 38.947904726807714], [-77.06567998508402, 38.94790268851507]]]}}, {"type": "Feature", "properties": {"SMD_ID": "2A09", "ANC_ID": "2A", "NAME": "SMD 2A09"}, "geometry": {"type": "Polygon", "coordinates": [[[-77.04884925036667, 38.897367569138716], [-77.0488260546193, 38.90069953814355], [-77.05013066065175, 38.90070642649267], [-77.05012219321341, 38.90199448139623], [-77.05043048365788, 38.90205232651327], [-77.05062124454469, 38.90216367740081], [-77.05071631064365, 38.90226335869257], [-77.05078920158657, 38.90245180889753], [-77.0507249984108, 38.9027429959146], [-77.05330541249694, 38.90364394383444], [-77.05330828539626, 38.90253626595945], [-77.05204018159758, 38.90253195520145], [-77.05203605945212, 38.9019858343359], [-77.05193500049637, 38.9019858793067], [-77.0519349006955, 38.90184880816585], [-77.05141924256975, 38.90184875701136], [-77.05143470508168, 38.89833532704072], [-77.05013719011487, 38.8983345218643], [-77.05013770400562, 38.897327116169656], [-77.04996416722922, 38.89736316993749], [-77.04884925036667, 38.897367569138716]]]}}, {"type": "Feature", "properties": {"SMD_ID": "8A01", "ANC_ID": "8A", "NAME": "SMD 8A01"}, "geometry": {"type": "Polygon", "coordinates": [[[-76.97228877262259, 38.87285971057184], [-76.97492056784401, 38.874109464519094], [-76.97509670942492, 38.87425004228042], [-76.9760316557134, 38.87407469117859], [-76.97704585918758, 38.87379230135235], [-76.9779950828611, 38.873434940573134], [-76.982190305787, 38.87134354391606], [-76.98222823108165, 38.87129229186535], [-76.98222614975572, 38.869469800718896], [-76.97873614053714, 38.86948472989911], [-76.97223017993537, 38.872726102029105], [-76.97228877262259, 38.87285971057184]]]}}, {"type": "Feature", "properties": {"SMD_ID": "8A02", "ANC_ID": "8A", "NAME": "SMD 8A02"}, "geometry": {"type": "Polygon", "coordinates": [[[-76.97797560003778, 38.87685714691143], [-76.98233477045179, 38.875559164834506], [-76.98436970286937, 38.874699215770356], [-76.98647581443133, 38.87366450342118], [-76.98729478831822, 38.87320021224206], [-76.98874395153979, 38.872234299712694], [-76.9901258356597, 38.87143450539773], [-76.98900328780809, 38.870021697802294], [-76.98833736070871, 38.86905929197771], [-76.98821835342095, 38.8688238452601], [-76.9881708109357, 38.86853322916221], [-76.98819601970432, 38.868347172014225], [-76.98862799423361, 38.86742433922544], [-76.97849344311891, 38.8655654679377], [-76.97780043042397, 38.865328507030085], [-76.97555377905542, 38.86424848978378], [-76.97527051248558, 38.86504486419358], [-76.97741384454062, 38.86606568152571], [-76.97826286424088, 38.86635825575049], [-76.9790102960294, 38.86652739031456], [-76.97900669985937, 38.86935170663679], [-76.97873614053714, 38.86948472989911], [-76.98222614975572, 38.869469800718896], [-76.98222823108165, 38.87129229186535], [-76.98219906504511, 38.87133814020811], [-76.97873490853746, 38.873078254791366], [-76.9778086015676, 38.87351381889369], [-76.97720559817671, 38.873739453318755], [-76.9764185482264, 38.87397910071272], [-76.97509670942492, 38.87425004228042], [-76.97608571439675, 38.874763808901335], [-76.97639124421909, 38.874965605177664], [-76.97652948262323, 38.875121928779684], [-76.97692452973274, 38.875839886840986], [-76.97797560003778, 38.87685714691143]]]}}, {"type": "Feature", "properties": {"SMD_ID": "8A03", "ANC_ID": "8A", "NAME": "SMD 8A03"}, "geometry": {"type": "Polygon", "coordinates": [[[-76.97096820197575, 38.87331170168532], [-76.97203965943258, 38.87277902598504], [-76.97223017993537, 38.872726102029105], [-76.97900669985937, 38.86935170663679], [-76.9790102960294, 38.86652739031456], [-76.97826286424088, 38.86635825575049], [-76.97741384454062, 38.86606568152571], [-76.97527051248558, 38.86504486419358], [-76.97489484798034, 38.86571810899416], [-76.97402891743441, 38.86648578780348], [-76.97459916443094, 38.86656168299537], [-76.97503878838593, 38.86677428625205], [-76.97496974160639, 38.86710853762609], [-76.97496507741822, 38.868250983352965], [-76.97219135881713, 38.868253869074145], [-76.97218590312967, 38.86746905499581], [-76.97215737473479, 38.86734473211408], [-76.97211026257283, 38.86730229125157], [-76.97023883220108, 38.86728768610152], [-76.97042447696441, 38.86779031255442], [-76.97088357347747, 38.86858749210088], [-76.9709385907549, 38.86874281079293], [-76.97093886716758, 38.873157920951066], [-76.97096820197575, 38.87331170168532]]]}}, {"type": "Feature", "properties": {"SMD_ID": "8A04", "ANC_ID": "8A", "NAME": "SMD 8A04"}, "geometry": {"type": "Polygon", "coordinates": [[[-76.97337766084726, 38.863305120921325], [-76.97462119582268, 38.86380768915671], [-76.9772462782933, 38.86506283229374], [-76.97777331393428, 38.864341720027355], [-76.97785317447183, 38.864309304901525], [-76.97794281736158, 38.86431454674961], [-76.97857197717272, 38.86458158326451], [-76.9790004616395, 38.86470516648496], [-76.97902462281525, 38.86404368282072], [-76.98011129517127, 38.86405810625167], [-76.98242638583741, 38.86447700861811], [-76.9826961173748, 38.8635643161146], [-76.9826690902529, 38.86288255503733], [-76.98285080983092, 38.861383490762975], [-76.98293815492589, 38.86134728970624], [-76.9833299859214, 38.860984937521245], [-76.98359849260751, 38.860782286060505], [-76.9836591211651, 38.860679328300606], [-76.98366802542604, 38.860537536986165], [-76.98760192247985, 38.860528562068566], [-76.98774076863789, 38.86048065192222], [-76.98803508163202, 38.86020673632898], [-76.98666012444606, 38.85931934776723], [-76.98431652602261, 38.85767655038831], [-76.9830882975369, 38.85692147279319], [-76.98289428369836, 38.85690558970008], [-76.98053001782262, 38.85730303155294], [-76.97732513586595, 38.85730956982745], [-76.97702905396804, 38.85726131687023], [-76.97676559195484, 38.85716928870124], [-76.97544934693623, 38.856321956896075], [-76.9743435363026, 38.857347661957135], [-76.9752246865531, 38.85790996004699], [-76.97447920909262, 38.85861040276501], [-76.97442438875696, 38.85874178765698], [-76.97361406404916, 38.859437922526254], [-76.97573779197998, 38.86082521178315], [-76.97345674825313, 38.86315408576987], [-76.97337766084726, 38.863305120921325]]]}}, {"type": "Feature", "properties": {"SMD_ID": "8A05", "ANC_ID": "8A", "NAME": "SMD 8A05"}, "geometry": {"type": "Polygon", "coordinates": [[[-76.9851339173208, 38.86676480122204], [-76.98632638500929, 38.86270899789708], [-76.98797338351797, 38.86122693374118], [-76.98805668603481, 38.86123324818503], [-76.98965797913621, 38.86299815035294], [-76.9904538776716, 38.862557706457046], [-76.98994328709263, 38.86205373263439], [-76.98937463225141, 38.86155425547744], [-76.98828507584628, 38.86037828203543], [-76.98803508163202, 38.86020673632898], [-76.98774076863789, 38.86048065192222], [-76.98760192247985, 38.860528562068566], [-76.98366802542604, 38.860537536986165], [-76.9836591211651, 38.860679328300606], [-76.98359849260751, 38.860782286060505], [-76.9833299859214, 38.860984937521245], [-76.98293815492589, 38.86134728970624], [-76.98285080983092, 38.861383490762975], [-76.9826690902529, 38.86288255503733], [-76.9826961173748, 38.8635643161146], [-76.98242638583741, 38.86447700861811], [-76.98011129517127, 38.86405810625167], [-76.97902462281525, 38.86404368282072], [-76.9790004616395, 38.86470516648496], [-76.97857197717272, 38.86458158326451], [-76.97794281736158, 38.86431454674961], [-76.97785317447183, 38.864309304901525], [-76.97777331393428, 38.864341720027355], [-76.9772462782933, 38.86506283229374], [-76.97794340783753, 38.8653867284824], [-76.97866154726103, 38.86560252335913], [-76.9851339173208, 38.86676480122204]]]}}, {"type": "Feature", "properties": {"SMD_ID": "8A06", "ANC_ID": "8A", "NAME": "SMD 8A06"}, "geometry": {"type": "Polygon", "coordinates": [[[-76.9904538776716, 38.862557706457046], [-76.98965797913621, 38.86299815035294], [-76.98805668603481, 38.86123324818503], [-76.98797338351797, 38.86122693374118], [-76.98632638500929, 38.86270899789708], [-76.98513068717624, 38.86678281763584], [-76.98862799423361, 38.86742433922544], [-76.98822752998572, 38.86823986701304], [-76.9881708109357, 38.86853322916221], [-76.98819721789789, 38.86876654964249], [-76.98830996558661, 38.86901630111114], [-76.98882211049258, 38.8697731206185], [-76.98954997102058, 38.870703846553006], [-76.98982362800753, 38.87055766427832], [-76.9903415456957, 38.8701561134721], [-76.99034973407504, 38.870105937320254], [-76.99038510889157, 38.87012017352124], [-76.99045414026493, 38.8700723445404], [-76.99173876267426, 38.86909259791175], [-76.99242350389042, 38.86878617825686], [-76.99286992484589, 38.86864594542551], [-76.99348354447115, 38.86850427898594], [-76.99394078698752, 38.86843818187104], [-76.994718597761, 38.86841470767716], [-76.99538036486047, 38.8684786053468], [-76.99693354789197, 38.86885286576667], [-76.99703022766309, 38.86884259867723], [-76.99709740565153, 38.868892957372616], [-77.00043359901905, 38.86973095474316], [-77.00105343866703, 38.869801396534726], [-77.00163294476692, 38.86973553839757], [-77.00233297747758, 38.86948653409904], [-77.00262416432193, 38.869321043451436], [-77.00284597995702, 38.869152581010695], [-77.00303702698119, 38.868968624485035], [-77.0032337162489, 38.86871593332134], [-77.00390253416768, 38.86772231225407], [-77.00350206803098, 38.86756000239919], [-77.00343118384917, 38.86766471827562], [-77.0027969148398, 38.867408094574145], [-77.00257932650035, 38.86738479482661], [-77.00205898745702, 38.8674457290566], [-77.00187118551804, 38.86740311342607], [-77.00171973736776, 38.8673083923105], [-77.00164502045895, 38.867207355043256], [-77.00159251878439, 38.86705738373168], [-77.00161134721448, 38.86604036970959], [-77.00159245802192, 38.865884992850894], [-77.00146561009745, 38.86558289735175], [-77.00140072046939, 38.86529463789643], [-77.0013912279655, 38.864812471605575], [-77.0013058646756, 38.86456554291423], [-77.00115830466511, 38.86436628732272], [-77.00100709376517, 38.86422995535753], [-76.99992787017416, 38.86363026939748], [-76.99940711124434, 38.8631626770044], [-76.99953564209154, 38.86313129225608], [-76.99946993103262, 38.86309399712717], [-76.99543122038399, 38.8613919843983], [-76.99504619401058, 38.86118354988282], [-76.99476318396185, 38.86098541533407], [-76.99436010844943, 38.86061248395262], [-76.99379829502463, 38.86150999148839], [-76.99102884991466, 38.85967109361436], [-76.99027317384011, 38.86028910100161], [-76.98872975484814, 38.85931335003826], [-76.9878938402801, 38.86011519619988], [-76.98828507584628, 38.86037828203543], [-76.98937463225141, 38.86155425547744], [-76.98994328709263, 38.86205373263439], [-76.9904538776716, 38.862557706457046]]]}}, {"type": "Feature", "properties": {"SMD_ID": "8A07", "ANC_ID": "8A", "NAME": "SMD 8A07"}, "geometry": {"type": "Polygon", "coordinates": [[[-76.97023732521662, 38.867281650081374], [-76.97211026257283, 38.86730229125157], [-76.97215737473479, 38.86734473211408], [-76.97218590312967, 38.86746905499581], [-76.97219135881713, 38.868253869074145], [-76.97496507741822, 38.868250983352965], [-76.97496974160639, 38.86710853762609], [-76.97503878838593, 38.86677428625205], [-76.97459916443094, 38.86656168299537], [-76.97402891743441, 38.86648578780348], [-76.97489484798034, 38.86571810899416], [-76.97527051248558, 38.86504486419358], [-76.97555377905542, 38.86424848978378], [-76.97462119582268, 38.86380768915671], [-76.9721480843305, 38.862804848881204], [-76.97023668695556, 38.86193182181754], [-76.96982834828745, 38.86165290640955], [-76.96877173742517, 38.86067206194149], [-76.9692682078244, 38.86175608691586], [-76.9695453418781, 38.86222702964521], [-76.97059585077022, 38.863809267285], [-76.97072053844018, 38.86405153495337], [-76.97079855666739, 38.86430469100132], [-76.97082619625988, 38.86462143382897], [-76.97076820539198, 38.8649828369702], [-76.97066773942491, 38.86523747968039], [-76.97036342667894, 38.865795834476046], [-76.97021100031239, 38.86630350990323], [-76.97017300571144, 38.866782027115015], [-76.97023732521662, 38.867281650081374]]]}}, {"type": "Feature", "properties": {"SMD_ID": "2C01", "ANC_ID": "2C", "NAME": "SMD 2C01"}, "geometry": {"type": "Polygon", "coordinates": [[[-77.02191730457591, 38.90210914323232], [-77.02191672827337, 38.899820921064176], [-77.02703742586458, 38.899824217131446], [-77.02704112622379, 38.90253014708701], [-77.03363388368074, 38.90252598471334], [-77.03364764107364, 38.897352938456216], [-77.02413148004668, 38.89735268856163], [-77.02380519810308, 38.89721450413482], [-77.02207705092412, 38.89721511379223], [-77.02174496453122, 38.8973446262893], [-77.01893099060861, 38.897344449625855], [-77.01892922900669, 38.9011317453428], [-77.02152834334481, 38.90203294180208], [-77.02191730457591, 38.90210914323232]]]}}, {"type": "Feature", "properties": {"SMD_ID": "3/4G06", "ANC_ID": "3/4G", "NAME": "SMD 3/4G06"}, "geometry": {"type": "Polygon", "coordinates": [[[-77.06917795907388, 38.96102464058009], [-77.06949126652006, 38.961548104876535], [-77.069728557397, 38.96208773842079], [-77.07393043476941, 38.96208389593262], [-77.07693924019372, 38.96725816022914], [-77.07711882113522, 38.96722455826972], [-77.07731125511256, 38.967242925132915], [-77.07755305474801, 38.967389797649744], [-77.08274212926892, 38.96333374338792], [-77.08241719194176, 38.96311146894166], [-77.08202037240893, 38.96309958682714], [-77.08202352442176, 38.96102606367323], [-77.06917795907388, 38.96102464058009]]]}}, {"type": "Feature", "properties": {"SMD_ID": "2C02", "ANC_ID": "2C", "NAME": "SMD 2C02"}, "geometry": {"type": "Polygon", "coordinates": [[[-77.03618742370763, 38.90713948928617], [-77.03639214603285, 38.90704059509236], [-77.03661184277172, 38.907028419228524], [-77.03675832635513, 38.907057425159124], [-77.03687760775344, 38.90714445326622], [-77.04081683048831, 38.905755974523565], [-77.04112771066026, 38.9056712680625], [-77.04489952483857, 38.905664393269426], [-77.04490181485788, 38.90071288633399], [-77.04346479246158, 38.90020980843608], [-77.0429553199941, 38.90023915694919], [-77.0387651435937, 38.90020168843598], [-77.03364396442257, 38.90021409465286], [-77.03363388368074, 38.90252598471334], [-77.02962842180538, 38.90253018615271], [-77.02962530103181, 38.9048423703791], [-77.03153764466248, 38.90551438832889], [-77.03160839309517, 38.90539774708372], [-77.03171894026835, 38.905334514523], [-77.03192470700543, 38.90530006458572], [-77.03215634656797, 38.90532084638322], [-77.03228807318663, 38.90538758896565], [-77.03240210384686, 38.905532510786536], [-77.03241502528877, 38.905653480358204], [-77.03237234284315, 38.905802184044326], [-77.03618742370763, 38.90713948928617]]]}}, {"type": "Feature", "properties": {"SMD_ID": "2C03", "ANC_ID": "2C", "NAME": "SMD 2C03"}, "geometry": {"type": "Polygon", "coordinates": [[[-77.01518028915179, 38.88757406606847], [-77.01518509382144, 38.89146453131104], [-77.01990172303042, 38.89276645162023], [-77.01992728169925, 38.893025672172236], [-77.0199034981467, 38.8944188117295], [-77.01900938583636, 38.89468665336734], [-77.01893673879434, 38.89481026899793], [-77.01893099060861, 38.897344449625855], [-77.02174496453122, 38.8973446262893], [-77.02207705092412, 38.89721511379223], [-77.02380519810308, 38.89721450413482], [-77.02413148004668, 38.89735268856163], [-77.03364764107364, 38.897352938456216], [-77.0336383590012, 38.89248355731513], [-77.03366616206745, 38.89131110944333], [-77.03362744973921, 38.8911041081379], [-77.03351747493147, 38.89083848275878], [-77.03312116680624, 38.89029962467665], [-77.03297337306353, 38.890001849561386], [-77.03290260943896, 38.88977269640477], [-77.03287378066287, 38.8894956068318], [-77.03289003274939, 38.88924498918402], [-77.03301548214866, 38.88883660399783], [-77.03317316537992, 38.888593423171784], [-77.0335942361192, 38.88813162337029], [-77.03366009905533, 38.88798882158504], [-77.0336898653492, 38.88778080049441], [-77.03321008971254, 38.887812728474366], [-77.0328632696473, 38.887771577201164], [-77.03187160277508, 38.88757187498015], [-77.01518028915179, 38.88757406606847]]]}}, {"type": "Feature", "properties": {"SMD_ID": "4C04", "ANC_ID": "4C", "NAME": "SMD 4C04"}, "geometry": {"type": "Polygon", "coordinates": [[[-77.02970672523595, 38.93868377962823], [-77.03273175105792, 38.9386854038711], [-77.03272996010787, 38.940814154462096], [-77.03467587915463, 38.94081215204142], [-77.03483841910108, 38.94084219140603], [-77.03507851608295, 38.94056112391265], [-77.03507288872963, 38.939603120550586], [-77.035188949604, 38.93918194786263], [-77.03537566143143, 38.93888452765366], [-77.03564094064943, 38.93862599903926], [-77.03600001084115, 38.93840356422997], [-77.03644710383529, 38.938238510771406], [-77.03644901136354, 38.93743485288719], [-77.03430421742891, 38.93743415082168], [-77.03391261083918, 38.93739453850604], [-77.02972729757006, 38.93629261168211], [-77.02970672523595, 38.93868377962823]]]}}, {"type": "Feature", "properties": {"SMD_ID": "4C05", "ANC_ID": "4C", "NAME": "SMD 4C05"}, "geometry": {"type": "Polygon", "coordinates": [[[-77.01607302287205, 38.946437902468794], [-77.02270137636062, 38.946241233265106], [-77.02350459406036, 38.94515764819593], [-77.02340306829186, 38.94300874175223], [-77.01995627796924, 38.943108472236446], [-77.01992403336186, 38.94330116502274], [-77.01978958525858, 38.94348955116355], [-77.01954311693905, 38.943633635152125], [-77.01928670152492, 38.943682502661716], [-77.01901976775522, 38.943652999220305], [-77.01877484335141, 38.943535480666405], [-77.01860880346469, 38.943352188562656], [-77.01855095973679, 38.943151042683716], [-77.01340745467692, 38.943303265279404], [-77.01240839142865, 38.94330454669361], [-77.01215793445631, 38.94381768507068], [-77.01168170183959, 38.94424887023957], [-77.01154272669805, 38.944337165252236], [-77.01167355144055, 38.94442083923625], [-77.01262094770809, 38.94439616616788], [-77.01351329287328, 38.94489980072688], [-77.01570328829764, 38.9457927975072], [-77.01567529061526, 38.94573679676546], [-77.01607302287205, 38.946437902468794]]]}}, {"type": "Feature", "properties": {"SMD_ID": "3B01", "ANC_ID": "3B", "NAME": "SMD 3B01"}, "geometry": {"type": "Polygon", "coordinates": [[[-77.07319054869357, 38.92619011262429], [-77.07462495525195, 38.926192538548264], [-77.07462229593358, 38.92574518705147], [-77.07705075682631, 38.92575523187717], [-77.07706047186538, 38.9254288539903], [-77.07819873248009, 38.925764018172764], [-77.07887438639695, 38.92582272175359], [-77.07888151651748, 38.92501239137386], [-77.07875953110268, 38.9247015604004], [-77.07847614151622, 38.92466193426098], [-77.07807420203697, 38.92451752981545], [-77.07777866959796, 38.924339902582076], [-77.07753172288456, 38.92408756336778], [-77.07707914779833, 38.923289184702874], [-77.07705402350557, 38.92255637396835], [-77.07290958835186, 38.92255128607823], [-77.07311347846766, 38.92289563706899], [-77.07317216987673, 38.92311459272259], [-77.07319054869357, 38.92619011262429]]]}}, {"type": "Feature", "properties": {"SMD_ID": "1E02", "ANC_ID": "1E", "NAME": "SMD 1E02"}, "geometry": {"type": "Polygon", "coordinates": [[[-77.01827919309002, 38.930563608969706], [-77.01851090850859, 38.93150863420129], [-77.02007913486975, 38.931258755046755], [-77.02080110632187, 38.933991748939874], [-77.02202408379173, 38.93381316044272], [-77.02206898375648, 38.93392305328553], [-77.02206707729096, 38.93409835524322], [-77.02217280829183, 38.93473360078758], [-77.02239942825759, 38.934671760615295], [-77.02402379553801, 38.93451352244747], [-77.02337193468811, 38.93002571603204], [-77.02274681329966, 38.92993143228159], [-77.02181565887307, 38.93000592838249], [-77.01827919309002, 38.930563608969706]]]}}, {"type": "Feature", "properties": {"SMD_ID": "3C01", "ANC_ID": "3C", "NAME": "SMD 3C01"}, "geometry": {"type": "Polygon", "coordinates": [[[-77.04856400190874, 38.92335161856233], [-77.04966853000874, 38.92342841870756], [-77.04965831354492, 38.92376086619386], [-77.0496893198274, 38.92407046904969], [-77.04976809299443, 38.924413832751846], [-77.04989208119544, 38.924768707734614], [-77.05117987707341, 38.92701113218162], [-77.05134171508763, 38.9272214954777], [-77.05157955055788, 38.92742696053332], [-77.05189336717754, 38.9276042854369], [-77.05222016688792, 38.927712780158174], [-77.05534128491229, 38.928345168928004], [-77.05533222421039, 38.92588338029647], [-77.05268229312627, 38.92554354997424], [-77.05021681130108, 38.921306183374625], [-77.04976300273147, 38.921730246288654], [-77.04880804414017, 38.92232774788863], [-77.04868319464383, 38.922470744065755], [-77.04861014467505, 38.92259527852924], [-77.04855129114051, 38.922839779907044], [-77.04856400190874, 38.92335161856233]]]}}, {"type": "Feature", "properties": {"SMD_ID": "1E03", "ANC_ID": "1E", "NAME": "SMD 1E03"}, "geometry": {"type": "Polygon", "coordinates": [[[-77.0232311437383, 38.929048522448], [-77.02397524413952, 38.93418779216073], [-77.02577986740417, 38.934026249463216], [-77.02599025515924, 38.93406223608227], [-77.02676303933957, 38.93305633847067], [-77.02682346890457, 38.93285596187428], [-77.02623475914413, 38.92883062426877], [-77.02584957423494, 38.92886512186069], [-77.02580689126056, 38.928610628431], [-77.02566312708494, 38.92858962567859], [-77.0256209257389, 38.928389362111275], [-77.02463899626592, 38.92847483695473], [-77.02469521646617, 38.928967958166204], [-77.02341348898302, 38.929079654818395], [-77.0232311437383, 38.929048522448]]]}}, {"type": "Feature", "properties": {"SMD_ID": "3B03", "ANC_ID": "3B", "NAME": "SMD 3B03"}, "geometry": {"type": "Polygon", "coordinates": [[[-77.07887438639695, 38.92582272175359], [-77.08105875895696, 38.92600751912894], [-77.08130309947802, 38.926051021734935], [-77.08159223235263, 38.92621559142129], [-77.08201282940745, 38.924649227256765], [-77.08263034444238, 38.921186919491554], [-77.08255990848136, 38.91869611163431], [-77.08171105910498, 38.917436784639996], [-77.07701874496176, 38.91742894547961], [-77.07705568075832, 38.91918095191227], [-77.07976738347294, 38.91918291577981], [-77.07976422591804, 38.92068992163142], [-77.08047759637716, 38.920715736837145], [-77.0806774454471, 38.92082414940421], [-77.08079354508462, 38.92100720852913], [-77.08080197421673, 38.92162760630561], [-77.0807170009314, 38.922558045094526], [-77.07705402350557, 38.92255637396835], [-77.07705411181198, 38.9230649839952], [-77.07708539628345, 38.92330881873012], [-77.07740581897997, 38.923899553025684], [-77.077575838954, 38.924145908028926], [-77.07780671566425, 38.92436096338914], [-77.07810420122846, 38.92453174292001], [-77.07847614151622, 38.92466193426098], [-77.07875953110268, 38.9247015604004], [-77.07888151651748, 38.92501239137386], [-77.07887438639695, 38.92582272175359]]]}}, {"type": "Feature", "properties": {"SMD_ID": "3B05", "ANC_ID": "3B", "NAME": "SMD 3B05"}, "geometry": {"type": "Polygon", "coordinates": [[[-77.07705402350557, 38.92255637396835], [-77.0807170009314, 38.922558045094526], [-77.08080197421673, 38.92162760630561], [-77.08079354508462, 38.92100720852913], [-77.0806774454471, 38.92082414940421], [-77.08047759637716, 38.920715736837145], [-77.07976422591804, 38.92068992163142], [-77.07976738347294, 38.91918291577981], [-77.07705568075832, 38.91918095191227], [-77.07701874496176, 38.91742894547961], [-77.07572767236721, 38.917426753519024], [-77.07572065093272, 38.916862926361226], [-77.07488914566021, 38.91687510100725], [-77.07487437143028, 38.91653166766561], [-77.07294731801004, 38.916574126763095], [-77.07285834251478, 38.9165258075111], [-77.07295216484722, 38.91874217755776], [-77.07381342615454, 38.918736231686594], [-77.07386594656265, 38.91934435099338], [-77.0746278422044, 38.92068664863175], [-77.07705535248235, 38.92069137895232], [-77.07705402350557, 38.92255637396835]]]}}, {"type": "Feature", "properties": {"SMD_ID": "3B02", "ANC_ID": "3B", "NAME": "SMD 3B02"}, "geometry": {"type": "Polygon", "coordinates": [[[-77.07022925738181, 38.92255542294831], [-77.07705402350557, 38.92255637396835], [-77.07705535248235, 38.92069137895232], [-77.0746278422044, 38.92068664863175], [-77.07386594656265, 38.91934435099338], [-77.07381342615454, 38.918736231686594], [-77.07295216484722, 38.91874217755776], [-77.07285821560167, 38.91652573552355], [-77.07251540771063, 38.91651919251962], [-77.07194308658734, 38.916361179748165], [-77.071591009505, 38.91633238914857], [-77.07131291971452, 38.916366430544144], [-77.07057236922925, 38.916559388301955], [-77.06941253707224, 38.91660773714315], [-77.06945234225104, 38.917591063329134], [-77.06938480499656, 38.91773334504537], [-77.06875436097309, 38.91697350435605], [-77.0676427956847, 38.91749042077401], [-77.06741554551658, 38.91764027061646], [-77.06738276336925, 38.91771415786246], [-77.06731394534678, 38.91867856659188], [-77.0677873032461, 38.91865579013439], [-77.0681473082573, 38.918740790549], [-77.06830330155564, 38.918799785120065], [-77.0685023066463, 38.91894279300315], [-77.0688233010605, 38.919096790989784], [-77.06951130038526, 38.9195547906982], [-77.06994030571704, 38.91995879255247], [-77.07026130218675, 38.920434789308004], [-77.07042430524123, 38.92081378869915], [-77.07053847236853, 38.92130812392613], [-77.07051910441321, 38.921674882651864], [-77.07046702799681, 38.92196738742316], [-77.07036958010127, 38.9222665496141], [-77.07022925738181, 38.92255542294831]]]}}, {"type": "Feature", "properties": {"SMD_ID": "3B04", "ANC_ID": "3B", "NAME": "SMD 3B04"}, "geometry": {"type": "Polygon", "coordinates": [[[-77.0805705807243, 38.93024314413722], [-77.08122318109905, 38.93029421996911], [-77.08399734173794, 38.930285142489495], [-77.08181510674682, 38.92646556062851], [-77.08170946556005, 38.92632144736272], [-77.08156037451397, 38.926190840777586], [-77.08130309947802, 38.926051021734935], [-77.08105875895696, 38.92600751912894], [-77.07829827778225, 38.925783139244004], [-77.07706047186538, 38.9254288539903], [-77.07705075682631, 38.92575523187717], [-77.07462229593358, 38.92574518705147], [-77.07462495525195, 38.926192538548264], [-77.07705080096216, 38.92619096431884], [-77.07705409572765, 38.92902651037483], [-77.07764646083794, 38.92905935899933], [-77.07822475251145, 38.92919382784018], [-77.07854135658563, 38.92932162365658], [-77.07991203574501, 38.93003235132062], [-77.08023002556774, 38.93015572752558], [-77.0805705807243, 38.93024314413722]]]}}, {"type": "Feature", "properties": {"SMD_ID": "4D02", "ANC_ID": "4D", "NAME": "SMD 4D02"}, "geometry": {"type": "Polygon", "coordinates": [[[-77.01616138294835, 38.95710701882647], [-77.01995731488927, 38.958348491710794], [-77.01993977888469, 38.95752802216185], [-77.02236782285755, 38.9574550663025], [-77.0222132579881, 38.9542437389671], [-77.01663724932341, 38.95441023749905], [-77.0160360072091, 38.95521665157925], [-77.01608343297875, 38.95627538659318], [-77.01616138294835, 38.95710701882647]]]}}, {"type": "Feature", "properties": {"SMD_ID": "3C02", "ANC_ID": "3C", "NAME": "SMD 3C02"}, "geometry": {"type": "Polygon", "coordinates": [[[-77.05268229312627, 38.92554354997424], [-77.05763974811896, 38.92618062047607], [-77.05763935010366, 38.92336275471852], [-77.05772006242636, 38.92322032931453], [-77.05750606681899, 38.923209516729386], [-77.05151573272722, 38.92353728631064], [-77.05268229312627, 38.92554354997424]]]}}, {"type": "Feature", "properties": {"SMD_ID": "5B03", "ANC_ID": "5B", "NAME": "SMD 5B03"}, "geometry": {"type": "Polygon", "coordinates": [[[-76.98443827452768, 38.93287454387429], [-76.99100076827771, 38.932544808614814], [-76.99035242011823, 38.924407367356515], [-76.9880305198486, 38.92452056740008], [-76.9879903571486, 38.92401852958421], [-76.98801377689088, 38.92382402432137], [-76.98625861467504, 38.92434318786783], [-76.98533982725176, 38.92467740201919], [-76.98200942849047, 38.92626179733591], [-76.98215210593672, 38.926407690887615], [-76.98220973086474, 38.92655759806392], [-76.98256500098282, 38.930990732456735], [-76.98428231466242, 38.930903054893975], [-76.98443827452768, 38.93287454387429]]]}}, {"type": "Feature", "properties": {"SMD_ID": "3C07", "ANC_ID": "3C", "NAME": "SMD 3C07"}, "geometry": {"type": "Polygon", "coordinates": [[[-77.05677255117372, 38.9325773438921], [-77.05716130619746, 38.932601792126434], [-77.057844301035, 38.932722788987356], [-77.05809030106951, 38.932654789375924], [-77.05824630596406, 38.93244679097158], [-77.05838530124792, 38.93211579239234], [-77.05845430264395, 38.93180279122425], [-77.05845830428265, 38.93149279526921], [-77.05853329995153, 38.9313317882397], [-77.05910430377928, 38.930890787284746], [-77.05974729970404, 38.93047478982451], [-77.05999330155998, 38.93035179042857], [-77.0623062316292, 38.9301411640029], [-77.06325620943444, 38.93051675072281], [-77.06324215205967, 38.92752779958886], [-77.06638639670814, 38.92753470376237], [-77.06638754208198, 38.92480112855533], [-77.06635478067358, 38.92418319426675], [-77.06648428629383, 38.924133773067226], [-77.06702414880868, 38.924169299789796], [-77.0675586108254, 38.92413973299903], [-77.06800777122517, 38.92406362238939], [-77.06844559532283, 38.923940168944384], [-77.06888352476562, 38.92376020457876], [-77.06928889509295, 38.923530667050045], [-77.06964403708562, 38.923261593487325], [-77.06995191146012, 38.92294996478139], [-77.07021604135306, 38.92257830302946], [-77.07040384432463, 38.922176400669706], [-77.0705062627558, 38.92177290100155], [-77.07053847236853, 38.92130812392613], [-77.07037630911948, 38.92067179230122], [-77.07012330130144, 38.92019679105953], [-77.06994030571704, 38.91995879255247], [-77.06951130038526, 38.9195547906982], [-77.0688233010605, 38.919096790989784], [-77.0685023066463, 38.91894279300315], [-77.06830330155564, 38.918799785120065], [-77.0677873032461, 38.91865579013439], [-77.06731394534678, 38.91867856659188], [-77.06689553327203, 38.91862743235719], [-77.06682420034487, 38.91865112004439], [-77.06337907310129, 38.91842562409575], [-77.06323246853184, 38.91845480043432], [-77.0628530845961, 38.91844563645245], [-77.05908643706158, 38.9183212329154], [-77.0580806285983, 38.91759534126808], [-77.05819813268049, 38.91768351041844], [-77.05794857546489, 38.917978927599556], [-77.05712504086024, 38.918446180917506], [-77.05628921033119, 38.918601133481715], [-77.0553363175824, 38.91900216208429], [-77.055145805818, 38.91916144736751], [-77.05493674448627, 38.91962682609364], [-77.0546657372209, 38.91988645613835], [-77.05351599667497, 38.92011544858435], [-77.05304127353362, 38.92004269756914], [-77.05222176430314, 38.919611261430354], [-77.05185273544618, 38.919576734691546], [-77.05122203550472, 38.91978035788166], [-77.05101390820057, 38.91994551755148], [-77.05021681130108, 38.921306183374625], [-77.05151573272722, 38.92353728631064], [-77.05750606681899, 38.923209516729386], [-77.05772006242636, 38.92322032931453], [-77.05763935010366, 38.92336275471852], [-77.05763974811896, 38.92618062047607], [-77.05533222421039, 38.92588338029647], [-77.05534128491229, 38.928345168928004], [-77.05645126199083, 38.92856957566096], [-77.05747725960575, 38.930333894233264], [-77.05762808776464, 38.93016050003444], [-77.05787347625551, 38.929974897625264], [-77.05810796173027, 38.929856321962454], [-77.0583891795691, 38.92976763008629], [-77.05860591296447, 38.93022280171751], [-77.05859563831639, 38.93035072490015], [-77.05854542634107, 38.93043885135409], [-77.05791614035611, 38.93110073526842], [-77.05626309719261, 38.93170320777562], [-77.05677255117372, 38.9325773438921]]]}}, {"type": "Feature", "properties": {"SMD_ID": "5B02", "ANC_ID": "5B", "NAME": "SMD 5B02"}, "geometry": {"type": "Polygon", "coordinates": [[[-76.9845219089288, 38.933861504880426], [-76.97956282156, 38.934107480496216], [-76.9744959463971, 38.93411008811097], [-76.97995015458405, 38.939329658744796], [-76.9801535764214, 38.93958395257495], [-76.98077973501562, 38.94012892386376], [-76.98333421474719, 38.94255975295508], [-76.98566210737559, 38.942566457509926], [-76.98586732602307, 38.94251801790126], [-76.98602964195452, 38.942428765261994], [-76.98680111462625, 38.94176179102606], [-76.98691564946954, 38.94180098996454], [-76.98725270075624, 38.94180147761466], [-76.98725401277294, 38.9415599654828], [-76.9871991320144, 38.94141825906803], [-76.98800155739623, 38.94072935398401], [-76.98830878601693, 38.940731042636344], [-76.98831773126011, 38.938231512048446], [-76.98868173583165, 38.936179727721466], [-76.99098427749813, 38.93617785605502], [-76.99118827455217, 38.935569721229015], [-76.99122187050278, 38.93530839293182], [-76.99100076827771, 38.932544808614814], [-76.98443827452768, 38.93287454387429], [-76.9845219089288, 38.933861504880426]]]}}, {"type": "Feature", "properties": {"SMD_ID": "5B01", "ANC_ID": "5B", "NAME": "SMD 5B01"}, "geometry": {"type": "Polygon", "coordinates": [[[-76.97217033520928, 38.937242284448615], [-76.97216879842954, 38.938519930934625], [-76.9716474716997, 38.93815632087441], [-76.97131685565705, 38.93797184037104], [-76.97105875626764, 38.93787565821988], [-76.97070975538612, 38.937808369391085], [-76.96745800620744, 38.93780120356388], [-76.9668255574168, 38.93784994084386], [-76.96676567809578, 38.93790948669988], [-76.96666169266527, 38.937941607703976], [-76.97755431777345, 38.94645683363293], [-76.97794750333635, 38.94626232955], [-76.97825853947703, 38.945998553207154], [-76.97845089982964, 38.94579563219169], [-76.97885676596127, 38.94525935305319], [-76.98167742964606, 38.94526045971931], [-76.98167688420695, 38.94424081179546], [-76.98558318857069, 38.94425715928771], [-76.98532508080909, 38.944109715575884], [-76.98361630152394, 38.94282616793446], [-76.98077973501562, 38.94012892386376], [-76.9801535764214, 38.93958395257495], [-76.97996837416899, 38.93934749829217], [-76.97774828796129, 38.93722555281258], [-76.97217033520928, 38.937242284448615]]]}}, {"type": "Feature", "properties": {"SMD_ID": "4D05", "ANC_ID": "4D", "NAME": "SMD 4D05"}, "geometry": {"type": "Polygon", "coordinates": [[[-77.01755662195022, 38.95108911365611], [-77.01733502056254, 38.946403220396824], [-77.01607302287205, 38.946437902468794], [-77.01567529061526, 38.94573679676546], [-77.01570328829764, 38.9457927975072], [-77.01351329287328, 38.94489980072688], [-77.01262094770809, 38.94439616616788], [-77.01167355144055, 38.94442083923625], [-77.01154272669805, 38.944337165252236], [-77.01101777736194, 38.94457431400293], [-77.00920671432563, 38.94569870463364], [-77.00888991047779, 38.946052034036704], [-77.00871022134729, 38.94634805974148], [-77.00863142803026, 38.946596225750405], [-77.00859568265572, 38.94701077149723], [-77.0090093127404, 38.95241493167192], [-77.01131698309513, 38.95235086237456], [-77.01134972955431, 38.95223996736831], [-77.01239193659748, 38.95083610225523], [-77.0132433946901, 38.95121574369012], [-77.01755662195022, 38.95108911365611]]]}}, {"type": "Feature", "properties": {"SMD_ID": "6E05", "ANC_ID": "6E", "NAME": "SMD 6E05"}, "geometry": {"type": "Polygon", "coordinates": [[[-77.00459507937447, 38.90890488336351], [-77.0101277972593, 38.90698268482353], [-77.00988818113804, 38.90655118740171], [-77.01101126381961, 38.90614535985475], [-77.01103932806141, 38.906085073324746], [-77.01103698992533, 38.90565287989734], [-77.00588743240993, 38.9056486587109], [-77.00588929348584, 38.907243316708254], [-77.00351570841474, 38.907244736511394], [-77.00351595476161, 38.90826552643247], [-77.00338770592658, 38.90838480974331], [-77.00459507937447, 38.90890488336351]]]}}, {"type": "Feature", "properties": {"SMD_ID": "6E06", "ANC_ID": "6E", "NAME": "SMD 6E06"}, "geometry": {"type": "Polygon", "coordinates": [[[-77.00907084329984, 38.90469155168843], [-77.00906875058025, 38.90373793655642], [-77.00405019505622, 38.90373773196303], [-77.00252984823726, 38.90801794853564], [-77.00338770592658, 38.90838480974331], [-77.00351595476161, 38.90826552643247], [-77.00351570841474, 38.907244736511394], [-77.00588929348584, 38.907243316708254], [-77.00588793008987, 38.90469467421637], [-77.00907084329984, 38.90469155168843]]]}}, {"type": "Feature", "properties": {"SMD_ID": "4D06", "ANC_ID": "4D", "NAME": "SMD 4D06"}, "geometry": {"type": "Polygon", "coordinates": [[[-77.02633894821135, 38.9450681321135], [-77.02350459406036, 38.94515764819593], [-77.02270137636062, 38.946241233265106], [-77.01733502056254, 38.946403220396824], [-77.01750767571022, 38.95002091970231], [-77.02200909228304, 38.949885575189015], [-77.02193607397183, 38.948406429675856], [-77.02693515585949, 38.94826350426495], [-77.02666786473708, 38.94640812986462], [-77.02633894821135, 38.9450681321135]]]}}, {"type": "Feature", "properties": {"SMD_ID": "4D07", "ANC_ID": "4D", "NAME": "SMD 4D07"}, "geometry": {"type": "Polygon", "coordinates": [[[-77.0160360072091, 38.95521665157925], [-77.01663724932341, 38.95441023749905], [-77.0222132579881, 38.9542437389671], [-77.02200909228304, 38.949885575189015], [-77.01750767571022, 38.95002091970231], [-77.01755662195022, 38.95108911365611], [-77.01583873990138, 38.95114250786468], [-77.0160360072091, 38.95521665157925]]]}}, {"type": "Feature", "properties": {"SMD_ID": "6E08", "ANC_ID": "6E", "NAME": "SMD 6E08"}, "geometry": {"type": "Polygon", "coordinates": [[[-77.01893360670401, 38.89981724478294], [-77.01893673879434, 38.89481026899793], [-77.01900938583636, 38.89468665336734], [-77.0199034981467, 38.8944188117295], [-77.01992728169925, 38.893025672172236], [-77.01990172303042, 38.89276645162023], [-77.01639022817132, 38.89179045352392], [-77.01626008996008, 38.89189219426773], [-77.01584500188412, 38.89202563830176], [-77.01557411875535, 38.892074680286896], [-77.01318170032384, 38.892097594830126], [-77.01275261513541, 38.89244428465457], [-77.00906266232555, 38.89511120598857], [-77.00906087857508, 38.896132926146194], [-77.01143382851855, 38.89613037577119], [-77.01242965298536, 38.898864393712145], [-77.01515714136303, 38.89981909306627], [-77.0151754828094, 38.90133683710737], [-77.0161758366681, 38.90133250496785], [-77.01618078741727, 38.90094827977148], [-77.01665291916139, 38.90094723150587], [-77.01680735921768, 38.90063151143917], [-77.01694362576112, 38.900446099712816], [-77.01620022358314, 38.90018417000627], [-77.01620622236528, 38.89979634124003], [-77.01893360670401, 38.89981724478294]]]}}, {"type": "Feature", "properties": {"SMD_ID": "6E09", "ANC_ID": "6E", "NAME": "SMD 6E09"}, "geometry": {"type": "Polygon", "coordinates": [[[-77.0161758366681, 38.90133250496785], [-77.01892916627114, 38.90132974907279], [-77.01893360670401, 38.89981724478294], [-77.01620622236528, 38.89979634124003], [-77.01620022358314, 38.90018417000627], [-77.01694362576112, 38.900446099712816], [-77.01680735921768, 38.90063151143917], [-77.01665291916139, 38.90094723150587], [-77.01618078741727, 38.90094827977148], [-77.0161758366681, 38.90133250496785]]]}}, {"type": "Feature", "properties": {"SMD_ID": "3C03", "ANC_ID": "3C", "NAME": "SMD 3C03"}, "geometry": {"type": "Polygon", "coordinates": [[[-77.05042898317848, 38.93327689260281], [-77.05174971813722, 38.933931092997305], [-77.05242984783219, 38.93369573615373], [-77.05354087854985, 38.93338147316383], [-77.0535762361855, 38.93346775653609], [-77.05459930546724, 38.93280979377896], [-77.05677229779624, 38.9325777944306], [-77.05626309719261, 38.93170320777562], [-77.05791614035611, 38.93110073526842], [-77.05854542634107, 38.93043885135409], [-77.05859563831639, 38.93035072490015], [-77.05860591296447, 38.93022280171751], [-77.0583891795691, 38.92976763008629], [-77.05810796173027, 38.929856321962454], [-77.05787347625551, 38.929974897625264], [-77.05762808776464, 38.93016050003444], [-77.05747725960575, 38.930333894233264], [-77.05645126199083, 38.92856957566096], [-77.05222016688792, 38.927712780158174], [-77.05192463064677, 38.92761796419088], [-77.05161728148705, 38.92745351840772], [-77.05137276035214, 38.927252830776865], [-77.05119303893801, 38.927031665379715], [-77.04989208119544, 38.924768707734614], [-77.04976809299443, 38.924413832751846], [-77.0496893198274, 38.92407046904969], [-77.04965831354492, 38.92376086619386], [-77.04966853000874, 38.92342841870756], [-77.04856400190874, 38.92335161856233], [-77.04872819543958, 38.924517965782535], [-77.04890882201758, 38.924986332015514], [-77.04943474944922, 38.925534978647306], [-77.04958657842347, 38.92642241388816], [-77.04984315510686, 38.92754761470083], [-77.04985274124355, 38.927732641422416], [-77.04976772265266, 38.928014007354996], [-77.04954037326132, 38.92813994110717], [-77.04933198302528, 38.92813265144973], [-77.04905709531087, 38.92805871881276], [-77.04833663184027, 38.927511223348155], [-77.04816550210069, 38.92732811890114], [-77.04768432269664, 38.92701155678916], [-77.047052264124, 38.926724519730804], [-77.04690534844295, 38.926527197544864], [-77.04670292142785, 38.926091131890146], [-77.04642191913189, 38.92597950466953], [-77.04599553001917, 38.925958819012], [-77.04500100361662, 38.926550106839876], [-77.04478888361301, 38.92671067150492], [-77.04470763324454, 38.92712765256654], [-77.04474580307934, 38.92749040285494], [-77.04466073218258, 38.92771996728278], [-77.04451110212536, 38.92833994057856], [-77.0446328466418, 38.92869719992178], [-77.0447750427019, 38.92887478947659], [-77.04497423996325, 38.92909676791528], [-77.04526801795896, 38.9293335731248], [-77.04565680911178, 38.9297184281531], [-77.04590333026873, 38.9299921932789], [-77.04623533741737, 38.93048067321305], [-77.0470413222668, 38.93141316209922], [-77.04723089065737, 38.931546318538174], [-77.0476763363358, 38.93174603205094], [-77.04838701860193, 38.931930770638566], [-77.04869973479863, 38.93198243852475], [-77.04932519546132, 38.93217468377752], [-77.04984639999412, 38.93218932635322], [-77.05021595500793, 38.932240965925295], [-77.05059507508452, 38.932411059438984], [-77.0507846916801, 38.93256646059179], [-77.05090802658417, 38.93280323533819], [-77.05090809534279, 38.93289953411229], [-77.05087965507292, 38.93296611788616], [-77.05042898317848, 38.93327689260281]]]}}, {"type": "Feature", "properties": {"SMD_ID": "3C08", "ANC_ID": "3C", "NAME": "SMD 3C08"}, "geometry": {"type": "Polygon", "coordinates": [[[-77.06680098056239, 38.939090324276464], [-77.06863877810925, 38.939093042995125], [-77.06863847415906, 38.937339667822414], [-77.0708886882836, 38.93733967598251], [-77.07088164258893, 38.9317611068336], [-77.07265212930054, 38.93187883926727], [-77.07314101249955, 38.92882795924428], [-77.07319132655813, 38.92818383314515], [-77.07317216987673, 38.92311459272259], [-77.07311347846766, 38.92289563706899], [-77.07290958835186, 38.92255128607823], [-77.07022925738181, 38.92255542294831], [-77.06995333976342, 38.92294827936955], [-77.06959866216971, 38.92330046441611], [-77.06917489011559, 38.92360240481733], [-77.06869855069134, 38.923843829634805], [-77.06820933849181, 38.924013193426624], [-77.06767987893478, 38.92412393429731], [-77.06707960663195, 38.92416922292773], [-77.06648428629383, 38.924133773067226], [-77.06635478067358, 38.92418319426675], [-77.06638754208198, 38.92480112855533], [-77.06638639670814, 38.92753470376237], [-77.06324215205967, 38.92752779958886], [-77.06325619822096, 38.93051711106137], [-77.06468116292766, 38.93107664809261], [-77.06639260252868, 38.93147475655927], [-77.06639395020044, 38.938247829889896], [-77.06642184520786, 38.93847590416593], [-77.0664990985985, 38.93869404122639], [-77.06662444141072, 38.938901611117416], [-77.06680098056239, 38.939090324276464]]]}}, {"type": "Feature", "properties": {"SMD_ID": "7C01", "ANC_ID": "7C", "NAME": "SMD 7C01"}, "geometry": {"type": "Polygon", "coordinates": [[[-76.9307089279827, 38.90156269929506], [-76.93123181718826, 38.90148598676568], [-76.93376322666978, 38.90149141305233], [-76.93376101317895, 38.898983528780185], [-76.93008301669958, 38.898360384842626], [-76.9256737252754, 38.898355662908685], [-76.92514581114425, 38.89975471226536], [-76.92663686711649, 38.8997509737628], [-76.92663874056183, 38.899834932887416], [-76.9266188277993, 38.900028960527294], [-76.9265409737697, 38.90017845042641], [-76.92603199169295, 38.90052242890065], [-76.92588311239486, 38.900680701554], [-76.92577225866766, 38.9008555735655], [-76.92568596828748, 38.90113297624801], [-76.92566033531675, 38.90172444892173], [-76.92563046498374, 38.9018461328602], [-76.92968285724069, 38.90183576021695], [-76.93011062559056, 38.90177331871064], [-76.9307089279827, 38.90156269929506]]]}}, {"type": "Feature", "properties": {"SMD_ID": "7C02", "ANC_ID": "7C", "NAME": "SMD 7C02"}, "geometry": {"type": "Polygon", "coordinates": [[[-76.92469344066394, 38.895064124906334], [-76.92590600581607, 38.891736486316354], [-76.92696968022689, 38.89187309255356], [-76.92795947462496, 38.89189217433683], [-76.92796824157564, 38.8897735804503], [-76.91778261874207, 38.8897681525354], [-76.91778018464153, 38.89303061588916], [-76.91807094737521, 38.89316781053762], [-76.91817561657756, 38.893255499354254], [-76.9182322254364, 38.89338692613649], [-76.91823379688017, 38.8935848051876], [-76.91831839848903, 38.893722476296865], [-76.91848095375019, 38.893874768306596], [-76.91870926457112, 38.894023970948155], [-76.91951927008868, 38.89421961713828], [-76.92008181448436, 38.89441307079344], [-76.92072630243874, 38.89458193946879], [-76.92108216818926, 38.89457675738024], [-76.92126800056911, 38.894628617856014], [-76.92188721688076, 38.894636726698685], [-76.92278349243641, 38.89482622813358], [-76.92469344066394, 38.895064124906334]]]}}, {"type": "Feature", "properties": {"SMD_ID": "7C03", "ANC_ID": "7C", "NAME": "SMD 7C03"}, "geometry": {"type": "Polygon", "coordinates": [[[-76.92985936297946, 38.89834894527782], [-76.93066490733514, 38.89844841907165], [-76.93070664515007, 38.89797872061927], [-76.93086653249217, 38.89762622788442], [-76.93101911112313, 38.8974391242145], [-76.9312193981963, 38.89726826349911], [-76.9317800361733, 38.89698203606673], [-76.93190993674227, 38.89687878587366], [-76.93206455463684, 38.89660358016364], [-76.93212708780686, 38.896232516769636], [-76.9332534170708, 38.896216905629444], [-76.9332115142995, 38.895909065710555], [-76.93296739914946, 38.895377792411516], [-76.93290749359598, 38.89509309351758], [-76.9329155719372, 38.89030235455037], [-76.93287854348807, 38.89008703303503], [-76.93273821798344, 38.88976990242392], [-76.92796824157564, 38.8897735804503], [-76.92795947462496, 38.89189217433683], [-76.92696968022689, 38.89187309255356], [-76.92590600581607, 38.891736486316354], [-76.92469344066394, 38.895064124906334], [-76.92278349243641, 38.89482622813358], [-76.92188721688076, 38.894636726698685], [-76.92189388368124, 38.895812323606364], [-76.92503514287561, 38.89579249128464], [-76.92629163784586, 38.89658911720877], [-76.9256737252754, 38.898355662908685], [-76.92985936297946, 38.89834894527782]]]}}, {"type": "Feature", "properties": {"SMD_ID": "7C04", "ANC_ID": "7C", "NAME": "SMD 7C04"}, "geometry": {"type": "Polygon", "coordinates": [[[-76.92439584199835, 38.904871590176], [-76.92450639946067, 38.9047134028742], [-76.92474970332388, 38.90467284206517], [-76.93375934360799, 38.90467991904892], [-76.93376239082893, 38.90363314981687], [-76.93588633755259, 38.903634694994814], [-76.93644391247595, 38.90371598476429], [-76.93666068615387, 38.90287464986245], [-76.93659358507627, 38.902775683678726], [-76.93830019818388, 38.902743806992184], [-76.93917656407972, 38.902792371149594], [-76.93919079649413, 38.900567313742606], [-76.93715912519741, 38.899736856705346], [-76.93655811928699, 38.89953910459636], [-76.93557974855713, 38.89929870350933], [-76.93376101317895, 38.898983528780185], [-76.93376322666978, 38.90149141305233], [-76.93123181718826, 38.90148598676568], [-76.9307625480146, 38.901549578878274], [-76.93098302725788, 38.90196904849303], [-76.930988087761, 38.9021006636158], [-76.93092384693942, 38.90224746190871], [-76.93082991374415, 38.90234100318489], [-76.93066323580491, 38.90243360039856], [-76.93037457086388, 38.902540448029555], [-76.92998804033965, 38.90263372380232], [-76.92951106805755, 38.90266721834582], [-76.9273173972564, 38.90267028832333], [-76.92402977111685, 38.90289295534187], [-76.92369037529855, 38.903855277206134], [-76.92352930135745, 38.90419310238369], [-76.92439584199835, 38.904871590176]]]}}, {"type": "Feature", "properties": {"SMD_ID": "7C05", "ANC_ID": "7C", "NAME": "SMD 7C05"}, "geometry": {"type": "Polygon", "coordinates": [[[-76.92189388368124, 38.895812323606364], [-76.92188721688076, 38.894636726698685], [-76.92126800056911, 38.894628617856014], [-76.92108216818926, 38.89457675738024], [-76.92072630243874, 38.89458193946879], [-76.92008181448436, 38.89441307079344], [-76.91951927008868, 38.89421961713828], [-76.91872770176843, 38.89402956896833], [-76.91850545080543, 38.893893432732554], [-76.91831839848903, 38.893722476296865], [-76.91822529286867, 38.89356204408158], [-76.9182322254364, 38.89338692613649], [-76.91817561657756, 38.893255499354254], [-76.91807094737521, 38.89316781053762], [-76.91778018464153, 38.89303061588916], [-76.91778261874207, 38.8897681525354], [-76.91379520517414, 38.88976870109382], [-76.91324525735583, 38.88974415148094], [-76.90914995593276, 38.89293143646814], [-76.91635163813743, 38.898572335137175], [-76.91648340667845, 38.8984213410888], [-76.9165967478498, 38.89838325361105], [-76.91778378879253, 38.898375356918926], [-76.91778127537657, 38.897155351933336], [-76.92052119363157, 38.89715085219913], [-76.92051542053622, 38.89581409634105], [-76.92189388368124, 38.895812323606364]]]}}, {"type": "Feature", "properties": {"SMD_ID": "3D07", "ANC_ID": "3D", "NAME": "SMD 3D07"}, "geometry": {"type": "Polygon", "coordinates": [[[-77.08201282940745, 38.924649227256765], [-77.08621178733722, 38.92549578897252], [-77.08622012875477, 38.92524120762486], [-77.08626965226927, 38.92499659510922], [-77.08654547737291, 38.924309956897346], [-77.0870643818563, 38.92446496504682], [-77.08758312441775, 38.924767977770145], [-77.08780350357132, 38.924860598130664], [-77.08909097489487, 38.92514897105564], [-77.09027595622439, 38.925090228236286], [-77.09050318251026, 38.92512239236498], [-77.09102556291575, 38.925278731470065], [-77.09135351926622, 38.925261629998005], [-77.09169295265731, 38.92511200616456], [-77.0920996099916, 38.9246886554976], [-77.09233166678287, 38.92453298870377], [-77.09264992305184, 38.924419952594526], [-77.0929770386843, 38.92438050658134], [-77.09323918804108, 38.924398674699745], [-77.09351420908418, 38.924470881879365], [-77.09431287319882, 38.92486669640985], [-77.0948873501741, 38.92508288156382], [-77.09504774631047, 38.924810159333035], [-77.09511922388866, 38.92462065611276], [-77.09509189647443, 38.9239317216411], [-77.0951660237661, 38.923654565190446], [-77.09527510075355, 38.92346998578703], [-77.09542882102487, 38.92329672031933], [-77.09585451602295, 38.92299080945996], [-77.09561648425807, 38.92280912633062], [-77.09540553705546, 38.9227012888912], [-77.09432482082883, 38.92239092847458], [-77.09434583710993, 38.91918736885054], [-77.08874831779477, 38.91917334112442], [-77.08878313247055, 38.91742411230466], [-77.08872430594592, 38.91657521133378], [-77.08860413407322, 38.91609497794743], [-77.08847315695483, 38.915826448540436], [-77.08829399307264, 38.915566513317934], [-77.08803028693383, 38.915287363686176], [-77.08776482110436, 38.915075777317334], [-77.08681466264177, 38.91457427216896], [-77.08643569578327, 38.914323941083225], [-77.0857206486012, 38.91371514363935], [-77.0854937909084, 38.91347739953617], [-77.08533642290311, 38.913254594134145], [-77.08525200126057, 38.913064624770755], [-77.08496547859704, 38.9121208221181], [-77.08132678898525, 38.90717453127275], [-77.08058152868905, 38.906253853499926], [-77.08024718925743, 38.90605571967365], [-77.07992106355584, 38.90597355281755], [-77.07953258092759, 38.90594622533473], [-77.07831262940358, 38.90599423520619], [-77.07831747844695, 38.906745924986346], [-77.07795421255517, 38.90666058858364], [-77.07788651648065, 38.906748564263786], [-77.07791508457785, 38.90810870720171], [-77.07756400680094, 38.90863494736436], [-77.07757603883819, 38.90909689652784], [-77.07764026292996, 38.90951348998135], [-77.07770279061333, 38.9096951648082], [-77.07828004144605, 38.91081011191966], [-77.07844161084866, 38.910820831591], [-77.0785221941752, 38.910894609865636], [-77.07891138476928, 38.91170454021505], [-77.07916542546576, 38.91195221494482], [-77.07918527416302, 38.91238280933888], [-77.0792391499094, 38.912637862070845], [-77.07946400055197, 38.91263731299936], [-77.07949186490205, 38.912736953344314], [-77.07881160365712, 38.91275866485156], [-77.07889397739255, 38.91329165089721], [-77.07908701102073, 38.91370084142649], [-77.0793816351594, 38.91406251570281], [-77.08042461064915, 38.91486861644082], [-77.08056317033089, 38.915038976785745], [-77.08100917973685, 38.91623072380643], [-77.08172487644256, 38.91723831233719], [-77.08171105910498, 38.917436784639996], [-77.08255990848136, 38.91869611163431], [-77.08263034444238, 38.921186919491554], [-77.08201282940745, 38.924649227256765]]]}}, {"type": "Feature", "properties": {"SMD_ID": "2E01", "ANC_ID": "2E", "NAME": "SMD 2E01"}, "geometry": {"type": "Polygon", "coordinates": [[[-77.06779707027582, 38.915769108687726], [-77.06938480499656, 38.91773334504537], [-77.06945234225104, 38.917591063329134], [-77.06941253707224, 38.91660773714315], [-77.07057236922925, 38.916559388301955], [-77.07131291971452, 38.916366430544144], [-77.07156252934516, 38.91633339751155], [-77.07191379272204, 38.91635570269556], [-77.07245220714829, 38.91650797130443], [-77.07285821560167, 38.91652573552355], [-77.07294731801004, 38.916574126763095], [-77.07487437143028, 38.91653166766561], [-77.07488914566021, 38.91687510100725], [-77.07572065093272, 38.916862926361226], [-77.07572767236721, 38.917426753519024], [-77.08171105910498, 38.917436784639996], [-77.08172487644256, 38.91723831233719], [-77.08100917973685, 38.91623072380643], [-77.08056317033089, 38.915038976785745], [-77.08042461064915, 38.91486861644082], [-77.0793816351594, 38.91406251570281], [-77.07908701102073, 38.91370084142649], [-77.07889397739255, 38.91329165089721], [-77.07881160365712, 38.91275866485156], [-77.07949186490205, 38.912736953344314], [-77.07946400055197, 38.91263731299936], [-77.0792391499094, 38.912637862070845], [-77.07918527416302, 38.91238280933888], [-77.07916542546576, 38.91195221494482], [-77.07891138476928, 38.91170454021505], [-77.07848714109222, 38.91085087988187], [-77.07844161084866, 38.910820831591], [-77.07828004144605, 38.91081011191966], [-77.07641431044938, 38.91081978785312], [-77.07566231210681, 38.910783784442984], [-77.07565230523963, 38.91037178520257], [-77.0739453105461, 38.9103527893967], [-77.07395658375711, 38.91072794384269], [-77.07400074091782, 38.9107922264639], [-77.07398508015739, 38.91145613340129], [-77.07410626993627, 38.91167558094383], [-77.0741193095232, 38.91214065544921], [-77.07408033310753, 38.91259147567311], [-77.07117393488345, 38.91261940644593], [-77.06924775465626, 38.91268263137998], [-77.06932926968449, 38.91457649657758], [-77.0679248278598, 38.91456731319275], [-77.06794119343249, 38.915636332169505], [-77.06790517047095, 38.9157079693902], [-77.06779707027582, 38.915769108687726]]]}}, {"type": "Feature", "properties": {"SMD_ID": "3F04", "ANC_ID": "3F", "NAME": "SMD 3F04"}, "geometry": {"type": "Polygon", "coordinates": [[[-77.06517376947876, 38.95330811845354], [-77.07174826348383, 38.95331453790721], [-77.0719101022653, 38.953291917790146], [-77.07175623907544, 38.95298582111433], [-77.07161996745987, 38.95261908775679], [-77.07151355012367, 38.95199541994715], [-77.07153303962697, 38.95141329323057], [-77.07171174878705, 38.95073377948649], [-77.06984735226044, 38.95073544877556], [-77.06984802321311, 38.95142016750463], [-77.0677301521204, 38.95142249468472], [-77.06732722324628, 38.95073368434156], [-77.06517291366414, 38.9507318423801], [-77.06517376947876, 38.95330811845354]]]}}, {"type": "Feature", "properties": {"SMD_ID": "3F05", "ANC_ID": "3F", "NAME": "SMD 3F05"}, "geometry": {"type": "Polygon", "coordinates": [[[-77.05863309201953, 38.94097454899369], [-77.05863629321777, 38.94206176725389], [-77.05993430446179, 38.942062793465645], [-77.05833630786736, 38.942575795335685], [-77.05842030346848, 38.94321979209969], [-77.06052130436488, 38.94322579468325], [-77.0604893023889, 38.94429579780319], [-77.06087930010744, 38.944307792561126], [-77.06124830947545, 38.94420579712963], [-77.06149730358668, 38.944704797615444], [-77.06166530151263, 38.944646794831584], [-77.06171723115551, 38.94448366336801], [-77.06229312924879, 38.94429162548531], [-77.06258099839289, 38.9442570240296], [-77.06356104430256, 38.944259467971655], [-77.06567998508402, 38.94790268851507], [-77.06691075557048, 38.947903251688736], [-77.0669135729554, 38.94709493684446], [-77.069846669637, 38.94709547319246], [-77.0698502782304, 38.9442443123639], [-77.0698249183859, 38.944038857450444], [-77.06939275513656, 38.94332370344807], [-77.06867575640852, 38.94179776195002], [-77.06851129197749, 38.941582740420316], [-77.06804357712707, 38.941126833627806], [-77.06785437041847, 38.94088383677767], [-77.06744567838295, 38.94073519322646], [-77.06669960818179, 38.94058693042228], [-77.06580973019398, 38.94049320806086], [-77.06513424569825, 38.940482506216235], [-77.06435951205722, 38.940543561185656], [-77.06297585584325, 38.940851497695206], [-77.0622953680396, 38.94095298044324], [-77.0616562119093, 38.94097939834458], [-77.05863309201953, 38.94097454899369]]]}}, {"type": "Feature", "properties": {"SMD_ID": "5D09", "ANC_ID": "5D", "NAME": "SMD 5D09"}, "geometry": {"type": "Polygon", "coordinates": [[[-76.9582241443839, 38.90550010609069], [-76.9681684549823, 38.90565050701796], [-76.96847744581741, 38.90562626823971], [-76.97417501259837, 38.90563081938587], [-76.97417481049425, 38.899501443495005], [-76.97621920782973, 38.89949719316185], [-76.97622189290817, 38.899050469048184], [-76.97626135425537, 38.89887466086638], [-76.96949464648605, 38.89770186760522], [-76.96424149657295, 38.89724380686018], [-76.96191120788227, 38.89707106462209], [-76.96186029755101, 38.89746650624862], [-76.96187141426596, 38.89778269447709], [-76.96194984671914, 38.898134055267235], [-76.96220789725345, 38.89889831850028], [-76.96228625830352, 38.89939020041184], [-76.96226368092658, 38.89957468437305], [-76.96215114190662, 38.8998381425435], [-76.96199372924028, 38.90015428491513], [-76.96175756767656, 38.900487967609386], [-76.95984419069612, 38.90258780462621], [-76.95918040728469, 38.903555522475166], [-76.95878618225794, 38.90423173136381], [-76.9582241443839, 38.90550010609069]]]}}, {"type": "Feature", "properties": {"SMD_ID": "3F06", "ANC_ID": "3F", "NAME": "SMD 3F06"}, "geometry": {"type": "Polygon", "coordinates": [[[-77.06624046692342, 38.961020702508485], [-77.06917795907388, 38.96102464058009], [-77.06866515499974, 38.960371573774545], [-77.06801012286027, 38.95974399075685], [-77.06812048924944, 38.95969068768073], [-77.07010015487455, 38.959691499331576], [-77.07001363655507, 38.95935500250256], [-77.07000116513882, 38.95899179681955], [-77.07009308384589, 38.95860213436072], [-77.07024840596046, 38.95827630231513], [-77.07041996388773, 38.958036128861735], [-77.07294712297117, 38.95507230072667], [-77.0719101022653, 38.953291917790146], [-77.07174826348383, 38.95331453790721], [-77.06253022701797, 38.953313075503786], [-77.06160812062086, 38.95281576791094], [-77.06163252039042, 38.95274855333095], [-77.06163428708636, 38.951856463005164], [-77.06016199174073, 38.95186065309083], [-77.05989367295734, 38.951887049985935], [-77.05847520180997, 38.95112598328777], [-77.05795136638201, 38.95074393288546], [-77.05761663803844, 38.950387640816466], [-77.05741531689064, 38.950086412981435], [-77.0572771227774, 38.94981262911931], [-77.05671436050429, 38.947897743181116], [-77.05607656211444, 38.94792813853349], [-77.05540489279228, 38.94801683004442], [-77.05481089207265, 38.948148630969484], [-77.05416006677298, 38.94834639582775], [-77.05446803486545, 38.948893325596224], [-77.05457460928012, 38.949018941391714], [-77.05478293560068, 38.9491481127595], [-77.05545580464717, 38.949400567811026], [-77.05560922873262, 38.94953922242231], [-77.05570050342017, 38.9497166420548], [-77.05530927393143, 38.94981934201634], [-77.05431352749515, 38.95035625182023], [-77.05406060189824, 38.95044374934422], [-77.0535969703483, 38.95047845551863], [-77.05298356789424, 38.950366284816546], [-77.05307689438234, 38.95054881322935], [-77.05311089793477, 38.950711514286375], [-77.05304519403134, 38.95124856348313], [-77.05309867047171, 38.951487348584614], [-77.05319845619732, 38.951634948845914], [-77.0533441141901, 38.951724154475606], [-77.05456777148962, 38.95199176604743], [-77.05473568673344, 38.952066816556744], [-77.05487909326446, 38.95222493461787], [-77.05508612278263, 38.9527531724876], [-77.05566172078849, 38.9533832987594], [-77.05590678059308, 38.95355271750107], [-77.05693202924591, 38.95409046692779], [-77.05744708373615, 38.95443288958373], [-77.05762125768398, 38.9546753064966], [-77.05766705301241, 38.95480959721716], [-77.05765561760576, 38.95493526821564], [-77.05754146498069, 38.955300970093205], [-77.05758314975817, 38.95548796122337], [-77.0578064506251, 38.95569999574178], [-77.05830240157538, 38.95594108096435], [-77.0584351118809, 38.95612081972643], [-77.0584435485697, 38.956279180845435], [-77.05835982592713, 38.95646668469987], [-77.05821287416093, 38.956649355523105], [-77.0580683684936, 38.95671987202707], [-77.05815732345722, 38.95687765263263], [-77.0588375379034, 38.95739979168931], [-77.05909019591535, 38.957509565098505], [-77.0593863146689, 38.957589408453494], [-77.060029530639, 38.95772600559023], [-77.06066012250515, 38.95781666358822], [-77.06336553682577, 38.95803448977851], [-77.06512583447169, 38.95848559321078], [-77.06521506162673, 38.958593516520594], [-77.06619053496318, 38.96080224446535], [-77.06624046692342, 38.961020702508485]]]}}, {"type": "Feature", "properties": {"SMD_ID": "6E02", "ANC_ID": "6E", "NAME": "SMD 6E02"}, "geometry": {"type": "Polygon", "coordinates": [[[-77.01765983927201, 38.902528581878194], [-77.01763051064508, 38.90374175954528], [-77.01617742101494, 38.90374323098589], [-77.01618252252867, 38.904886570498796], [-77.01803531991457, 38.90423738242755], [-77.01783153783488, 38.90392422027294], [-77.01783188390523, 38.90374059392684], [-77.01892669002773, 38.90372813428109], [-77.01892994567585, 38.902528941479346], [-77.01765983927201, 38.902528581878194]]]}}, {"type": "Feature", "properties": {"SMD_ID": "4D03", "ANC_ID": "4D", "NAME": "SMD 4D03"}, "geometry": {"type": "Polygon", "coordinates": [[[-77.02236782285755, 38.9574550663025], [-77.02408989145795, 38.957405088609875], [-77.0240356507272, 38.95633554854076], [-77.02744442462202, 38.956234626106685], [-77.0279026805599, 38.95695795337812], [-77.02801074176537, 38.95702135472641], [-77.02814258581704, 38.95703648397198], [-77.02757454949557, 38.95291360719926], [-77.02215566961198, 38.953069521896595], [-77.02236782285755, 38.9574550663025]]]}}, {"type": "Feature", "properties": {"SMD_ID": "4C03", "ANC_ID": "4C", "NAME": "SMD 4C03"}, "geometry": {"type": "Polygon", "coordinates": [[[-77.02520038766993, 38.93512513660968], [-77.02429984338448, 38.93633629523335], [-77.0230886304015, 38.93663003119685], [-77.02314282798491, 38.93765660620419], [-77.02331812444194, 38.93765172489767], [-77.0230780515806, 38.937977701764154], [-77.02316444558136, 38.93816079632973], [-77.02319196641908, 38.938727592889535], [-77.02505741942822, 38.93868540934935], [-77.02970672523595, 38.93868377962823], [-77.02972729757006, 38.93629261168211], [-77.02600109057478, 38.935310063809574], [-77.02583340037434, 38.935218000115626], [-77.02552721638783, 38.93513865020087], [-77.02520038766993, 38.93512513660968]]]}}, {"type": "Feature", "properties": {"SMD_ID": "4C06", "ANC_ID": "4C", "NAME": "SMD 4C06"}, "geometry": {"type": "Polygon", "coordinates": [[[-77.02340306829186, 38.94300874175223], [-77.02325194847057, 38.9397973160176], [-77.02179215553831, 38.93985747544351], [-77.0216129116729, 38.939948231254874], [-77.02088145454577, 38.940937763065264], [-77.01448924387796, 38.94112367053139], [-77.01437261967718, 38.941089363339714], [-77.0141890284843, 38.941307656677964], [-77.0135264626468, 38.94196245781571], [-77.01280840989841, 38.94260329836009], [-77.012615255566, 38.94286771264812], [-77.01240839142865, 38.94330454669361], [-77.01340745467692, 38.943303265279404], [-77.01855095973679, 38.943151042683716], [-77.01860880346469, 38.943352188562656], [-77.01877484335141, 38.943535480666405], [-77.01901976775522, 38.943652999220305], [-77.01928670152492, 38.943682502661716], [-77.01954311693905, 38.943633635152125], [-77.01978958525858, 38.94348955116355], [-77.01992403336186, 38.94330116502274], [-77.01995627796924, 38.943108472236446], [-77.02340306829186, 38.94300874175223]]]}}, {"type": "Feature", "properties": {"SMD_ID": "4C07", "ANC_ID": "4C", "NAME": "SMD 4C07"}, "geometry": {"type": "Polygon", "coordinates": [[[-77.02325194847057, 38.9397973160176], [-77.02316571866461, 38.93817403827399], [-77.0230780515806, 38.937977701764154], [-77.02331812444194, 38.93765172489767], [-77.02314282798491, 38.93765660620419], [-77.0230886304015, 38.93663003119685], [-77.02147119180265, 38.937020759222776], [-77.01966823491061, 38.937261237785556], [-77.01824868986604, 38.93760027014967], [-77.01751367890913, 38.937831715687885], [-77.01718833616748, 38.93804634162934], [-77.01524414526094, 38.93979133807102], [-77.0146205544403, 38.94077593410624], [-77.01437261967718, 38.941089363339714], [-77.01448924387796, 38.94112367053139], [-77.02088145454577, 38.940937763065264], [-77.0216129116729, 38.939948231254874], [-77.02179215553831, 38.93985747544351], [-77.02325194847057, 38.9397973160176]]]}}, {"type": "Feature", "properties": {"SMD_ID": "2F01", "ANC_ID": "2F", "NAME": "SMD 2F01"}, "geometry": {"type": "Polygon", "coordinates": [[[-77.02703744104244, 38.914097649424484], [-77.03195371427985, 38.91410157911612], [-77.03195303217574, 38.917005578374344], [-77.03453446687942, 38.91700988859189], [-77.03455194076777, 38.91261633743386], [-77.02789633103322, 38.91261481005195], [-77.02744809641182, 38.91334225855664], [-77.02715685605885, 38.91365769954173], [-77.0270377451281, 38.913683193738834], [-77.02703744104244, 38.914097649424484]]]}}, {"type": "Feature", "properties": {"SMD_ID": "3/4G03", "ANC_ID": "3/4G", "NAME": "SMD 3/4G03"}, "geometry": {"type": "Polygon", "coordinates": [[[-77.05620574242796, 38.96004320991775], [-77.05619147541995, 38.9636061625839], [-77.05626018004872, 38.96381647226831], [-77.05637669352943, 38.96393001022316], [-77.05882569983571, 38.96568856576435], [-77.0605367851105, 38.966767241023895], [-77.06087767412532, 38.967069020522736], [-77.06112803967622, 38.96689746294655], [-77.0628280632054, 38.96491132370395], [-77.06800940129341, 38.96491256865153], [-77.0663313606432, 38.96111646282137], [-77.06624046692342, 38.961020702508485], [-77.06619053496318, 38.96080224446535], [-77.06521506162673, 38.958593516520594], [-77.06512583447169, 38.95848559321078], [-77.06336553682577, 38.95803448977851], [-77.06066012250515, 38.95781666358822], [-77.05956783451445, 38.957631024376546], [-77.05911789344813, 38.957518649444104], [-77.058809603831, 38.9573835908667], [-77.05817084425688, 38.95689052772633], [-77.0580683684936, 38.95671987202707], [-77.0574653334394, 38.95674881627137], [-77.05733811767153, 38.956814729155745], [-77.05720741752185, 38.956981446099526], [-77.0569821862138, 38.957662310680554], [-77.05688276771943, 38.957865135121395], [-77.05671943121942, 38.958039974795064], [-77.0563297726619, 38.95830311439244], [-77.05612068914584, 38.958568598369624], [-77.05601692749237, 38.958799169569076], [-77.0560096591067, 38.95894645813889], [-77.05620574242796, 38.96004320991775]]]}}, {"type": "Feature", "properties": {"SMD_ID": "3/4G04", "ANC_ID": "3/4G", "NAME": "SMD 3/4G04"}, "geometry": {"type": "Polygon", "coordinates": [[[-77.06800940129341, 38.96491256865153], [-77.0628280632054, 38.96491132370395], [-77.06112803967622, 38.96689746294655], [-77.06087767412532, 38.967069020522736], [-77.06118720291917, 38.967666646260746], [-77.06148518722586, 38.968920888174694], [-77.06162406083892, 38.96925168788531], [-77.06418985320825, 38.972846127121585], [-77.06638094883466, 38.97284517413387], [-77.06638316889025, 38.9754760280423], [-77.06663665577443, 38.97553966216786], [-77.0668966895996, 38.975717192093825], [-77.07173997151372, 38.971932780734434], [-77.07014322722799, 38.969704957236786], [-77.06800940129341, 38.96491256865153]]]}}, {"type": "Feature", "properties": {"SMD_ID": "2A08", "ANC_ID": "2A", "NAME": "SMD 2A08"}, "geometry": {"type": "Polygon", "coordinates": [[[-77.04490191672883, 38.90374997304315], [-77.05295245380692, 38.90374604290478], [-77.05310992726925, 38.90373263905553], [-77.05330541249694, 38.90364394383444], [-77.0507249984108, 38.9027429959146], [-77.05078920158657, 38.90245180889753], [-77.05071631064365, 38.90226335869257], [-77.05062124454469, 38.90216367740081], [-77.05043048365788, 38.90205232651327], [-77.05012219321341, 38.90199448139623], [-77.05013066065175, 38.90070642649267], [-77.0488260546193, 38.90069953814355], [-77.04883876662062, 38.89958282032289], [-77.04490758466856, 38.899586559714315], [-77.04490191672883, 38.90374997304315]]]}}, {"type": "Feature", "properties": {"SMD_ID": "6D02", "ANC_ID": "6D", "NAME": "SMD 6D02"}, "geometry": {"type": "Polygon", "coordinates": [[[-77.0162330733389, 38.87929008224778], [-77.00906058374113, 38.87929338141434], [-77.00905669124585, 38.8816765606431], [-77.0109409633622, 38.88220230003936], [-77.01168379742818, 38.882368432845524], [-77.01249600892696, 38.882484466881], [-77.01358383433733, 38.882504434113876], [-77.01319747924333, 38.88268221391308], [-77.01296826480515, 38.882823671281166], [-77.01271981521967, 38.883039449488784], [-77.01251977393872, 38.883270896573045], [-77.0123340533253, 38.88367764499458], [-77.01221736641054, 38.88406880138246], [-77.01216785270418, 38.88434122013009], [-77.012153973688, 38.884734707831825], [-77.01224659201887, 38.885123409941556], [-77.01239648264401, 38.88544184049464], [-77.01335661930788, 38.886792739771444], [-77.01374171607861, 38.887568190567045], [-77.02191796719377, 38.88757065378294], [-77.02190804699566, 38.88232850553228], [-77.01798919407902, 38.882347633133215], [-77.01756282668794, 38.88230552976661], [-77.01756134402038, 38.88129209519374], [-77.01622707587102, 38.88129697258348], [-77.0162330733389, 38.87929008224778]]]}}, {"type": "Feature", "properties": {"SMD_ID": "5D02", "ANC_ID": "5D", "NAME": "SMD 5D02"}, "geometry": {"type": "Polygon", "coordinates": [[[-76.98577555358702, 38.91048209090395], [-76.97840626903985, 38.91700059305873], [-76.97816927728793, 38.91728978856704], [-76.97829751700893, 38.91811174163224], [-76.98185327979827, 38.9172857884018], [-76.99294127981715, 38.91347479173994], [-76.99264559277862, 38.91304821966344], [-76.99229656629228, 38.91244620588239], [-76.99220468760105, 38.912184570564634], [-76.99090125605824, 38.91239734343985], [-76.99041463321268, 38.912414636587926], [-76.98990149107934, 38.91234751727368], [-76.98961774602176, 38.91225858009224], [-76.98930068943396, 38.91210342787212], [-76.98845770925672, 38.91145753967683], [-76.98816256788771, 38.91128977482882], [-76.98577555358702, 38.91048209090395]]]}}, {"type": "Feature", "properties": {"SMD_ID": "6D03", "ANC_ID": "6D", "NAME": "SMD 6D03"}, "geometry": {"type": "Polygon", "coordinates": [[[-77.01991524479602, 38.88129018606507], [-77.02190817678778, 38.8812873879225], [-77.02192452054022, 38.87930305234066], [-77.02206850233499, 38.879122641148655], [-77.02273045026585, 38.87864198842492], [-77.02179088810496, 38.87790101984997], [-77.02114910359707, 38.87731384447884], [-77.02069700178457, 38.876816373711556], [-77.02047644608251, 38.876653036300965], [-77.02024249272779, 38.87654516549688], [-77.01988740460953, 38.876469240677004], [-77.0189239421638, 38.87646900441922], [-77.01892987610589, 38.878462921860375], [-77.01888969983086, 38.87854576956236], [-77.01888517278985, 38.879294187658665], [-77.01989590165317, 38.87929239831899], [-77.01991524479602, 38.88129018606507]]]}}, {"type": "Feature", "properties": {"SMD_ID": "6D01", "ANC_ID": "6D", "NAME": "SMD 6D01"}, "geometry": {"type": "Polygon", "coordinates": [[[-77.02191796719377, 38.88757065378294], [-77.03195390115773, 38.88757500542651], [-77.03199102410672, 38.88438119011035], [-77.03202429299141, 38.88408596717694], [-77.03216348819089, 38.88344731538587], [-77.0327047038158, 38.88261798802224], [-77.03351664193306, 38.88160699852993], [-77.0343230623521, 38.88048195859065], [-77.03452580152391, 38.880295857516884], [-77.03477903840395, 38.88012579401261], [-77.03532853452865, 38.87986240384184], [-77.03577737473637, 38.879750112706624], [-77.03668939319022, 38.87962551391663], [-77.03704132400811, 38.87954892156182], [-77.03754794964414, 38.87953254466343], [-77.03796592169707, 38.879465477165944], [-77.03864680989201, 38.879249682962566], [-77.03918705362565, 38.87896528809343], [-77.03965197431054, 38.8785691221271], [-77.0438104958563, 38.87424246971409], [-77.04327951615382, 38.87384635206461], [-77.04275359159686, 38.87331856330359], [-77.04240611045607, 38.873064112523444], [-77.04222594395736, 38.87278689913858], [-77.04180227504335, 38.87249797187606], [-77.04164057721681, 38.87226696406715], [-77.04075397592963, 38.871518408115314], [-77.04046846994686, 38.87119789823137], [-77.04034667627573, 38.87101209694814], [-77.04022977337833, 38.87091547707669], [-77.03995218364629, 38.87052406700487], [-77.0397812281496, 38.870204416980336], [-77.03945392644617, 38.869719515322274], [-77.03894533130027, 38.86874353481238], [-77.03876738000916, 38.86846901768039], [-77.03849831090766, 38.86781960026414], [-77.03828411826342, 38.867427084099184], [-77.03800913963121, 38.86670028511189], [-77.03794494268686, 38.86645563748235], [-77.03783890168665, 38.86574436751112], [-77.03779136874167, 38.86563186780459], [-77.03774204941209, 38.86519155242087], [-77.03774436297569, 38.864772930587165], [-77.037899575417, 38.86434705245984], [-77.03794965092224, 38.86425848345637], [-77.03809579667903, 38.8641202467453], [-77.03825406899887, 38.86403542579048], [-77.03858324839057, 38.86400730129761], [-77.03890721465683, 38.863928189970814], [-77.03968840297419, 38.86387720965136], [-77.04023793850266, 38.86373333729653], [-77.04078970564267, 38.86366747447192], [-77.0409765309597, 38.86367147185097], [-77.04097548923292, 38.8637435305517], [-77.04127564545222, 38.86374225373358], [-77.0413064964315, 38.8636923361878], [-77.04167174417393, 38.86367491023696], [-77.04216391638803, 38.86376553839313], [-77.0423975484734, 38.86369644930802], [-77.04253144530301, 38.86370874214294], [-77.04267436170767, 38.86358203163658], [-77.0426353864804, 38.86353213923819], [-77.04276526683678, 38.86337984946764], [-77.04266014488319, 38.86331502731004], [-77.04251366813283, 38.86346029644323], [-77.04234866495732, 38.863453690177785], [-77.0417067454835, 38.86323510675504], [-77.0408957005356, 38.862643720684126], [-77.04035896539537, 38.862381942604934], [-77.04015506450673, 38.862454170352514], [-77.03986000328948, 38.862697318619354], [-77.0398185964095, 38.86282804491258], [-77.03980717068467, 38.86320757349858], [-77.03974024917848, 38.86324849451617], [-77.03951272154298, 38.86331532411878], [-77.03832665538843, 38.863383102450896], [-77.03818538081653, 38.86336179878884], [-77.03802377716544, 38.86324672394196], [-77.0378536971469, 38.862138923795996], [-77.03773928793383, 38.86171268237499], [-77.03768095716993, 38.86165702917415], [-77.03770005238025, 38.861597747600015], [-77.0376289388418, 38.86133589573705], [-77.0375448884335, 38.86123061434882], [-77.03741937954608, 38.86116381215366], [-77.03699594935303, 38.86116475785323], [-77.03679544046872, 38.86111158144508], [-77.03678377919351, 38.861064741326615], [-77.03684182932209, 38.86102544630406], [-77.03684191496559, 38.86096815271399], [-77.03675151051958, 38.86082674898099], [-77.03611652350884, 38.8603381501337], [-77.03573140440258, 38.85998639962785], [-77.0354009689883, 38.85977002787289], [-77.0350734406344, 38.85936934194507], [-77.03499390093981, 38.859051908934205], [-77.034588287926, 38.85822865973196], [-77.03444449995985, 38.85798934836096], [-77.03416437887992, 38.85767431591074], [-77.03408944546486, 38.857339764836105], [-77.0340177019327, 38.85716979673835], [-77.03286495980973, 38.85508512604009], [-77.03283507358076, 38.854732544466884], [-77.0326611662599, 38.85410407498105], [-77.03265772202508, 38.85387850480245], [-77.03245934395488, 38.852885380381025], [-77.03226760805387, 38.85230195724924], [-77.03228329586823, 38.85209133570519], [-77.03220111402382, 38.85148977508436], [-77.03222495329335, 38.85096196422418], [-77.0321990922766, 38.850659945496545], [-77.02016383867918, 38.85733789280334], [-77.02031629300856, 38.870021780970085], [-77.02118671489707, 38.87190302290757], [-77.0194164159699, 38.871902168618504], [-77.02188550856411, 38.87648399037271], [-77.02214965733894, 38.87670056550423], [-77.02122462135047, 38.87738294319442], [-77.02179088810496, 38.87790101984997], [-77.02273045026585, 38.87864198842492], [-77.02206850233499, 38.879122641148655], [-77.02192452054022, 38.87930305234066], [-77.02190817678778, 38.8812873879225], [-77.01756134402038, 38.88129209519374], [-77.01756282668794, 38.88230552976661], [-77.01798919407902, 38.882347633133215], [-77.02190804699566, 38.88232850553228], [-77.02191796719377, 38.88757065378294]]]}}, {"type": "Feature", "properties": {"SMD_ID": "6D04", "ANC_ID": "6D", "NAME": "SMD 6D04"}, "geometry": {"type": "Polygon", "coordinates": [[[-77.01521119688157, 38.87646684456607], [-77.01521040362573, 38.87842199092768], [-77.01623483409672, 38.87841788930185], [-77.01623200688216, 38.878655080720264], [-77.01754385760843, 38.87865634135143], [-77.01756134402038, 38.88129209519374], [-77.01991524479602, 38.88129018606507], [-77.01989590165317, 38.87929239831899], [-77.01888517278985, 38.879294187658665], [-77.01888969983086, 38.87854576956236], [-77.01892987610589, 38.878462921860375], [-77.0189239421638, 38.87646900441922], [-77.01521119688157, 38.87646684456607]]]}}, {"type": "Feature", "properties": {"SMD_ID": "7F03", "ANC_ID": "7F", "NAME": "SMD 7F03"}, "geometry": {"type": "Polygon", "coordinates": [[[-76.94260269579965, 38.895998735991796], [-76.94261667022313, 38.89095027071804], [-76.94269959227233, 38.89089445948833], [-76.94456081629733, 38.89088986253852], [-76.94456426577807, 38.88978822069334], [-76.93754520543472, 38.889779408829234], [-76.93783118541018, 38.89034092748411], [-76.93817777647712, 38.89075720838645], [-76.9386591073273, 38.891187702210914], [-76.93920794706808, 38.891534811608814], [-76.93919667563401, 38.895563259903625], [-76.94260269579965, 38.895998735991796]]]}}, {"type": "Feature", "properties": {"SMD_ID": "7F05", "ANC_ID": "7F", "NAME": "SMD 7F05"}, "geometry": {"type": "Polygon", "coordinates": [[[-76.94555770378676, 38.88978889512231], [-76.94554866310183, 38.888525294562385], [-76.94772562330606, 38.887530277445435], [-76.94652122993627, 38.88636093062278], [-76.94707492636634, 38.8860511863133], [-76.94730997592835, 38.8860030076403], [-76.94755270079317, 38.886018431132484], [-76.94784491340978, 38.88613495029551], [-76.94855808203813, 38.886694416913656], [-76.94876892234264, 38.886782584537286], [-76.94892443803427, 38.886902914551406], [-76.94967110886529, 38.88642933465697], [-76.94886391899631, 38.885658406906025], [-76.94818790386665, 38.88489545910535], [-76.94981250594937, 38.88482905597929], [-76.95087915789149, 38.884575292770045], [-76.95074808777537, 38.884274447553885], [-76.95057612477967, 38.8841083503478], [-76.95037978142662, 38.88403160572869], [-76.94981797980743, 38.88392894034979], [-76.94966139683525, 38.88385815713138], [-76.94953814627202, 38.883754597576925], [-76.94945917103104, 38.88362727491339], [-76.949436328455, 38.88349565248089], [-76.94952616765762, 38.883091575041504], [-76.9478737041628, 38.88285482947429], [-76.94667899105683, 38.88283789491149], [-76.94577412167372, 38.88087725250248], [-76.94469315779752, 38.88120564202793], [-76.94402804264492, 38.881497106986444], [-76.94349200572157, 38.881787549658824], [-76.94301588331894, 38.88209387387253], [-76.94258214372798, 38.882433007513534], [-76.94217431488313, 38.88279350223972], [-76.94178487416372, 38.88321346005427], [-76.9414587030123, 38.88363479952831], [-76.94123597481341, 38.883980880031174], [-76.94102334340229, 38.884379754336486], [-76.94079882787312, 38.88492987301139], [-76.94061031326203, 38.8857044083885], [-76.9405085474379, 38.886939225882024], [-76.94039156880747, 38.887339769024486], [-76.94022124212654, 38.88771686293986], [-76.93993975643119, 38.88814614809121], [-76.93950136382784, 38.88861066422401], [-76.93906814854192, 38.888944740036834], [-76.93844734626018, 38.88932033424078], [-76.93830439563166, 38.88946617655405], [-76.9382285757458, 38.88978407821027], [-76.94555770378676, 38.88978889512231]]]}}, {"type": "Feature", "properties": {"SMD_ID": "7F07", "ANC_ID": "7F", "NAME": "SMD 7F07"}, "geometry": {"type": "Polygon", "coordinates": [[[-76.94555770378676, 38.88978889512231], [-76.9525579988402, 38.88980014560859], [-76.95308836682278, 38.88976979438197], [-76.95977525299634, 38.889803502454555], [-76.96785060510183, 38.889798887455974], [-76.96801917831799, 38.88975312613057], [-76.96869726496294, 38.889692962685935], [-76.96926396625457, 38.8895605098547], [-76.96981699812046, 38.889311752583204], [-76.97042968798445, 38.8888935602031], [-76.97112209298454, 38.8882891811141], [-76.97138611929468, 38.88810475447303], [-76.97201396517937, 38.88778600992909], [-76.97224947225843, 38.88771823301134], [-76.97307778457298, 38.88761546106489], [-76.97725788025203, 38.887596711401876], [-76.97726222029145, 38.88453896084503], [-76.97588610082433, 38.88398524568428], [-76.97553179439242, 38.88454998877579], [-76.97546146956644, 38.884568990724624], [-76.96783013030702, 38.884566201387926], [-76.96542428827883, 38.88637704599933], [-76.96493996204626, 38.88690109939698], [-76.95900395936773, 38.886805119369406], [-76.95607149899, 38.88680360293394], [-76.9560762002607, 38.88759219844166], [-76.95356568106918, 38.887591227427286], [-76.95298543088879, 38.88762414616512], [-76.95257954025519, 38.88770424676838], [-76.95220048108496, 38.88781975988068], [-76.95149540198717, 38.88818782191361], [-76.94967110886529, 38.88642933465697], [-76.94892443803427, 38.886902914551406], [-76.94876892234264, 38.886782584537286], [-76.94855808203813, 38.886694416913656], [-76.94778500416413, 38.8860997908327], [-76.94749300421022, 38.88600786450324], [-76.94721960422778, 38.886014317403266], [-76.94699364399973, 38.886084120141106], [-76.94652122993627, 38.88636093062278], [-76.94772562330606, 38.887530277445435], [-76.94554866310183, 38.888525294562385], [-76.94555770378676, 38.88978889512231]]]}}, {"type": "Feature", "properties": {"SMD_ID": "1E01", "ANC_ID": "1E", "NAME": "SMD 1E01"}, "geometry": {"type": "Polygon", "coordinates": [[[-77.01903517175128, 38.937406015878565], [-77.01978900357412, 38.93723905698509], [-77.02147119180265, 38.937020759222776], [-77.02429984338448, 38.93633629523335], [-77.02599025515924, 38.93406223608227], [-77.02577986740417, 38.934026249463216], [-77.02397524413952, 38.93418779216073], [-77.02402379553801, 38.93451352244747], [-77.02239942825759, 38.934671760615295], [-77.02217280829183, 38.93473360078758], [-77.02206707729096, 38.93409835524322], [-77.02206898375648, 38.93392305328553], [-77.02202408379173, 38.93381316044272], [-77.02080110632187, 38.933991748939874], [-77.02007913486975, 38.931258755046755], [-77.01851090850859, 38.93150863420129], [-77.01916648983796, 38.93419111196596], [-77.0192361727053, 38.93674144076695], [-77.01920530879812, 38.93700367743059], [-77.01903517175128, 38.937406015878565]]]}}, {"type": "Feature", "properties": {"SMD_ID": "2F05", "ANC_ID": "2F", "NAME": "SMD 2F05"}, "geometry": {"type": "Polygon", "coordinates": [[[-77.03456622092031, 38.907941633150905], [-77.03618262022573, 38.90735242112483], [-77.03613768591276, 38.90723015570104], [-77.03618742370763, 38.90713948928617], [-77.03237234284315, 38.905802184044326], [-77.03241502528877, 38.905653480358204], [-77.03240210384686, 38.905532510786536], [-77.03228807318663, 38.90538758896565], [-77.03215634656797, 38.90532084638322], [-77.03192470700543, 38.90530006458572], [-77.03171894026835, 38.905334514523], [-77.03160839309517, 38.90539774708372], [-77.03153764466248, 38.90551438832889], [-77.02962530103181, 38.9048423703791], [-77.02962429168637, 38.90638157363463], [-77.03045841965307, 38.90638135914263], [-77.03045579961586, 38.906725559877], [-77.03117229705568, 38.90698621666914], [-77.03102094731807, 38.90724143646431], [-77.03456835365087, 38.90725132276645], [-77.03456622092031, 38.907941633150905]]]}}, {"type": "Feature", "properties": {"SMD_ID": "2F03", "ANC_ID": "2F", "NAME": "SMD 2F03"}, "geometry": {"type": "Polygon", "coordinates": [[[-77.03090375850309, 38.90965280385231], [-77.03089823769989, 38.910801675477146], [-77.03121448176445, 38.910803555233215], [-77.03121442167752, 38.91066626809676], [-77.03137590827333, 38.91066294580389], [-77.0313781566471, 38.91113474816035], [-77.03195432286722, 38.91113655581819], [-77.03195495486969, 38.91087443088299], [-77.03250101390991, 38.910875397290845], [-77.03249977993127, 38.91072298547417], [-77.03420261158816, 38.91072191384683], [-77.03420257785072, 38.911012198708924], [-77.03455810490853, 38.91101271566585], [-77.03456622092031, 38.907941633150905], [-77.0302749471456, 38.90943192171369], [-77.03032609341874, 38.90967698048127], [-77.03090375850309, 38.90965280385231]]]}}, {"type": "Feature", "properties": {"SMD_ID": "5A09", "ANC_ID": "5A", "NAME": "SMD 5A09"}, "geometry": {"type": "Polygon", "coordinates": [[[-77.00389477959666, 38.95594069913035], [-77.00202728118155, 38.951093954878075], [-77.00086282567025, 38.951092149620614], [-77.0004851312363, 38.95132714684277], [-77.00008311159266, 38.95151755951565], [-76.99964660327983, 38.95166912321869], [-76.99919391934546, 38.951775103315796], [-76.99922201784251, 38.9511363628551], [-76.99915067657886, 38.95014582144181], [-76.99909749512275, 38.95007384491909], [-76.99899170759527, 38.950053935766306], [-76.99495862073063, 38.95005239016225], [-76.99495503246818, 38.95022219600939], [-76.99490449634432, 38.95032092452054], [-76.99435637093546, 38.95075329656762], [-77.00225190393473, 38.95681678710503], [-77.00250253111106, 38.95650472671525], [-77.00280395787543, 38.95627200035272], [-77.00313587960436, 38.95612918388581], [-77.00389477959666, 38.95594069913035]]]}}, {"type": "Feature", "properties": {"SMD_ID": "5B07", "ANC_ID": "5B", "NAME": "SMD 5B07"}, "geometry": {"type": "Polygon", "coordinates": [[[-76.97774828796129, 38.93722555281258], [-76.97010204479717, 38.92989209582057], [-76.9700633008549, 38.929957756492705], [-76.96423285773118, 38.93213375945229], [-76.96397464781762, 38.932773639304294], [-76.96396144618447, 38.932879392753605], [-76.96272920157338, 38.93288738405189], [-76.96125814515365, 38.933656935711234], [-76.96123819124603, 38.93370068243418], [-76.96666169266527, 38.937941607703976], [-76.96676567809578, 38.93790948669988], [-76.9668255574168, 38.93784994084386], [-76.96745800620744, 38.93780120356388], [-76.97070975538612, 38.937808369391085], [-76.97105875626764, 38.93787565821988], [-76.97131685565705, 38.93797184037104], [-76.9716474716997, 38.93815632087441], [-76.97216879842954, 38.938519930934625], [-76.97217033520928, 38.937242284448615], [-76.97774828796129, 38.93722555281258]]]}}, {"type": "Feature", "properties": {"SMD_ID": "1B04", "ANC_ID": "1B", "NAME": "SMD 1B04"}, "geometry": {"type": "Polygon", "coordinates": [[[-77.02343848810187, 38.917770269026086], [-77.02342462782403, 38.91899908915575], [-77.0238938337436, 38.91906396222087], [-77.02389228880433, 38.919649792178944], [-77.02395371288276, 38.92005119070029], [-77.02519886251092, 38.91994367565912], [-77.0252415631527, 38.9197476362154], [-77.02504710305075, 38.91949986795417], [-77.02486226270365, 38.919189660582816], [-77.02962169050915, 38.91918963195706], [-77.02962156667081, 38.92000191298046], [-77.02967897260588, 38.92050658996345], [-77.03194299000333, 38.92007183664221], [-77.03195456940243, 38.918120178882745], [-77.02464044514247, 38.918117373978], [-77.02441185974888, 38.91840908468199], [-77.0242665497118, 38.91815499895126], [-77.02394553267101, 38.91777158953023], [-77.02343848810187, 38.917770269026086]]]}}, {"type": "Feature", "properties": {"SMD_ID": "1B05", "ANC_ID": "1B", "NAME": "SMD 1B05"}, "geometry": {"type": "Polygon", "coordinates": [[[-77.03195456940243, 38.918120178882745], [-77.03195448216532, 38.919984182468816], [-77.0318682662627, 38.92032985555044], [-77.03184232945317, 38.92060831001628], [-77.03443339008534, 38.92045596506697], [-77.03452230768433, 38.92047602740103], [-77.03466385529384, 38.92059129208518], [-77.03481273099385, 38.92059890490447], [-77.0347342491966, 38.91927677592532], [-77.03461152284615, 38.91913712017753], [-77.03486277979619, 38.919187735353326], [-77.0363580442767, 38.91918989207812], [-77.03847541138742, 38.9185304348826], [-77.03847253915511, 38.918122538597785], [-77.03195456940243, 38.918120178882745]]]}}, {"type": "Feature", "properties": {"SMD_ID": "1C08", "ANC_ID": "1C", "NAME": "SMD 1C08"}, "geometry": {"type": "Polygon", "coordinates": [[[-77.0364901645653, 38.92274003239968], [-77.036662874004, 38.922666110086105], [-77.03889103893106, 38.92135873223312], [-77.038998118888, 38.92316675735904], [-77.04022682215825, 38.92312229014756], [-77.04008631234765, 38.92075482447872], [-77.03933595167388, 38.919286721972696], [-77.03979550897621, 38.91914180250772], [-77.03999093335038, 38.91902483469188], [-77.04035051755857, 38.91895138326677], [-77.04041391637904, 38.91891060767109], [-77.04042454491525, 38.918864139027356], [-77.04016227860906, 38.91806623548054], [-77.03854239669283, 38.91851023414584], [-77.03649790013597, 38.919153184576345], [-77.0364901645653, 38.92274003239968]]]}}, {"type": "Feature", "properties": {"SMD_ID": "2F02", "ANC_ID": "2F", "NAME": "SMD 2F02"}, "geometry": {"type": "Polygon", "coordinates": [[[-77.02704035087422, 38.911128427781335], [-77.0270377451281, 38.913683193738834], [-77.02715685605885, 38.91365769954173], [-77.02744809641182, 38.91334225855664], [-77.02789633103322, 38.91261481005195], [-77.03455194076777, 38.91261633743386], [-77.03455810490853, 38.91101271566585], [-77.03420257785072, 38.911012198708924], [-77.03420261158816, 38.91072191384683], [-77.03249977993127, 38.91072298547417], [-77.03250101390991, 38.910875397290845], [-77.03195495486969, 38.91087443088299], [-77.03195432286722, 38.91113655581819], [-77.0313781566471, 38.91113474816035], [-77.03137590827333, 38.91066294580389], [-77.03121442167752, 38.91066626809676], [-77.03121448176445, 38.910803555233215], [-77.03089823769989, 38.910801675477146], [-77.03090375850309, 38.90965280385231], [-77.03032609341874, 38.90967698048127], [-77.03026822371284, 38.90988997978596], [-77.03010849204888, 38.91005883743606], [-77.02986352946064, 38.91016898227522], [-77.02963033988438, 38.91020016547718], [-77.02962341792534, 38.91113419731787], [-77.02704035087422, 38.911128427781335]]]}}, {"type": "Feature", "properties": {"SMD_ID": "1B06", "ANC_ID": "1B", "NAME": "SMD 1B06"}, "geometry": {"type": "Polygon", "coordinates": [[[-77.03203987893106, 38.92269359323317], [-77.03394950646415, 38.922590178978616], [-77.03397616198339, 38.92262575411013], [-77.03407379265182, 38.92349872226267], [-77.03531091659251, 38.92344124221989], [-77.03531153999094, 38.92330287419776], [-77.03649342775559, 38.923257649630536], [-77.03649790013597, 38.919153184576345], [-77.0363580442767, 38.91918989207812], [-77.03486277979619, 38.919187735353326], [-77.03461152284615, 38.91913712017753], [-77.0347342491966, 38.91927677592532], [-77.03481273099385, 38.92059890490447], [-77.03466385529384, 38.92059129208518], [-77.03452230768433, 38.92047602740103], [-77.03443339008534, 38.92045596506697], [-77.03184232945317, 38.92060831001628], [-77.03203987893106, 38.92269359323317]]]}}, {"type": "Feature", "properties": {"SMD_ID": "1B07", "ANC_ID": "1B", "NAME": "SMD 1B07"}, "geometry": {"type": "Polygon", "coordinates": [[[-77.03195303217574, 38.917005578374344], [-77.03195456940243, 38.918120178882745], [-77.03847253915511, 38.918122538597785], [-77.03847541138742, 38.9185304348826], [-77.04019289699852, 38.91805158641371], [-77.0402674583838, 38.91799244807031], [-77.0408547534705, 38.91723525601985], [-77.0412259471938, 38.91701561958988], [-77.03195303217574, 38.917005578374344]]]}}, {"type": "Feature", "properties": {"SMD_ID": "1B08", "ANC_ID": "1B", "NAME": "SMD 1B08"}, "geometry": {"type": "Polygon", "coordinates": [[[-77.02758560865477, 38.91558118529425], [-77.02756128942329, 38.9168317910446], [-77.0272342956923, 38.91683178664434], [-77.02724494851176, 38.91700830244602], [-77.027039005374, 38.91700708911879], [-77.02703861955584, 38.918118357034714], [-77.03195456940243, 38.918120178882745], [-77.03195371427985, 38.91410157911612], [-77.02808187256787, 38.914100574000706], [-77.02808406990223, 38.91558118365506], [-77.02758560865477, 38.91558118529425]]]}}, {"type": "Feature", "properties": {"SMD_ID": "4D01", "ANC_ID": "4D", "NAME": "SMD 4D01"}, "geometry": {"type": "Polygon", "coordinates": [[[-77.0240356507272, 38.95633554854076], [-77.02408989145795, 38.957405088609875], [-77.01993977888469, 38.95752802216185], [-77.01995731488927, 38.958348491710794], [-77.02706376292873, 38.960669752324115], [-77.02803303636018, 38.961021566639985], [-77.02824027528268, 38.958293905847654], [-77.02822736251427, 38.957734946277895], [-77.02814258581704, 38.95703648397198], [-77.02801074176537, 38.95702135472641], [-77.0279026805599, 38.95695795337812], [-77.02744442462202, 38.956234626106685], [-77.0240356507272, 38.95633554854076]]]}}, {"type": "Feature", "properties": {"SMD_ID": "2F07", "ANC_ID": "2F", "NAME": "SMD 2F07"}, "geometry": {"type": "Polygon", "coordinates": [[[-77.02704035087422, 38.911128427781335], [-77.02962341792534, 38.91113419731787], [-77.02963033988438, 38.91020016547718], [-77.02986352946064, 38.91016898227522], [-77.03007402742065, 38.910081457257135], [-77.03022478254404, 38.9099516981932], [-77.03031498455013, 38.909772048428735], [-77.03032043757453, 38.909580889931746], [-77.03026744590092, 38.90941560053526], [-77.03017965730065, 38.90930346934334], [-77.02999824050943, 38.90917361571996], [-77.03005302721634, 38.90894920373968], [-77.03024645363571, 38.908580712449904], [-77.02962771942266, 38.908582735725105], [-77.02962502061399, 38.90724826677514], [-77.02809055386413, 38.90724774497175], [-77.02808476123468, 38.90565425928806], [-77.02703954396776, 38.90565498332653], [-77.02703830320063, 38.90724796621675], [-77.02598982199014, 38.90724641151013], [-77.0259907691883, 38.908580115208494], [-77.02703846365392, 38.90858357085397], [-77.02704035087422, 38.911128427781335]]]}}, {"type": "Feature", "properties": {"SMD_ID": "3/4G05", "ANC_ID": "3/4G", "NAME": "SMD 3/4G05"}, "geometry": {"type": "Polygon", "coordinates": [[[-77.0663313606432, 38.96111646282137], [-77.07014322722799, 38.969704957236786], [-77.07173997151372, 38.971932780734434], [-77.07755305474801, 38.967389797649744], [-77.07731125511256, 38.967242925132915], [-77.07711882113522, 38.96722455826972], [-77.07693924019372, 38.96725816022914], [-77.07393043476941, 38.96208389593262], [-77.069728557397, 38.96208773842079], [-77.06949126652006, 38.961548104876535], [-77.06917795907388, 38.96102464058009], [-77.06624046692342, 38.961020702508485], [-77.0663313606432, 38.96111646282137]]]}}, {"type": "Feature", "properties": {"SMD_ID": "3A05", "ANC_ID": "3A", "NAME": "SMD 3A05"}, "geometry": {"type": "Polygon", "coordinates": [[[-77.07373805037113, 38.92903333399252], [-77.08022856297133, 38.933775808304674], [-77.08009079286617, 38.933077146336146], [-77.07994613818127, 38.93206827864963], [-77.0805705807243, 38.93024314413722], [-77.08023002556774, 38.93015572752558], [-77.07991203574501, 38.93003235132062], [-77.07854135658563, 38.92932162365658], [-77.07822475251145, 38.92919382784018], [-77.07764646083794, 38.92905935899933], [-77.07705409572765, 38.92902651037483], [-77.07705080096216, 38.92619096431884], [-77.07319054869357, 38.92619011262429], [-77.07319193096156, 38.92753676534416], [-77.07584143980316, 38.92753453545677], [-77.07584556759176, 38.929029913345445], [-77.07373805037113, 38.92903333399252]]]}}, {"type": "Feature", "properties": {"SMD_ID": "6D05", "ANC_ID": "6D", "NAME": "SMD 6D05"}, "geometry": {"type": "Polygon", "coordinates": [[[-77.00906058374113, 38.87929338141434], [-77.0162330733389, 38.87929008224778], [-77.01622707587102, 38.88129697258348], [-77.01756134402038, 38.88129209519374], [-77.01754385760843, 38.87865634135143], [-77.01623200688216, 38.878655080720264], [-77.01623483409672, 38.87841788930185], [-77.01521040362573, 38.87842199092768], [-77.01521119688157, 38.87646684456607], [-77.01386762520255, 38.87646546241653], [-77.01443372115361, 38.874844224335895], [-77.01444051530038, 38.87424966905739], [-77.01440864072632, 38.8739117678622], [-77.01429798139552, 38.873766475946134], [-77.01416809115872, 38.87368974019559], [-77.01318159213056, 38.87342266652492], [-77.01266644935986, 38.87458372631669], [-77.01251734115984, 38.87466076422054], [-77.01217392241169, 38.87465773767512], [-77.01217829900895, 38.87646565082723], [-77.00910016961494, 38.87647704766527], [-77.00906058374113, 38.87929338141434]]]}}, {"type": "Feature", "properties": {"SMD_ID": "7F01", "ANC_ID": "7F", "NAME": "SMD 7F01"}, "geometry": {"type": "Polygon", "coordinates": [[[-76.94259951218449, 38.89837955563573], [-76.94658535838926, 38.89838841850103], [-76.94649598667428, 38.898643881839305], [-76.94634447196137, 38.89890776641879], [-76.94581389008711, 38.89936929924042], [-76.94655174468367, 38.900001674847836], [-76.95006221494391, 38.89725738873766], [-76.95221211646907, 38.8952288829079], [-76.95347741265039, 38.89425689507568], [-76.95388037757648, 38.89390850297019], [-76.95534645148263, 38.89242158310463], [-76.95436612274759, 38.89210637960913], [-76.95296512594861, 38.89158680641229], [-76.95255903079733, 38.891403150601604], [-76.95204013738237, 38.89123560814156], [-76.95054488271464, 38.893265355071456], [-76.94915038047108, 38.89271371420821], [-76.94900101095007, 38.89268482229807], [-76.94467665305498, 38.892682494019404], [-76.94459482967851, 38.89265876321689], [-76.9445665132691, 38.89275558979988], [-76.94454188603493, 38.89344480873072], [-76.9434101141475, 38.8932014002194], [-76.94261322005985, 38.89294679516864], [-76.94259951218449, 38.89837955563573]]]}}, {"type": "Feature", "properties": {"SMD_ID": "7F06", "ANC_ID": "7F", "NAME": "SMD 7F06"}, "geometry": {"type": "Polygon", "coordinates": [[[-76.95889279959324, 38.881687686308645], [-76.94876248486337, 38.878926032386914], [-76.9485293530965, 38.879225098673146], [-76.94829061226288, 38.87946885045558], [-76.94765996803682, 38.87994403257543], [-76.94676282722033, 38.88045863693054], [-76.94606646931732, 38.88078343033499], [-76.94577412167372, 38.88087725250248], [-76.94667899105683, 38.88283789491149], [-76.9478737041628, 38.88285482947429], [-76.94952616765762, 38.883091575041504], [-76.94943757187819, 38.88353006506096], [-76.94948011608459, 38.88367169532588], [-76.94957477096983, 38.88379226845382], [-76.94981797980743, 38.88392894034979], [-76.95048256833064, 38.88406272828484], [-76.95061828930587, 38.884136204097175], [-76.95072206605428, 38.88423642118675], [-76.95087915789149, 38.884575292770045], [-76.94981250594937, 38.88482905597929], [-76.94818790386665, 38.88489545910535], [-76.94886391899631, 38.885658406906025], [-76.95149540198717, 38.88818782191361], [-76.95204102857844, 38.88788635654086], [-76.95236603569242, 38.88776289454221], [-76.95291880288966, 38.88763411863201], [-76.95340730923672, 38.88759422721277], [-76.9539141424421, 38.886839345713355], [-76.95399602262309, 38.886590656545735], [-76.95409937992696, 38.88592245533023], [-76.95425938821955, 38.88569820933569], [-76.95620511143072, 38.883757738044146], [-76.95626788401516, 38.883637859929266], [-76.95749789084961, 38.88363813381344], [-76.95889279959324, 38.881687686308645]]]}}, {"type": "Feature", "properties": {"SMD_ID": "7F02", "ANC_ID": "7F", "NAME": "SMD 7F02"}, "geometry": {"type": "Polygon", "coordinates": [[[-76.94456426577807, 38.88978822069334], [-76.94456081629733, 38.89088986253852], [-76.94269959227233, 38.89089445948833], [-76.94262128960908, 38.890939462935286], [-76.94261322005985, 38.89294679516864], [-76.9434101141475, 38.8932014002194], [-76.94454188603493, 38.89344480873072], [-76.9445665132691, 38.89275558979988], [-76.94459482967851, 38.89265876321689], [-76.94467665305498, 38.892682494019404], [-76.94900101095007, 38.89268482229807], [-76.94915038047108, 38.89271371420821], [-76.95054488271464, 38.893265355071456], [-76.95204013738237, 38.89123560814156], [-76.95255903079733, 38.891403150601604], [-76.95296512594861, 38.89158680641229], [-76.95436612274759, 38.89210637960913], [-76.95534645148263, 38.89242158310463], [-76.9561163609552, 38.89163454297045], [-76.95719494840621, 38.890447459104315], [-76.95752915053265, 38.89017913146313], [-76.95815732248002, 38.88979493467301], [-76.95308836682278, 38.88976979438197], [-76.9525579988402, 38.88980014560859], [-76.94456426577807, 38.88978822069334]]]}}, {"type": "Feature", "properties": {"SMD_ID": "3/4G07", "ANC_ID": "3/4G", "NAME": "SMD 3/4G07"}, "geometry": {"type": "Polygon", "coordinates": [[[-77.06917795907388, 38.96102464058009], [-77.07083378351771, 38.96102076652698], [-77.08009309186161, 38.961027852390934], [-77.07984897071348, 38.960534727011506], [-77.07958143954387, 38.96015259879821], [-77.07922264037524, 38.95976476653497], [-77.07880701408452, 38.95942246318853], [-77.0783405592367, 38.95912469323401], [-77.07574270238447, 38.957808405885636], [-77.07510622443337, 38.95741659659157], [-77.07459413057754, 38.95702830782056], [-77.07412701192936, 38.95661494529006], [-77.07369977559004, 38.956160838356695], [-77.07325788218014, 38.95558449679757], [-77.07294712297117, 38.95507230072667], [-77.07041996388773, 38.958036128861735], [-77.07024840596046, 38.95827630231513], [-77.07009308384589, 38.95860213436072], [-77.07000116513882, 38.95899179681955], [-77.07001363655507, 38.95935500250256], [-77.07010015487455, 38.959691499331576], [-77.06812048924944, 38.95969068768073], [-77.06801012286027, 38.95974399075685], [-77.06866515499974, 38.960371573774545], [-77.06917795907388, 38.96102464058009]]]}}, {"type": "Feature", "properties": {"SMD_ID": "6D06", "ANC_ID": "6D", "NAME": "SMD 6D06"}, "geometry": {"type": "Polygon", "coordinates": [[[-77.0194164159699, 38.871902168618504], [-77.01771683474857, 38.87193555376347], [-77.0175151690829, 38.87206993553405], [-77.0174013093826, 38.87204653070648], [-77.015150734316, 38.872044502237856], [-77.01513801975524, 38.87294930795989], [-77.01572903733052, 38.87297954311674], [-77.01755837775012, 38.8729856332855], [-77.01756345286549, 38.876281626097786], [-77.01760804079674, 38.87646910215807], [-77.01988740460953, 38.876469240677004], [-77.02014853857874, 38.876519705997495], [-77.02038056028034, 38.87660359697318], [-77.02059342908181, 38.87672795658698], [-77.02122462135047, 38.87738294319442], [-77.02214965733894, 38.87670056550423], [-77.02188550856411, 38.87648399037271], [-77.0194164159699, 38.871902168618504]]]}}, {"type": "Feature", "properties": {"SMD_ID": "5D07", "ANC_ID": "5D", "NAME": "SMD 5D07"}, "geometry": {"type": "Polygon", "coordinates": [[[-76.98517965498559, 38.90065597742218], [-76.98415470154951, 38.90021920772348], [-76.98367098460959, 38.900185900273534], [-76.98206928491382, 38.89992119800158], [-76.97626135425537, 38.89887466086638], [-76.97622189290817, 38.899050469048184], [-76.97621920782973, 38.89949719316185], [-76.97417481049425, 38.899501443495005], [-76.97417252703758, 38.90389824231647], [-76.98088095896395, 38.90117198247053], [-76.98232315668623, 38.90174329442705], [-76.98393177741428, 38.902432350743574], [-76.98517965498559, 38.90065597742218]]]}}, {"type": "Feature", "properties": {"SMD_ID": "6D07", "ANC_ID": "6D", "NAME": "SMD 6D07"}, "geometry": {"type": "Polygon", "coordinates": [[[-77.02118671489707, 38.87190302290757], [-77.02031629300856, 38.870021780970085], [-77.02016383867918, 38.85733789280334], [-77.0151888919607, 38.860147653068005], [-77.01454382776937, 38.86039589022329], [-77.01402665537985, 38.86066386397648], [-77.01152648691253, 38.86181802623193], [-77.0101006380584, 38.86264702297147], [-77.00911558093772, 38.86342389994017], [-77.00893943830098, 38.86359642475454], [-77.00843289284788, 38.864364249798335], [-77.00829527872966, 38.86464758334578], [-77.01103355996831, 38.86462996140489], [-77.01089887164896, 38.86469213212483], [-77.01072538106342, 38.86494591525491], [-77.01067448096717, 38.86514311412608], [-77.01072734453584, 38.86574324985257], [-77.01069611983543, 38.867292069136596], [-77.01012700318827, 38.86729184963855], [-77.00968062043974, 38.8682506526802], [-77.01069292188258, 38.86825092468864], [-77.01066381417999, 38.870098461908476], [-77.01217488537729, 38.869495471460844], [-77.01366956637378, 38.86948476619414], [-77.01367101390466, 38.87222845631556], [-77.01363566304384, 38.872369351888366], [-77.01318159213056, 38.87342266652492], [-77.01421488271733, 38.873711534841036], [-77.01433313599729, 38.87379899196639], [-77.01440864072632, 38.8739117678622], [-77.0144381933216, 38.874164810206075], [-77.01443372115361, 38.874844224335895], [-77.01386762520255, 38.87646546241653], [-77.01760804079674, 38.87646910215807], [-77.01756345286549, 38.876281626097786], [-77.01755837775012, 38.8729856332855], [-77.01572903733052, 38.87297954311674], [-77.01513801975524, 38.87294930795989], [-77.015150734316, 38.872044502237856], [-77.0174013093826, 38.87204653070648], [-77.0175151690829, 38.87206993553405], [-77.01771683474857, 38.87193555376347], [-77.02118671489707, 38.87190302290757]]]}}, {"type": "Feature", "properties": {"SMD_ID": "6D08", "ANC_ID": "6D", "NAME": "SMD 6D08"}, "geometry": {"type": "Polygon", "coordinates": [[[-77.01103355996831, 38.86462996140489], [-77.00829527872966, 38.86464758334578], [-77.00793696737595, 38.865402864769294], [-77.00665179156704, 38.86723678773132], [-77.00606248198726, 38.86825945463254], [-77.0058859580186, 38.8685134557853], [-77.0072905677919, 38.869081212585996], [-77.0090734577947, 38.86987585445365], [-77.00910016961494, 38.87647704766527], [-77.01217829900895, 38.87646565082723], [-77.01217392241169, 38.87465773767512], [-77.01251734115984, 38.87466076422054], [-77.01268027519288, 38.87456642868708], [-77.01366836736888, 38.872248905702776], [-77.01366956637378, 38.86948476619414], [-77.01217488537729, 38.869495471460844], [-77.01066381417999, 38.870098461908476], [-77.01069292188258, 38.86825092468864], [-77.00968062043974, 38.8682506526802], [-77.01012700318827, 38.86729184963855], [-77.01069611983543, 38.867292069136596], [-77.01072734453584, 38.86574324985257], [-77.01067448096717, 38.86514311412608], [-77.01072538106342, 38.86494591525491], [-77.01089887164896, 38.86469213212483], [-77.01103355996831, 38.86462996140489]]]}}, {"type": "Feature", "properties": {"SMD_ID": "3E08", "ANC_ID": "3E", "NAME": "SMD 3E08"}, "geometry": {"type": "Polygon", "coordinates": [[[-77.08662161644884, 38.934869898203296], [-77.08578239451573, 38.93567781448396], [-77.08801588826253, 38.936704172584854], [-77.08892305332677, 38.93552473127902], [-77.08942308562243, 38.93513945189604], [-77.08997785246399, 38.93542168876092], [-77.09039308983434, 38.93497031345976], [-77.09099404093186, 38.93523446614777], [-77.09020211932467, 38.93617928552062], [-77.09040251019994, 38.93632347076052], [-77.09004882324795, 38.936738711305416], [-77.08964840439346, 38.93673901911183], [-77.08866419130547, 38.93789447207868], [-77.089365795047, 38.93857954152627], [-77.08939668644753, 38.938645665852725], [-77.08915835328943, 38.9389525714967], [-77.08868832695566, 38.93872438851296], [-77.08811947910354, 38.93952469266588], [-77.08876699470979, 38.94000500261936], [-77.08995699562426, 38.93852700202964], [-77.09031200237523, 38.938781996475754], [-77.09174810523749, 38.93934038354026], [-77.09380231161092, 38.93574079199797], [-77.09368630969719, 38.93567579102071], [-77.09367931662385, 38.93540979035926], [-77.09343531412617, 38.934976794228156], [-77.09287531062922, 38.93460479210334], [-77.09245131558872, 38.93461279432306], [-77.09240031053197, 38.93452178769319], [-77.0910273160173, 38.93456578965769], [-77.09056572350795, 38.934503243233095], [-77.08917157645742, 38.93454818565873], [-77.08816573200905, 38.93530816880097], [-77.08773057179305, 38.93578836867139], [-77.0873696640275, 38.93559252821003], [-77.08707170678709, 38.93537483964984], [-77.08684041705042, 38.935157010724964], [-77.08662161644884, 38.934869898203296]]]}}, {"type": "Feature", "properties": {"SMD_ID": "3B06", "ANC_ID": "3B", "NAME": "SMD 3B06"}, "geometry": {"type": "Polygon", "coordinates": [[[-77.08022856297133, 38.933775808304674], [-77.08183193312166, 38.934947398081526], [-77.08209634827894, 38.934698403239985], [-77.0821786245287, 38.9345331330793], [-77.08222816483006, 38.93428545988237], [-77.0823134423889, 38.93422297228708], [-77.08240179987517, 38.93423083733646], [-77.08257824349404, 38.93431097682204], [-77.083492349543, 38.934260781711], [-77.08359552129083, 38.93421368460045], [-77.08378060907509, 38.93399302870515], [-77.08388656380221, 38.93395908146922], [-77.08475407115701, 38.93400827155437], [-77.08563126282495, 38.93395709555734], [-77.08595821204096, 38.93412278858701], [-77.08607753235869, 38.934097450485055], [-77.08613496808474, 38.93402882792404], [-77.08399734173794, 38.930285142489495], [-77.08122318109905, 38.93029421996911], [-77.0805705807243, 38.93024314413722], [-77.07994613818127, 38.93206827864963], [-77.08009079286617, 38.933077146336146], [-77.08022856297133, 38.933775808304674]]]}}, {"type": "Feature", "properties": {"SMD_ID": "2A06", "ANC_ID": "2A", "NAME": "SMD 2A06"}, "geometry": {"type": "Polygon", "coordinates": [[[-77.04879973793142, 38.908572526290335], [-77.04934251624768, 38.90857276675197], [-77.04935904246115, 38.90841241118028], [-77.04946291289694, 38.90823048870339], [-77.04990250839451, 38.907864652898574], [-77.05004350616811, 38.90768947028422], [-77.05010057295617, 38.90751972852559], [-77.05010345322519, 38.90725416114257], [-77.0514088520721, 38.90725072936957], [-77.05141611532162, 38.90374779215136], [-77.04490191672883, 38.90374997304315], [-77.04489952483857, 38.905664393269426], [-77.0463435458491, 38.90566396450197], [-77.04664832046764, 38.90563259323178], [-77.04664547780742, 38.90623967620583], [-77.04700047751471, 38.905860759765524], [-77.04800569698149, 38.90643337228134], [-77.04880812583481, 38.906441435587965], [-77.04879973793142, 38.908572526290335]]]}}, {"type": "Feature", "properties": {"SMD_ID": "2A07", "ANC_ID": "2A", "NAME": "SMD 2A07"}, "geometry": {"type": "Polygon", "coordinates": [[[-77.04802571284185, 38.89602448386352], [-77.04667229993365, 38.89602854572342], [-77.04666633590901, 38.89736122787189], [-77.03947480729194, 38.89736402360132], [-77.03948325266389, 38.89210751998402], [-77.0336552943429, 38.89209730041633], [-77.03364396442257, 38.90021409465286], [-77.0387651435937, 38.90020168843598], [-77.0429553199941, 38.90023915694919], [-77.04346479246158, 38.90020980843608], [-77.04490181485788, 38.90071288633399], [-77.04490758466856, 38.899586559714315], [-77.04883876662062, 38.89958282032289], [-77.04884177983813, 38.89645761914053], [-77.04802571284185, 38.89602448386352]]]}}, {"type": "Feature", "properties": {"SMD_ID": "1C03", "ANC_ID": "1C", "NAME": "SMD 1C03"}, "geometry": {"type": "Polygon", "coordinates": [[[-77.04268654277624, 38.922668569094135], [-77.0430347283654, 38.922446079911346], [-77.04317590498275, 38.92230034521048], [-77.04334025416341, 38.92233491237071], [-77.04628915709135, 38.922336033532495], [-77.0456081561137, 38.92080094024475], [-77.04483562320493, 38.919206620925955], [-77.0446414327452, 38.91870392234537], [-77.04454020490378, 38.91874843510333], [-77.04168334507028, 38.91875132684591], [-77.04168449878588, 38.919501972545724], [-77.04171236678785, 38.91969352471896], [-77.04240113719803, 38.921731699126205], [-77.04268654277624, 38.922668569094135]]]}}, {"type": "Feature", "properties": {"SMD_ID": "2F04", "ANC_ID": "2F", "NAME": "SMD 2F04"}, "geometry": {"type": "Polygon", "coordinates": [[[-77.02962771942266, 38.908582735725105], [-77.03024645363571, 38.908580712449904], [-77.03005302721634, 38.90894920373968], [-77.02999824050943, 38.90917361571996], [-77.03019522849554, 38.90931787867302], [-77.0302749471456, 38.90943192171369], [-77.03456622092031, 38.907941633150905], [-77.03456835365087, 38.90725132276645], [-77.02962502061399, 38.90724826677514], [-77.02962771942266, 38.908582735725105]]]}}, {"type": "Feature", "properties": {"SMD_ID": "3F01", "ANC_ID": "3F", "NAME": "SMD 3F01"}, "geometry": {"type": "Polygon", "coordinates": [[[-77.06567998508402, 38.94790268851507], [-77.0677301521204, 38.95142249468472], [-77.06984802321311, 38.95142016750463], [-77.06984735226044, 38.95073544877556], [-77.07171174878705, 38.95073377948649], [-77.07243930899986, 38.94887735512475], [-77.07253234618216, 38.94859245558333], [-77.07258084273153, 38.9482968637588], [-77.07256357431406, 38.94776520564731], [-77.07241260121856, 38.94722903615323], [-77.07215384378176, 38.94676463893448], [-77.0717348450848, 38.94628637670387], [-77.07241591106757, 38.94628559644779], [-77.07241340033893, 38.94222412080938], [-77.06887710094863, 38.942217556035395], [-77.06939275513656, 38.94332370344807], [-77.0698249183859, 38.944038857450444], [-77.0698502782304, 38.9442443123639], [-77.069846669637, 38.94709547319246], [-77.0669135729554, 38.94709493684446], [-77.06691075557048, 38.947903251688736], [-77.06567998508402, 38.94790268851507]]]}}, {"type": "Feature", "properties": {"SMD_ID": "3C04", "ANC_ID": "3C", "NAME": "SMD 3C04"}, "geometry": {"type": "Polygon", "coordinates": [[[-77.05639281912352, 38.94095664378898], [-77.0616562119093, 38.94097939834458], [-77.06227276121932, 38.94095461398224], [-77.06297585584325, 38.940851497695206], [-77.06416922236158, 38.940581050229866], [-77.06399918369577, 38.940434398330616], [-77.06199543765706, 38.939584464579056], [-77.06157939642556, 38.939464513829954], [-77.06110444358829, 38.93937792310798], [-77.06088815635697, 38.939361370628184], [-77.06073650739702, 38.93939721246475], [-77.05924491708682, 38.936832234379956], [-77.05876641194587, 38.93680513575321], [-77.05869645356398, 38.93695466365812], [-77.05859743910474, 38.93703263514021], [-77.05806239676605, 38.937209284675156], [-77.05764835004597, 38.93724831539845], [-77.05740264492417, 38.937215736197594], [-77.05646182295703, 38.936954683508816], [-77.05606452265955, 38.93687407030191], [-77.05564523516422, 38.936847425934765], [-77.0545413314793, 38.93688704229911], [-77.0537552146077, 38.936649497269194], [-77.05353450933524, 38.93672652945579], [-77.05332038215701, 38.93696327539059], [-77.05295630745654, 38.93724479714816], [-77.05273929832313, 38.93712979622104], [-77.05240029837378, 38.93730479078518], [-77.05066930382999, 38.93562379429137], [-77.0503173023621, 38.93544878892614], [-77.0497922989754, 38.93534679655522], [-77.04962929644876, 38.93523979319487], [-77.04952829512459, 38.93509179358457], [-77.04950330558788, 38.93498179477043], [-77.04956030498691, 38.93476479661183], [-77.04963930455251, 38.93467178838112], [-77.04978029802817, 38.93457878974032], [-77.04950929557221, 38.93420678980978], [-77.04985129889472, 38.93413179442927], [-77.05015830399772, 38.93396879292176], [-77.05046529513262, 38.933608796978625], [-77.0507127260567, 38.93341412848422], [-77.05042898317848, 38.93327689260281], [-77.04981892633877, 38.933640306082644], [-77.04928853274788, 38.933862585696765], [-77.04912656489999, 38.93397904119384], [-77.04803046174924, 38.935059349232866], [-77.04785881952553, 38.93541008585299], [-77.04779123981623, 38.9357505462612], [-77.04787871602292, 38.93616650482568], [-77.04783063699946, 38.936726210246114], [-77.04785012230944, 38.936869884660325], [-77.04794700956079, 38.937059019255415], [-77.04808262804274, 38.93719507895208], [-77.04819883509612, 38.9372631428419], [-77.04891537069207, 38.93732328184477], [-77.04988347540908, 38.93719432424235], [-77.05040619415591, 38.93719409998275], [-77.05186846309664, 38.9376170394655], [-77.05207197859004, 38.937828725074255], [-77.05213009023004, 38.9379573376753], [-77.05213990028489, 38.938138850512054], [-77.05173390132919, 38.93910724272009], [-77.05156156969952, 38.93968918272582], [-77.05181450477599, 38.9398534542493], [-77.05240275447322, 38.94045800891316], [-77.052839422786, 38.94081283820328], [-77.05307455236058, 38.940880564126196], [-77.05330859999248, 38.940889105580496], [-77.05513380229937, 38.94066969968764], [-77.05556213251545, 38.94072624911845], [-77.05612702009009, 38.94090992859546], [-77.05639281912352, 38.94095664378898]]]}}, {"type": "Feature", "properties": {"SMD_ID": "5B06", "ANC_ID": "5B", "NAME": "SMD 5B06"}, "geometry": {"type": "Polygon", "coordinates": [[[-76.9715532170487, 38.931294015941276], [-76.9744959463971, 38.93411008811097], [-76.97956282156, 38.934107480496216], [-76.9845219089288, 38.933861504880426], [-76.98428231466242, 38.930903054893975], [-76.98256500098282, 38.930990732456735], [-76.98220973086474, 38.92655759806392], [-76.98215210593672, 38.926407690887615], [-76.98200942849047, 38.92626179733591], [-76.9715532170487, 38.931294015941276]]]}}, {"type": "Feature", "properties": {"SMD_ID": "8E03", "ANC_ID": "8E", "NAME": "SMD 8E03"}, "geometry": {"type": "Polygon", "coordinates": [[[-76.97705510101646, 38.84648029719119], [-76.97821048559949, 38.84618990617267], [-76.98065271185845, 38.84542900582519], [-76.98128270490602, 38.84662310565567], [-76.98509479326223, 38.845539677585], [-76.9850903477503, 38.844762698655174], [-76.98520969955143, 38.84414815766423], [-76.98331537194059, 38.844637060922075], [-76.98331766125739, 38.843220212768706], [-76.9832651079857, 38.842841850435185], [-76.9830665223353, 38.8423505911005], [-76.98257242286199, 38.84162975234666], [-76.97947164236506, 38.84298042553583], [-76.97879920365969, 38.8432342534999], [-76.97750688261075, 38.843603628253604], [-76.97626424450081, 38.843826251194336], [-76.97661458387104, 38.84545405795329], [-76.97705510101646, 38.84648029719119]]]}}, {"type": "Feature", "properties": {"SMD_ID": "2F06", "ANC_ID": "2F", "NAME": "SMD 2F06"}, "geometry": {"type": "Polygon", "coordinates": [[[-77.02809055386413, 38.90724774497175], [-77.03102094731807, 38.90724143646431], [-77.03117229705568, 38.90698621666914], [-77.03045579961586, 38.906725559877], [-77.03045841965307, 38.90638135914263], [-77.02962429168637, 38.90638157363463], [-77.02962276800882, 38.905655455888095], [-77.02808476123468, 38.90565425928806], [-77.02809055386413, 38.90724774497175]]]}}, {"type": "Feature", "properties": {"SMD_ID": "5D04", "ANC_ID": "5D", "NAME": "SMD 5D04"}, "geometry": {"type": "Polygon", "coordinates": [[[-76.99040224116841, 38.90639385411057], [-76.98550551231276, 38.904295664537166], [-76.98495195755828, 38.90509238336572], [-76.9828043217968, 38.904178189642245], [-76.9822779429088, 38.90498823217985], [-76.98439527786373, 38.90588774778855], [-76.98350920059936, 38.90715483067136], [-76.98628731681656, 38.908335553524985], [-76.98678356468447, 38.907624942176284], [-76.98828631949897, 38.908271000988165], [-76.99040224116841, 38.90639385411057]]]}}, {"type": "Feature", "properties": {"SMD_ID": "6E01", "ANC_ID": "6E", "NAME": "SMD 6E01"}, "geometry": {"type": "Polygon", "coordinates": [[[-77.02192135485906, 38.9029466313562], [-77.02191730457591, 38.90210914323232], [-77.02152834334481, 38.90203294180208], [-77.01892922900669, 38.9011317453428], [-77.01892916627114, 38.90132974907279], [-77.0161758366681, 38.90133250496785], [-77.01617829801357, 38.902527012806964], [-77.01892994567585, 38.902528941479346], [-77.01892669002773, 38.90372813428109], [-77.01783188390523, 38.90374059392684], [-77.01783153783488, 38.90392422027294], [-77.01803531991457, 38.90423738242755], [-77.02089001758921, 38.90324324027733], [-77.02171029595321, 38.90297296616212], [-77.02192135485906, 38.9029466313562]]]}}, {"type": "Feature", "properties": {"SMD_ID": "5F07", "ANC_ID": "5F", "NAME": "SMD 5F07"}, "geometry": {"type": "Polygon", "coordinates": [[[-77.00904390477177, 38.91681897222503], [-77.00905105886488, 38.9138601659369], [-77.00905524889895, 38.907358258883015], [-77.00459507937447, 38.90890488336351], [-77.00533372581592, 38.90921860363383], [-77.00437362627416, 38.91260803241194], [-77.00351277905526, 38.91260770114494], [-77.00350669546435, 38.91316531752919], [-77.0035091201748, 38.915575317808496], [-77.00509182556769, 38.91557183636419], [-77.00509233797199, 38.91628826916524], [-77.00747230098304, 38.91628913208458], [-77.00713675720579, 38.91747429832308], [-77.00904390477177, 38.91681897222503]]]}}, {"type": "Feature", "properties": {"SMD_ID": "8E01", "ANC_ID": "8E", "NAME": "SMD 8E01"}, "geometry": {"type": "Polygon", "coordinates": [[[-76.96653290744044, 38.848232302195825], [-76.96701676869901, 38.84839578995388], [-76.96728473672158, 38.84836082251963], [-76.96789654420363, 38.84838774742942], [-76.96869396018633, 38.84836219984422], [-76.96943322788759, 38.8482723113366], [-76.97124288630904, 38.84797044784817], [-76.97177515367851, 38.84783662222535], [-76.97215559037328, 38.84769861417666], [-76.97386826565256, 38.846975992552984], [-76.97383145295329, 38.84683923615072], [-76.97387520332173, 38.846590432760834], [-76.97397607918651, 38.846372000546346], [-76.97419829588034, 38.846039818474694], [-76.97426821974753, 38.845718502712], [-76.97413036899566, 38.84498104096086], [-76.97392130161872, 38.84464344799136], [-76.97384465251426, 38.84445470390188], [-76.97386189581177, 38.84392248874851], [-76.97273593300496, 38.843835660040455], [-76.9725735292916, 38.843794093058015], [-76.97237141305418, 38.84367958406909], [-76.96653290744044, 38.848232302195825]]]}}, {"type": "Feature", "properties": {"SMD_ID": "2F08", "ANC_ID": "2F", "NAME": "SMD 2F08"}, "geometry": {"type": "Polygon", "coordinates": [[[-77.02598982199014, 38.90724641151013], [-77.02703830320063, 38.90724796621675], [-77.02703954396776, 38.90565498332653], [-77.02962276800882, 38.905655455888095], [-77.02962530103181, 38.9048423703791], [-77.0259859519927, 38.90358635503681], [-77.02598982199014, 38.90724641151013]]]}}, {"type": "Feature", "properties": {"SMD_ID": "5B05", "ANC_ID": "5B", "NAME": "SMD 5B05"}, "geometry": {"type": "Polygon", "coordinates": [[[-76.99483740064159, 38.93375341505968], [-76.9944363657301, 38.934027059933854], [-76.99438907336618, 38.93393392081991], [-76.99425413108224, 38.93391166375553], [-76.99335989224988, 38.93426357081596], [-76.99302747403901, 38.934426872002724], [-76.99116049202523, 38.93452394534054], [-76.99121863021698, 38.93539604346287], [-76.99116842770844, 38.93563800265415], [-76.99098427749813, 38.93617785605502], [-76.98868173583165, 38.936179727721466], [-76.98831773126011, 38.938231512048446], [-76.98830878601693, 38.940731042636344], [-76.98800155739623, 38.94072935398401], [-76.9871991320144, 38.94141825906803], [-76.98725401277294, 38.9415599654828], [-76.98725270075624, 38.94180147761466], [-76.98691564946954, 38.94180098996454], [-76.98680111462625, 38.94176179102606], [-76.98602964195452, 38.942428765261994], [-76.98586732602307, 38.94251801790126], [-76.98564849571133, 38.942567807083215], [-76.98567242825169, 38.94286850670462], [-76.99263018587352, 38.94287302587449], [-76.99264171117244, 38.94073247661721], [-76.99762669750488, 38.94073989067054], [-76.99483740064159, 38.93375341505968]]]}}, {"type": "Feature", "properties": {"SMD_ID": "5B04", "ANC_ID": "5B", "NAME": "SMD 5B04"}, "geometry": {"type": "Polygon", "coordinates": [[[-76.99604754416309, 38.921297584231], [-76.98801377689088, 38.92382402432137], [-76.9879903571486, 38.92401852958421], [-76.9880305198486, 38.92452056740008], [-76.99035242011823, 38.924407367356515], [-76.99116049202523, 38.93452394534054], [-76.99302747403901, 38.934426872002724], [-76.99335989224988, 38.93426357081596], [-76.99425413108224, 38.93391166375553], [-76.99438907336618, 38.93393392081991], [-76.9944363657301, 38.934027059933854], [-76.99483740064159, 38.93375341505968], [-76.99449827872662, 38.93238079508391], [-76.99431128544029, 38.93139079116115], [-76.99415728304095, 38.93024779126823], [-76.99410427815936, 38.9292567933123], [-76.99410428228119, 38.92864879528046], [-76.9941792859955, 38.92744779260266], [-76.99431327850161, 38.926499791068046], [-76.99448624375546, 38.925589977316974], [-76.994803283837, 38.92441679340027], [-76.99509628009694, 38.923590797090505], [-76.99595228829769, 38.92158079370427], [-76.99604754416309, 38.921297584231]]]}}, {"type": "Feature", "properties": {"SMD_ID": "8E09", "ANC_ID": "8E", "NAME": "SMD 8E09"}, "geometry": {"type": "Polygon", "coordinates": [[[-76.99849945631405, 38.829213063193464], [-77.00056971033214, 38.82921307141292], [-77.00057107699075, 38.82730021310267], [-77.00050225156971, 38.826866131253986], [-77.00098228904484, 38.826855822501535], [-77.0012499603796, 38.82662529316071], [-77.00149352914988, 38.8265287194805], [-77.00214143790964, 38.82652240344874], [-77.00144271290398, 38.82508484215718], [-77.00138328620294, 38.824898277389664], [-77.00136635408114, 38.824715765909154], [-77.00141068538598, 38.824440015986404], [-77.00155347917436, 38.82422993654464], [-77.00171585147136, 38.82411417536684], [-77.0022117212226, 38.823894089969784], [-77.0019766722624, 38.823560059925235], [-77.00192657231204, 38.823338632429724], [-77.0019785012756, 38.822242002667494], [-77.00201905681956, 38.82215191719696], [-77.00218977050696, 38.82197271747685], [-77.00142812856541, 38.82138740342333], [-77.00122260760963, 38.82116930148096], [-76.99594947525145, 38.825285102298736], [-76.99627301028198, 38.825270186033976], [-76.99740814593532, 38.82552885000592], [-76.99754019064733, 38.82552084432915], [-76.99731507384276, 38.82609890403922], [-76.99853233730728, 38.826377107285005], [-76.99850169821792, 38.82664943298807], [-76.99849945631405, 38.829213063193464]]]}}, {"type": "Feature", "properties": {"SMD_ID": "1B03", "ANC_ID": "1B", "NAME": "SMD 1B03"}, "geometry": {"type": "Polygon", "coordinates": [[[-77.0252415631527, 38.9197476362154], [-77.02518704782847, 38.92015377943425], [-77.02534329539193, 38.9222849984225], [-77.02550485220662, 38.92391898291489], [-77.02710972421912, 38.92376998430826], [-77.02803989873863, 38.92377075572528], [-77.02804398861808, 38.922441126312606], [-77.03201277846414, 38.9224354221022], [-77.03184355215862, 38.920764063654765], [-77.0318682662627, 38.92032985555044], [-77.03194299000333, 38.92007183664221], [-77.02967897260588, 38.92050658996345], [-77.02962156667081, 38.92000191298046], [-77.02962169050915, 38.91918963195706], [-77.02486226270365, 38.919189660582816], [-77.02504710305075, 38.91949986795417], [-77.0252415631527, 38.9197476362154]]]}}, {"type": "Feature", "properties": {"SMD_ID": "8E08", "ANC_ID": "8E", "NAME": "SMD 8E08"}, "geometry": {"type": "Polygon", "coordinates": [[[-76.99091204064642, 38.83235631323239], [-76.9947598370399, 38.82934790210744], [-76.99489090783625, 38.82921169988735], [-76.99621337807662, 38.829213191620035], [-76.9962450554068, 38.82909482137716], [-76.99694197814239, 38.82805913807976], [-76.99760444902459, 38.826950661307016], [-76.99760882784034, 38.82687345880123], [-76.99756207362184, 38.82680535379408], [-76.99704903058907, 38.826523647062295], [-76.99727303579178, 38.82619547388474], [-76.99754019064733, 38.82552084432915], [-76.99740814593532, 38.82552885000592], [-76.99627301028198, 38.825270186033976], [-76.99594947525145, 38.825285102298736], [-76.9889174024113, 38.83077268709523], [-76.99091204064642, 38.83235631323239]]]}}, {"type": "Feature", "properties": {"SMD_ID": "8E07", "ANC_ID": "8E", "NAME": "SMD 8E07"}, "geometry": {"type": "Polygon", "coordinates": [[[-77.00057306675998, 38.831269794306465], [-77.00056971033214, 38.82921307141292], [-76.99849945631405, 38.829213063193464], [-76.99850169821792, 38.82664943298807], [-76.99853233730728, 38.826377107285005], [-76.99731507384276, 38.82609890403922], [-76.99721280138434, 38.826304745225954], [-76.99704903058907, 38.826523647062295], [-76.99756207362184, 38.82680535379408], [-76.99760882784034, 38.82687345880123], [-76.99760444902459, 38.826950661307016], [-76.99694197814239, 38.82805913807976], [-76.9962450554068, 38.82909482137716], [-76.99621337807662, 38.829213191620035], [-76.99489090783625, 38.82921169988735], [-76.9947598370399, 38.82934790210744], [-76.99275184091331, 38.8309166191238], [-76.9928579078223, 38.83096707306608], [-76.99463925014217, 38.8309641055721], [-76.9946390574115, 38.83199755660104], [-76.99909771728517, 38.83199479344928], [-76.99925469618887, 38.832066321755676], [-77.00040295944926, 38.83131141412756], [-77.00057306675998, 38.831269794306465]]]}}, {"type": "Feature", "properties": {"SMD_ID": "8B01", "ANC_ID": "8B", "NAME": "SMD 8B01"}, "geometry": {"type": "Polygon", "coordinates": [[[-76.97098605505708, 38.86227883458659], [-76.972468232217, 38.86294410487226], [-76.97337766084726, 38.863305120921325], [-76.97345674825313, 38.86315408576987], [-76.97573779197998, 38.86082521178315], [-76.97361406404916, 38.859437922526254], [-76.97442438875696, 38.85874178765698], [-76.97447920909262, 38.85861040276501], [-76.9752246865531, 38.85790996004699], [-76.9743435363026, 38.857347661957135], [-76.97521458714594, 38.8565354971341], [-76.97341783934168, 38.85535283567238], [-76.97175278490683, 38.85691396577968], [-76.97012263037955, 38.85584804309908], [-76.969974477192, 38.855829717982594], [-76.96998087336053, 38.85924958869754], [-76.97049827916825, 38.85932187804933], [-76.9709298156056, 38.859478192355695], [-76.97152591299928, 38.85984930612318], [-76.9725400034736, 38.86057959158878], [-76.97129361519518, 38.86190479092183], [-76.97098605505708, 38.86227883458659]]]}}, {"type": "Feature", "properties": {"SMD_ID": "8B02", "ANC_ID": "8B", "NAME": "SMD 8B02"}, "geometry": {"type": "Polygon", "coordinates": [[[-76.9725400034736, 38.86057959158878], [-76.97152591299928, 38.85984930612318], [-76.9709298156056, 38.859478192355695], [-76.97049827916825, 38.85932187804933], [-76.96998087336053, 38.85924958869754], [-76.96997829870664, 38.85304377145726], [-76.96863177028109, 38.85304206618582], [-76.96843800766757, 38.8530102141963], [-76.96823424687712, 38.852923137466455], [-76.96803836349065, 38.85274021279901], [-76.96796505387395, 38.852570023385944], [-76.96794798926177, 38.85131874705141], [-76.96686658112073, 38.85130664410846], [-76.9667833215314, 38.851236985237755], [-76.96656233756278, 38.85079676994242], [-76.96622875662949, 38.85045705584328], [-76.96605472582853, 38.850374307916105], [-76.96586223826537, 38.85034362310279], [-76.96567467829242, 38.85036753055302], [-76.96550863595311, 38.85044315249239], [-76.96534646736453, 38.850606877861985], [-76.96530028946223, 38.85080649111333], [-76.9653584910894, 38.85099370371503], [-76.96562043377557, 38.851292140560076], [-76.96568702762157, 38.851518632234416], [-76.96568139541327, 38.85463136869708], [-76.9657100585636, 38.85484883163797], [-76.96664513146607, 38.85602853121987], [-76.9677241705947, 38.85761611949423], [-76.9679549835706, 38.858039579111924], [-76.96812356169981, 38.858511306429484], [-76.96820331440692, 38.85897481164466], [-76.96814896195193, 38.86022588672591], [-76.9685714523919, 38.86049075874848], [-76.96997082764616, 38.861766539320826], [-76.97027700533783, 38.86195291179058], [-76.97098605505708, 38.86227883458659], [-76.97129361519518, 38.86190479092183], [-76.9725400034736, 38.86057959158878]]]}}, {"type": "Feature", "properties": {"SMD_ID": "8B03", "ANC_ID": "8B", "NAME": "SMD 8B03"}, "geometry": {"type": "Polygon", "coordinates": [[[-76.98294308737968, 38.85517084371952], [-76.98274512814068, 38.85386179952525], [-76.98278166338977, 38.853801718677126], [-76.98291497703674, 38.85372336490082], [-76.98340938477773, 38.85349282032999], [-76.98330490150218, 38.85330512375136], [-76.98153529352253, 38.85393236669309], [-76.98107564145778, 38.85405130349081], [-76.98019593115971, 38.854201093930456], [-76.97946182134397, 38.854256837399824], [-76.97870695829015, 38.8542457209003], [-76.97809253855574, 38.8541824581286], [-76.97742899046777, 38.85406153768091], [-76.97681461617847, 38.85390218425469], [-76.97617218092998, 38.853671448057895], [-76.97562727672229, 38.85342792773344], [-76.97507851809478, 38.85311475082695], [-76.97429437005336, 38.85252995148639], [-76.97282879620167, 38.85120139791605], [-76.97211892307573, 38.851326664015936], [-76.97181359285791, 38.85143135881169], [-76.97145823611969, 38.85160414436186], [-76.97035497743215, 38.852320580538255], [-76.97009517065459, 38.85264238564021], [-76.9699918305335, 38.852918377540156], [-76.969974477192, 38.855829717982594], [-76.97012263037955, 38.85584804309908], [-76.97175278490683, 38.85691396577968], [-76.97341783934168, 38.85535283567238], [-76.97521458714594, 38.8565354971341], [-76.97544934693623, 38.856321956896075], [-76.97685936168908, 38.85721083617166], [-76.97732513586595, 38.85730956982745], [-76.97802194297495, 38.85731330643486], [-76.97802664830681, 38.85587592254887], [-76.97805845827895, 38.855837462538574], [-76.97814198827002, 38.855830001209256], [-76.9784707547978, 38.85597780052798], [-76.97902615557575, 38.85608248947336], [-76.97902446499363, 38.85517038569069], [-76.98294308737968, 38.85517084371952]]]}}, {"type": "Feature", "properties": {"SMD_ID": "8B04", "ANC_ID": "8B", "NAME": "SMD 8B04"}, "geometry": {"type": "Polygon", "coordinates": [[[-76.98294308737968, 38.85517084371952], [-76.98369655723019, 38.855173563800165], [-76.98391544651112, 38.85521296099676], [-76.98420709773134, 38.85496130527036], [-76.98455137815607, 38.8547982086531], [-76.98596135512248, 38.85454479936235], [-76.98645769384203, 38.85504500604425], [-76.98669113753868, 38.855504462804966], [-76.9869235684474, 38.855848701145085], [-76.9869970091755, 38.8561982363792], [-76.98725004889674, 38.85599719615675], [-76.98769303614165, 38.855320800735605], [-76.98782750098984, 38.855232712386844], [-76.98800481599595, 38.855188949766955], [-76.9898429807253, 38.855217951097714], [-76.99012270296649, 38.85526662061397], [-76.99109308099618, 38.85553370851259], [-76.99320636853264, 38.855659788413476], [-76.99326753827454, 38.855733480905855], [-76.99342425128607, 38.85669360812635], [-76.99322722292592, 38.85807503908284], [-76.99337219244785, 38.858992915808656], [-76.99278377229423, 38.85912620561017], [-76.99282816422941, 38.859477915223124], [-76.99265054088089, 38.85975604825651], [-76.99275727318232, 38.86048366520812], [-76.99273800235171, 38.8605461914678], [-76.99258082781115, 38.86070861244105], [-76.99364281721458, 38.86138322564484], [-76.99379829502463, 38.86150999148839], [-76.99436010844943, 38.86061248395262], [-76.9940094448187, 38.86016035180689], [-76.99381386118425, 38.85978161851299], [-76.99367417818877, 38.85932278500569], [-76.99363229142006, 38.858998695670685], [-76.99371872234822, 38.85616190187183], [-76.99370927351355, 38.85591761980522], [-76.99363357092531, 38.85550306581362], [-76.99345373753181, 38.855021888613656], [-76.99308505002183, 38.854491063614645], [-76.99261331672693, 38.854052972735516], [-76.99226320357904, 38.853810857470336], [-76.99186516342476, 38.85359756479976], [-76.9911096235003, 38.853326599133936], [-76.99012556562367, 38.853061374862676], [-76.98867879913654, 38.852819322080784], [-76.98766641959902, 38.8527377923051], [-76.98646311011083, 38.85272861453417], [-76.98590773397498, 38.8527511690027], [-76.98478692889056, 38.85287765089219], [-76.98401129790062, 38.85306590458868], [-76.98330490150218, 38.85330512375136], [-76.98340938477773, 38.85349282032999], [-76.9827669131319, 38.853817120919814], [-76.98274350829023, 38.853890536183776], [-76.98294308737968, 38.85517084371952]]]}}, {"type": "Feature", "properties": {"SMD_ID": "8B05", "ANC_ID": "8B", "NAME": "SMD 8B05"}, "geometry": {"type": "Polygon", "coordinates": [[[-76.9629017986206, 38.85208747389989], [-76.96321824356016, 38.85235386336089], [-76.96513964447844, 38.854193614624734], [-76.9657100585636, 38.85484883163797], [-76.96568139541327, 38.85463136869708], [-76.96568702762157, 38.851518632234416], [-76.96562043377557, 38.851292140560076], [-76.9653584910894, 38.85099370371503], [-76.96530028946223, 38.85080649111333], [-76.96535234722249, 38.850597510832344], [-76.9655671751223, 38.850408757540656], [-76.96574691759498, 38.850351336582015], [-76.96590140608639, 38.85034525606781], [-76.96605472582853, 38.850374307916105], [-76.96622875662949, 38.85045705584328], [-76.96656233756278, 38.85079676994242], [-76.9667833215314, 38.851236985237755], [-76.96686185857975, 38.851304931165274], [-76.96794798926177, 38.85131874705141], [-76.96795644024174, 38.8525103851869], [-76.96798173234599, 38.852628672867944], [-76.96807774077081, 38.852791751814465], [-76.96823424687712, 38.852923137466455], [-76.96840091626203, 38.85299903370577], [-76.96859225597336, 38.853038902611104], [-76.96997829870664, 38.85304377145726], [-76.97000464227364, 38.85286153761541], [-76.97009517065459, 38.85264238564021], [-76.9702454871155, 38.85243000516515], [-76.970480706629, 38.85222242045714], [-76.97145823611969, 38.85160414436186], [-76.97175344646752, 38.85145701831773], [-76.97227388755805, 38.85128553236695], [-76.97282879620167, 38.85120139791605], [-76.97209582968952, 38.85063627895047], [-76.97135159064231, 38.850172056074], [-76.97061619111557, 38.849806509074135], [-76.96950716309246, 38.84940308804534], [-76.96884793422609, 38.8492342489987], [-76.9676962672509, 38.84905889303036], [-76.9666427674328, 38.8490066270869], [-76.96578044363977, 38.84904867213998], [-76.96543302755, 38.84908985547042], [-76.96177462268585, 38.851942038450005], [-76.96246410303237, 38.85193184840582], [-76.9629017986206, 38.85208747389989]]]}}, {"type": "Feature", "properties": {"SMD_ID": "8B06", "ANC_ID": "8B", "NAME": "SMD 8B06"}, "geometry": {"type": "Polygon", "coordinates": [[[-76.97802194297495, 38.85731330643486], [-76.98055190873232, 38.85730141368422], [-76.98289428369836, 38.85690558970008], [-76.98306767591082, 38.856915614326844], [-76.98431652602261, 38.85767655038831], [-76.98666012444606, 38.85931934776723], [-76.9878938402801, 38.86011519619988], [-76.98872975484814, 38.85931335003826], [-76.99027317384011, 38.86028910100161], [-76.99102884991466, 38.85967109361436], [-76.99258082781115, 38.86070861244105], [-76.99273800235171, 38.8605461914678], [-76.99275727318232, 38.86048366520812], [-76.99265054088089, 38.85975604825651], [-76.99282816422941, 38.859477915223124], [-76.99278377229423, 38.85912620561017], [-76.99337219244785, 38.858992915808656], [-76.99327765403159, 38.85842267712834], [-76.99153122588044, 38.85844139115269], [-76.99082760274081, 38.85848944299735], [-76.98867389827741, 38.85844024814229], [-76.98853541469974, 38.85841131758419], [-76.9876679203457, 38.8579890042951], [-76.98758947197948, 38.857917469083326], [-76.9871891036651, 38.857273863869295], [-76.98691677364442, 38.85583437698195], [-76.98669113753868, 38.855504462804966], [-76.98642440759139, 38.85499635665609], [-76.98596135512248, 38.85454479936235], [-76.98455137815607, 38.8547982086531], [-76.98420709773134, 38.85496130527036], [-76.98391544651112, 38.85521296099676], [-76.98369655723019, 38.855173563800165], [-76.97902446499363, 38.85517038569069], [-76.97902615557575, 38.85608248947336], [-76.9784707547978, 38.85597780052798], [-76.97814198827002, 38.855830001209256], [-76.97805845827895, 38.855837462538574], [-76.97802664830681, 38.85587592254887], [-76.97802194297495, 38.85731330643486]]]}}, {"type": "Feature", "properties": {"SMD_ID": "8B07", "ANC_ID": "8B", "NAME": "SMD 8B07"}, "geometry": {"type": "Polygon", "coordinates": [[[-76.99327765403159, 38.85842267712834], [-76.9932282613492, 38.85805927439832], [-76.9934259735193, 38.856758198648926], [-76.99326753827454, 38.855733480905855], [-76.99320636853264, 38.855659788413476], [-76.99109308099618, 38.85553370851259], [-76.99012270296649, 38.85526662061397], [-76.9898429807253, 38.855217951097714], [-76.98800481599595, 38.855188949766955], [-76.98782750098984, 38.855232712386844], [-76.98769303614165, 38.855320800735605], [-76.98725004889674, 38.85599719615675], [-76.9869970091755, 38.8561982363792], [-76.9871891036651, 38.857273863869295], [-76.98758947197948, 38.857917469083326], [-76.98768013184306, 38.85799594207186], [-76.98853541469974, 38.85841131758419], [-76.98869187161914, 38.85844133089515], [-76.99082760274081, 38.85848944299735], [-76.99153122588044, 38.85844139115269], [-76.99327765403159, 38.85842267712834]]]}}, {"type": "Feature", "properties": {"SMD_ID": "8C01", "ANC_ID": "8C", "NAME": "SMD 8C01"}, "geometry": {"type": "Polygon", "coordinates": [[[-77.00911558093772, 38.86342389994017], [-77.0101006380584, 38.86264702297147], [-77.01152648691253, 38.86181802623193], [-77.01402665537985, 38.86066386397648], [-77.01454382776937, 38.86039589022329], [-77.0151888919607, 38.860147653068005], [-77.02016383867918, 38.85733789280334], [-77.01860928398492, 38.85107677760118], [-77.01863929124818, 38.85102077637428], [-77.01867529135627, 38.851017779819415], [-77.01895028960868, 38.850487778181716], [-77.01390374209414, 38.85032349885769], [-77.01487522039322, 38.84808192637299], [-77.01497503482148, 38.84778481523553], [-77.01500770446702, 38.847563743895435], [-77.01499152063629, 38.847296105180035], [-77.01482022491521, 38.84675084605919], [-77.01478942223731, 38.846531944811204], [-77.0148112638485, 38.8463124062878], [-77.01494719602842, 38.845880812453096], [-77.0116987289287, 38.84515619267995], [-77.01126931387674, 38.84510138251256], [-77.0032970387058, 38.84509574530685], [-77.00331248452345, 38.8453093350905], [-77.0034572912087, 38.845480311162], [-77.00359990406655, 38.845535708780076], [-77.00465382369217, 38.84568458108178], [-77.00488364068522, 38.8457500630761], [-77.00517060264197, 38.8459272468], [-77.00528707512777, 38.8460718270979], [-77.00536219423594, 38.84623226404371], [-77.0056745768683, 38.84879578138638], [-77.00492763036193, 38.84887554000578], [-77.00478386570228, 38.84893788438716], [-77.0046356123733, 38.84906743172396], [-77.00287209251965, 38.84800332148118], [-77.00248077909292, 38.848409340858574], [-77.00222377772319, 38.848627170114135], [-76.99984584326235, 38.84718016541792], [-76.99922446564787, 38.847813276203496], [-76.99655218693735, 38.84621837335197], [-76.9961591098916, 38.84680147758185], [-76.99608272328469, 38.84701353377178], [-76.99603409404862, 38.84730819825941], [-76.99586953132496, 38.85235742193469], [-76.99610527990681, 38.855865042986096], [-76.9921342026379, 38.85373591671533], [-76.99261331672693, 38.854052972735516], [-76.99308505002183, 38.854491063614645], [-76.99345373753181, 38.855021888613656], [-76.99363357092531, 38.85550306581362], [-76.99370927351355, 38.85591761980522], [-76.99371872234822, 38.85616190187183], [-76.99363229142006, 38.858998695670685], [-76.99367417818877, 38.85932278500569], [-76.99381386118425, 38.85978161851299], [-76.994153806109, 38.860378840386694], [-76.99449664280256, 38.86075383260079], [-76.99476318396185, 38.86098541533407], [-76.99504619401058, 38.86118354988282], [-76.99543122038399, 38.8613919843983], [-76.99740248282154, 38.862205117815435], [-76.99835778077167, 38.86264443069411], [-76.99953564209154, 38.86313129225608], [-76.99940711124434, 38.8631626770044], [-76.99992787017416, 38.86363026939748], [-77.00092416620957, 38.864174653377205], [-77.00115830466511, 38.86436628732272], [-77.0013058646756, 38.86456554291423], [-77.0013912279655, 38.864812471605575], [-77.00140072046939, 38.86529463789643], [-77.00146561009745, 38.86558289735175], [-77.00159245802192, 38.865884992850894], [-77.00161134721448, 38.86604036970959], [-77.00159251878439, 38.86705738373168], [-77.00164502045895, 38.867207355043256], [-77.0017601259624, 38.867339966190436], [-77.00187118551804, 38.86740311342607], [-77.00205898745702, 38.8674457290566], [-77.00257932650035, 38.86738479482661], [-77.0027969148398, 38.867408094574145], [-77.00343118384917, 38.86766471827562], [-77.00350206803098, 38.86756000239919], [-77.0058859580186, 38.8685134557853], [-77.00606248198726, 38.86825945463254], [-77.00665179156704, 38.86723678773132], [-77.00793696737595, 38.865402864769294], [-77.00843289284788, 38.864364249798335], [-77.00893943830098, 38.86359642475454], [-77.00911558093772, 38.86342389994017]]]}}, {"type": "Feature", "properties": {"SMD_ID": "2B01", "ANC_ID": "2B", "NAME": "SMD 2B01"}, "geometry": {"type": "Polygon", "coordinates": [[[-77.03885250373237, 38.91455015787555], [-77.03932880613768, 38.91481929375413], [-77.03942935481489, 38.91484361840943], [-77.04342794408609, 38.914839948554295], [-77.04343795008847, 38.91589588398672], [-77.0447206831328, 38.915222729618684], [-77.04599471691589, 38.91450748655599], [-77.04623964223725, 38.91433749263264], [-77.04657635690181, 38.914038255038385], [-77.04663062463909, 38.91383484312167], [-77.04663415241279, 38.91261731052774], [-77.0451590066559, 38.9126142326039], [-77.04430866909216, 38.911138811583186], [-77.04343721909281, 38.911136670531846], [-77.04343281572447, 38.91337256951283], [-77.03995929200298, 38.91336648530745], [-77.03885250373237, 38.91455015787555]]]}}, {"type": "Feature", "properties": {"SMD_ID": "2A02", "ANC_ID": "2A", "NAME": "SMD 2A02"}, "geometry": {"type": "Polygon", "coordinates": [[[-77.04934309514515, 38.90964285000715], [-77.05005080283387, 38.909642521951525], [-77.05005474685028, 38.90943014850174], [-77.05017685925142, 38.90928425099333], [-77.05056278893944, 38.9090023035227], [-77.05107113192022, 38.90882605931451], [-77.05157940250412, 38.9087604354281], [-77.05199129199467, 38.90881556411583], [-77.0527957171888, 38.90882025705882], [-77.05318820692105, 38.908694313497996], [-77.05355480127298, 38.90846281165782], [-77.0538118002499, 38.90802623908744], [-77.05419927352877, 38.90767932862138], [-77.05432989654484, 38.9075055869719], [-77.05455861268645, 38.90703272217575], [-77.054749136013, 38.906508437108144], [-77.05519018187381, 38.90566684950927], [-77.05558536820618, 38.905034455920294], [-77.05596665328105, 38.90456124520737], [-77.05330541249694, 38.90364394383444], [-77.05310992726925, 38.90373263905553], [-77.05295245380692, 38.90374604290478], [-77.05141611532162, 38.90374779215136], [-77.0514088520721, 38.90725072936957], [-77.05010345322519, 38.90725416114257], [-77.05009736022376, 38.90754180035933], [-77.05002070410289, 38.907726864697906], [-77.04988349668565, 38.90788168679683], [-77.04949597512358, 38.908190837968895], [-77.04935363516556, 38.908429168991724], [-77.04934309514515, 38.90964285000715]]]}}, {"type": "Feature", "properties": {"SMD_ID": "4B04", "ANC_ID": "4B", "NAME": "SMD 4B04"}, "geometry": {"type": "Polygon", "coordinates": [[[-77.02141794364931, 38.97128335984056], [-77.01584252480727, 38.97128433824913], [-77.01507031360096, 38.971413528381994], [-77.01481903054442, 38.97166669198584], [-77.01469808973197, 38.971648150281275], [-77.0113466917398, 38.97228873895491], [-77.0108582824494, 38.97247295872526], [-77.01845653632517, 38.978404493845964], [-77.01896396066236, 38.97816860433379], [-77.0193561712149, 38.97789545569422], [-77.01986433941616, 38.97745373314569], [-77.02029419023413, 38.976903797112385], [-77.02177040978462, 38.97482299074895], [-77.02141876924742, 38.97479774255356], [-77.02141794364931, 38.97128335984056]]]}}, {"type": "Feature", "properties": {"SMD_ID": "2E08", "ANC_ID": "2E", "NAME": "SMD 2E08"}, "geometry": {"type": "Polygon", "coordinates": [[[-77.0715280392446, 38.90584707448546], [-77.07026931817873, 38.905878376661626], [-77.07038393035833, 38.90869503890451], [-77.07161351791723, 38.90865051112754], [-77.0716223052296, 38.90926078531892], [-77.07288530603091, 38.909252788565475], [-77.0730823072501, 38.91056278545101], [-77.07306958948328, 38.91117023514961], [-77.0733409309406, 38.91117593858222], [-77.0735950498657, 38.910838407253586], [-77.07395658375711, 38.91072794384269], [-77.0739453105461, 38.9103527893967], [-77.07387031196481, 38.910344783376665], [-77.07386430268494, 38.910019784044735], [-77.07390131139712, 38.909750789412435], [-77.07383930102374, 38.90951378296067], [-77.07387630141865, 38.90922578971033], [-77.07395130130033, 38.90901378483323], [-77.07398930654679, 38.90849478978446], [-77.07405130432652, 38.90837578624178], [-77.07414530420102, 38.90831978477393], [-77.07451431165508, 38.908257788765766], [-77.07467031159912, 38.90816378612831], [-77.07472030259831, 38.90806378850636], [-77.07473224084742, 38.90765062188111], [-77.07431655158368, 38.90763284330978], [-77.07433096186112, 38.906668895472116], [-77.07308955931673, 38.906669678685354], [-77.0724651365088, 38.906808634127415], [-77.07157200214333, 38.90682595823316], [-77.0715280392446, 38.90584707448546]]]}}, {"type": "Feature", "properties": {"SMD_ID": "1D02", "ANC_ID": "1D", "NAME": "SMD 1D02"}, "geometry": {"type": "Polygon", "coordinates": [[[-77.03645375099649, 38.93497423404627], [-77.03644710383529, 38.938238510771406], [-77.03749618292171, 38.93782989585084], [-77.03862356166763, 38.937218856177594], [-77.03855784566865, 38.93705925081217], [-77.03859314448619, 38.936853940014096], [-77.03913681690327, 38.93613678860058], [-77.03913485127518, 38.935707723863516], [-77.03910459260379, 38.935635397327744], [-77.03898684606025, 38.93551549112318], [-77.03997197753691, 38.935485476003194], [-77.03994114377365, 38.934182075141706], [-77.03882041800348, 38.93419326273472], [-77.03881845758687, 38.93440567919774], [-77.03870768034312, 38.93452021148065], [-77.0381184290391, 38.935443828268326], [-77.03805522699825, 38.93586165390195], [-77.03799733381625, 38.93587567163808], [-77.03783217337136, 38.935865978233764], [-77.03691284063868, 38.935501616145935], [-77.03689782288676, 38.93545594879656], [-77.0370536333915, 38.93520925218597], [-77.03645375099649, 38.93497423404627]]]}}, {"type": "Feature", "properties": {"SMD_ID": "1D03", "ANC_ID": "1D", "NAME": "SMD 1D03"}, "geometry": {"type": "Polygon", "coordinates": [[[-77.03862356166763, 38.937218856177594], [-77.03916220115428, 38.93699373970451], [-77.04012122452384, 38.93671145464923], [-77.04088765732348, 38.93631140066718], [-77.04131480465654, 38.93618279208595], [-77.04236391274328, 38.93613431220438], [-77.04332601394285, 38.93600288873512], [-77.04490904865743, 38.935988238243034], [-77.0454158921929, 38.935886338669974], [-77.04648678007146, 38.935447483577676], [-77.04757106040847, 38.93511728034399], [-77.04829948305918, 38.93481198746285], [-77.04912656489999, 38.93397904119384], [-77.04928853274788, 38.933862585696765], [-77.04981892633877, 38.933640306082644], [-77.05042898317848, 38.93327689260281], [-77.0495771036249, 38.93286509100012], [-77.04907232538997, 38.9326937228063], [-77.04855774016316, 38.932632113722086], [-77.04681755563142, 38.932610546224886], [-77.0467718034638, 38.932664974719984], [-77.04618650163954, 38.932877263037604], [-77.04540878289683, 38.93321745120012], [-77.04514089788769, 38.93306164821496], [-77.04419340625117, 38.9327273247092], [-77.04418904313916, 38.93329863316272], [-77.0412933042604, 38.93329365658266], [-77.04129638302669, 38.93237647474236], [-77.0406020481477, 38.93237776298535], [-77.03939586323585, 38.93261530147031], [-77.03884173103316, 38.93253956493469], [-77.03879800643031, 38.93264321102265], [-77.03882041800348, 38.93419326273472], [-77.03994114377365, 38.934182075141706], [-77.03997197753691, 38.935485476003194], [-77.03898684606025, 38.93551549112318], [-77.03910459260379, 38.935635397327744], [-77.03913485127518, 38.935707723863516], [-77.03913681690327, 38.93613678860058], [-77.03859314448619, 38.936853940014096], [-77.03855784566865, 38.93705925081217], [-77.03862356166763, 38.937218856177594]]]}}, {"type": "Feature", "properties": {"SMD_ID": "1D01", "ANC_ID": "1D", "NAME": "SMD 1D01"}, "geometry": {"type": "Polygon", "coordinates": [[[-77.03884173103316, 38.93253956493469], [-77.03939586323585, 38.93261530147031], [-77.0406020481477, 38.93237776298535], [-77.04129638302669, 38.93237647474236], [-77.0412933042604, 38.93329365658266], [-77.04418904313916, 38.93329863316272], [-77.04419340625117, 38.9327273247092], [-77.04514089788769, 38.93306164821496], [-77.04540878289683, 38.93321745120012], [-77.04618650163954, 38.932877263037604], [-77.0467718034638, 38.932664974719984], [-77.04681755563142, 38.932610546224886], [-77.04855774016316, 38.932632113722086], [-77.04907232538997, 38.9326937228063], [-77.0495771036249, 38.93286509100012], [-77.05042898317848, 38.93327689260281], [-77.05087965507292, 38.93296611788616], [-77.05090809534279, 38.93289953411229], [-77.05090802658417, 38.93280323533819], [-77.0507846916801, 38.93256646059179], [-77.05059507508452, 38.932411059438984], [-77.05021595500793, 38.932240965925295], [-77.04984639999412, 38.93218932635322], [-77.04932519546132, 38.93217468377752], [-77.04869973479863, 38.93198243852475], [-77.04838701860193, 38.931930770638566], [-77.0476763363358, 38.93174603205094], [-77.04745829073062, 38.9316646856835], [-77.04711585028943, 38.93146551539667], [-77.04570804364944, 38.93145324663444], [-77.04417135635876, 38.92975213160728], [-77.04394958193373, 38.929704588272344], [-77.04130967648254, 38.929701137154666], [-77.04130395735687, 38.93057926936538], [-77.03894755979587, 38.93057192589167], [-77.03816370419423, 38.930776538009795], [-77.03884173103316, 38.93253956493469]]]}}, {"type": "Feature", "properties": {"SMD_ID": "5E05", "ANC_ID": "5E", "NAME": "SMD 5E05"}, "geometry": {"type": "Polygon", "coordinates": [[[-77.00904406904512, 38.91811406403283], [-77.00904606609394, 38.92667448453377], [-77.0111584418171, 38.92638545923638], [-77.01214468157826, 38.926289782649434], [-77.01215063774231, 38.92131412590449], [-77.0127079490046, 38.921306229375205], [-77.01321391505088, 38.92107799236236], [-77.01371194480562, 38.92091317269614], [-77.0142799637425, 38.92078086242722], [-77.01493700972384, 38.920675833275844], [-77.0147513888876, 38.919182095957005], [-77.01354290952774, 38.91918458444863], [-77.01354120787252, 38.91811781822831], [-77.00904406904512, 38.91811406403283]]]}}, {"type": "Feature", "properties": {"SMD_ID": "5E06", "ANC_ID": "5E", "NAME": "SMD 5E06"}, "geometry": {"type": "Polygon", "coordinates": [[[-77.0180283561462, 38.92877396671178], [-77.01824303293964, 38.928520619630184], [-77.01782274668548, 38.928397450758766], [-77.01747002671974, 38.92820418561035], [-77.01701378993914, 38.92776509760858], [-77.01660892059198, 38.92745544999039], [-77.01507594266396, 38.9265707709589], [-77.01478194189062, 38.926445142502686], [-77.01442464492737, 38.92634123117866], [-77.01384559842685, 38.92627157685093], [-77.01200490944898, 38.92629637316465], [-77.00904606609394, 38.92667448453377], [-77.00904406904512, 38.91811406403283], [-77.00695070905792, 38.91811551354573], [-77.00650528642103, 38.919649567606115], [-77.00640601648136, 38.91981838915761], [-77.00610460248572, 38.920014246340294], [-77.00446742610599, 38.920909838185466], [-77.00435845884421, 38.92101001488617], [-77.00422251957221, 38.92131711369735], [-77.00299560298936, 38.925250905655254], [-77.00290300273272, 38.92534738708605], [-77.0024462173494, 38.92560197262344], [-77.00320435333471, 38.92560952126898], [-77.00380069437757, 38.92568418234226], [-77.00427145191975, 38.92580298578848], [-77.00553416329694, 38.926222269968136], [-77.00578950143326, 38.92634585170195], [-77.00599271737362, 38.92651348622859], [-77.00621051078267, 38.92680685769986], [-77.00629551258842, 38.92701745856775], [-77.00599657444175, 38.927123889526534], [-77.00577285586715, 38.92729037446399], [-77.00408067599002, 38.92929722784002], [-77.00376457472375, 38.92960757478932], [-77.00326406074029, 38.92998819098829], [-77.00244986674602, 38.93044804911257], [-77.00288469465202, 38.9306035226079], [-77.00374152470421, 38.93122928752071], [-77.00397934672284, 38.93134608138888], [-77.00423519387392, 38.93142641749515], [-77.00476271852158, 38.93148820318208], [-77.00695433267792, 38.93126664204258], [-77.007733596789, 38.93123884747281], [-77.01303844132256, 38.93124551055071], [-77.01478222905652, 38.93122324162947], [-77.01521138089798, 38.93116849711321], [-77.01581236498753, 38.93095493843285], [-77.0162115402142, 38.93069975040002], [-77.01650787455907, 38.93040677669486], [-77.01685861068819, 38.929979138157485], [-77.01693418596123, 38.9298303009247], [-77.0180283561462, 38.92877396671178]]]}}, {"type": "Feature", "properties": {"SMD_ID": "5F01", "ANC_ID": "5F", "NAME": "SMD 5F01"}, "geometry": {"type": "Polygon", "coordinates": [[[-77.00355817223767, 38.923436974513756], [-76.99956995081034, 38.923449909861866], [-76.99843311565965, 38.92399499368764], [-76.99843687894766, 38.926980737773206], [-76.9984757393601, 38.92718240744702], [-76.99773633972302, 38.92752014423707], [-76.99774118968934, 38.92878008313069], [-76.99801037592603, 38.92926456406307], [-76.99761471110466, 38.92940555476062], [-76.99617865072283, 38.929416777044], [-76.99617905890301, 38.93040895240997], [-76.99686340882768, 38.93045105959149], [-76.9973958623306, 38.9312888634293], [-76.99734438635096, 38.93137128829382], [-76.99726108068926, 38.93139401433462], [-76.99617808382581, 38.931387615082855], [-76.99617780035105, 38.932373304076805], [-76.9974760031405, 38.93237374467235], [-76.99759089768608, 38.932417527465], [-76.99769324104852, 38.93255219470082], [-77.00070535315706, 38.93134434540054], [-77.0014555846019, 38.93098697884639], [-77.00311125204354, 38.93008278242004], [-77.0036712770161, 38.92968748147979], [-77.00408067599002, 38.92929722784002], [-77.00577285586715, 38.92729037446399], [-77.00599657444175, 38.927123889526534], [-77.00629551258842, 38.92701745856775], [-77.00621051078267, 38.92680685769986], [-77.00599271737362, 38.92651348622859], [-77.00578950143326, 38.92634585170195], [-77.00553416329694, 38.926222269968136], [-77.00427145191975, 38.92580298578848], [-77.00380069437757, 38.92568418234226], [-77.00320435333471, 38.92560952126898], [-77.0024462173494, 38.92560197262344], [-77.00290300273272, 38.92534738708605], [-77.00299560298936, 38.925250905655254], [-77.00355817223767, 38.923436974513756]]]}}, {"type": "Feature", "properties": {"SMD_ID": "8C02", "ANC_ID": "8C", "NAME": "SMD 8C02"}, "geometry": {"type": "Polygon", "coordinates": [[[-76.99739176979855, 38.84509657359384], [-76.99655218693735, 38.84621837335197], [-76.99922446564787, 38.847813276203496], [-76.99984584326235, 38.84718016541792], [-77.00222377772319, 38.848627170114135], [-77.00248077909292, 38.848409340858574], [-77.00287209251965, 38.84800332148118], [-77.0046356123733, 38.84906743172396], [-77.00478386570228, 38.84893788438716], [-77.00492763036193, 38.84887554000578], [-77.0056745768683, 38.84879578138638], [-77.00537394727965, 38.84627397259443], [-77.0053098866002, 38.84611065245272], [-77.00520332042028, 38.84596156751545], [-77.00493720767072, 38.84577339269124], [-77.00465382369217, 38.84568458108178], [-77.00350164200977, 38.845503641709655], [-77.00332941983758, 38.84534897176378], [-77.0032970387058, 38.84509574530685], [-76.99739176979855, 38.84509657359384]]]}}, {"type": "Feature", "properties": {"SMD_ID": "8C03", "ANC_ID": "8C", "NAME": "SMD 8C03"}, "geometry": {"type": "Polygon", "coordinates": [[[-76.9920088991481, 38.85366962416473], [-76.99610527990681, 38.855865042986096], [-76.99586953132496, 38.85235742193469], [-76.99603409404862, 38.84730819825941], [-76.99608272328469, 38.84701353377178], [-76.99627109093788, 38.846600502860746], [-76.99796891013061, 38.84432474145858], [-76.9983302746507, 38.84402215347636], [-76.99954232442322, 38.84336553881325], [-76.99950684636724, 38.8432757244495], [-76.9994992452637, 38.843066728434124], [-76.99736027735432, 38.84318795340356], [-76.99490750425964, 38.8435791090749], [-76.98863338312697, 38.84465430236347], [-76.9879995618989, 38.844774105310755], [-76.98730202691617, 38.844949669185816], [-76.98442801006045, 38.84572435374208], [-76.98457480946499, 38.84606381138842], [-76.98454898269755, 38.84617064811169], [-76.98265525968584, 38.847914425520635], [-76.98250008970203, 38.84927121753014], [-76.98313999273249, 38.8493139936725], [-76.98334524263572, 38.84937244285607], [-76.98442302335383, 38.850101284177825], [-76.98411987543912, 38.85034005701401], [-76.98379162276063, 38.85052891883139], [-76.98336165093735, 38.8506908300435], [-76.9829284649976, 38.85079625630138], [-76.9823645371144, 38.850843556860674], [-76.98101381007562, 38.85075677395044], [-76.98102529662081, 38.85131701046477], [-76.98106420198987, 38.851442774543244], [-76.98113560173316, 38.851542869819774], [-76.98135593760473, 38.85172974015979], [-76.98303002955178, 38.85292018981334], [-76.98314013823993, 38.85303947742126], [-76.98330490150218, 38.85330512375136], [-76.98422969639772, 38.85300383916095], [-76.98501680575627, 38.85284605200718], [-76.98590773397498, 38.8527511690027], [-76.98708790631767, 38.852719640830315], [-76.98766641959902, 38.8527377923051], [-76.98867879913654, 38.852819322080784], [-76.98990522905298, 38.85301395364755], [-76.9911096235003, 38.853326599133936], [-76.99157768944917, 38.853482263511474], [-76.9920088991481, 38.85366962416473]]]}}, {"type": "Feature", "properties": {"SMD_ID": "8C04", "ANC_ID": "8C", "NAME": "SMD 8C04"}, "geometry": {"type": "Polygon", "coordinates": [[[-77.00775871474634, 38.842004015094425], [-77.00617020696635, 38.84129748709835], [-77.00632695979618, 38.84110685989312], [-77.00672325047874, 38.8403925576458], [-77.00495738718325, 38.839435678144206], [-77.00602818132802, 38.838026092953264], [-77.00578337134736, 38.837996449510285], [-77.002467632313, 38.838011250545044], [-77.00105846960604, 38.836138323688225], [-76.99843316710019, 38.837562735192044], [-76.9984561948891, 38.837953522293745], [-76.99845228210681, 38.843117076488575], [-76.9994992452637, 38.843066728434124], [-76.99950684636724, 38.8432757244495], [-76.99954232442322, 38.84336553881325], [-76.99833269370707, 38.84402071215947], [-76.99815759937601, 38.84414349465234], [-76.99796891013061, 38.84432474145858], [-76.99739176979855, 38.84509657359384], [-77.0072217899909, 38.84510223465662], [-77.00726342681664, 38.84448173036635], [-77.00736885931958, 38.84367159418453], [-77.00775871474634, 38.842004015094425]]]}}, {"type": "Feature", "properties": {"SMD_ID": "8C05", "ANC_ID": "8C", "NAME": "SMD 8C05"}, "geometry": {"type": "Polygon", "coordinates": [[[-76.97284452210168, 38.85119963592129], [-76.97429437005336, 38.85252995148639], [-76.97507851809478, 38.85311475082695], [-76.97562727672229, 38.85342792773344], [-76.97617218092998, 38.853671448057895], [-76.97681461617847, 38.85390218425469], [-76.97742899046777, 38.85406153768091], [-76.97809253855574, 38.8541824581286], [-76.97870695829015, 38.8542457209003], [-76.97946182134397, 38.854256837399824], [-76.98019593115971, 38.854201093930456], [-76.98107564145778, 38.85405130349081], [-76.98153529352253, 38.85393236669309], [-76.98330490150218, 38.85330512375136], [-76.98314013823993, 38.85303947742126], [-76.98303002955178, 38.85292018981334], [-76.98135593760473, 38.85172974015979], [-76.98113560173316, 38.851542869819774], [-76.98106420198987, 38.851442774543244], [-76.98102529662081, 38.85131701046477], [-76.98101381007562, 38.85075677395044], [-76.97984648865922, 38.85066893520895], [-76.97949133411393, 38.85070003354646], [-76.97894318829955, 38.85090065294956], [-76.97826134086304, 38.8513084209666], [-76.97801488529983, 38.851424223302594], [-76.97762281034726, 38.851543600671796], [-76.97732084750344, 38.85158750357221], [-76.97732088912954, 38.85105756432418], [-76.9772874579984, 38.85098276978726], [-76.97847334460603, 38.85033140521676], [-76.97888185868717, 38.85014621229902], [-76.97877734240365, 38.84997106031029], [-76.97860213083474, 38.84982439798549], [-76.9774443250518, 38.849356479940354], [-76.97831367227883, 38.84817862902697], [-76.97868909658492, 38.84781565799748], [-76.97916750138049, 38.84745919023892], [-76.97846635720671, 38.84611239095024], [-76.97771072516365, 38.846331694809315], [-76.97705510101646, 38.84648029719119], [-76.97715984043793, 38.846756967007515], [-76.97716287768229, 38.846985331617056], [-76.97704966803397, 38.847255472594206], [-76.97687266395545, 38.84744632654436], [-76.97578692810363, 38.848475050528215], [-76.97550507372647, 38.84870308543196], [-76.97480763286441, 38.84910156046692], [-76.97420805590531, 38.84931583039892], [-76.9742087200931, 38.85098500396159], [-76.97353818913503, 38.851121692059564], [-76.97284452210168, 38.85119963592129]]]}}, {"type": "Feature", "properties": {"SMD_ID": "8C06", "ANC_ID": "8C", "NAME": "SMD 8C06"}, "geometry": {"type": "Polygon", "coordinates": [[[-76.98509479326223, 38.845539677585], [-76.98813492977891, 38.844744904757974], [-76.99242889778849, 38.84400426343944], [-76.99189496893338, 38.84110152532672], [-76.99186978918668, 38.84069596311697], [-76.99205010489659, 38.84025293988896], [-76.99205208995915, 38.8400111531724], [-76.99196560689772, 38.83982503262842], [-76.99164393725626, 38.83947061752018], [-76.99153512400876, 38.83916828599282], [-76.98934067868704, 38.839705010060904], [-76.98867166639447, 38.839832146411005], [-76.98850764235821, 38.83983762553578], [-76.98850754685198, 38.84186245505681], [-76.98701959559958, 38.84223038434029], [-76.98656872060552, 38.84237149573377], [-76.98610376931482, 38.84262277703367], [-76.98568820899753, 38.84298450610962], [-76.98497236558805, 38.84269119117271], [-76.98489760926162, 38.84268361442936], [-76.98482123087773, 38.84272035899317], [-76.98451090970968, 38.84325487953501], [-76.984418697182, 38.84353106626032], [-76.98440829759453, 38.84367952407925], [-76.98444178627916, 38.843825915807976], [-76.9846551346462, 38.84429591469251], [-76.98520969955143, 38.84414815766423], [-76.9850903477503, 38.844762698655174], [-76.98509479326223, 38.845539677585]]]}}, {"type": "Feature", "properties": {"SMD_ID": "7F04", "ANC_ID": "7F", "NAME": "SMD 7F04"}, "geometry": {"type": "Polygon", "coordinates": [[[-76.9426052881407, 38.89678850087703], [-76.94260269579965, 38.895998735991796], [-76.93919667563401, 38.895563259903625], [-76.93920794706808, 38.891534811608814], [-76.9386591073273, 38.891187702210914], [-76.93817777647712, 38.89075720838645], [-76.93783118541018, 38.89034092748411], [-76.93754520543472, 38.889779408829234], [-76.93273821798344, 38.88976990242392], [-76.93287854348807, 38.89008703303503], [-76.9329155719372, 38.89030235455037], [-76.93290688164474, 38.894027763157005], [-76.93487723433925, 38.89427732909278], [-76.93487260620924, 38.89593774935333], [-76.93490578281812, 38.896215315690064], [-76.93500811370265, 38.89650580246339], [-76.93514129032235, 38.89672369881664], [-76.9353013578468, 38.89690791861054], [-76.93552885783804, 38.89709830110179], [-76.93590999948519, 38.89731606288432], [-76.936502370007, 38.89749195942694], [-76.9368532492141, 38.897522237558945], [-76.93775380268943, 38.897520018354726], [-76.93775329420842, 38.89678160224302], [-76.9426052881407, 38.89678850087703]]]}}, {"type": "Feature", "properties": {"SMD_ID": "8C07", "ANC_ID": "8C", "NAME": "SMD 8C07"}, "geometry": {"type": "Polygon", "coordinates": [[[-76.99845228210681, 38.843117076488575], [-76.9984561948891, 38.837953522293745], [-76.99843316710019, 38.837562735192044], [-77.00076096437814, 38.83629876664242], [-77.00076015293902, 38.835813030600434], [-77.0006048874967, 38.83521613104236], [-77.00057827977916, 38.83500091908711], [-77.00057193096416, 38.83324949420453], [-77.00053002877667, 38.83300513986996], [-76.9967321522738, 38.83547724215414], [-76.99598485514628, 38.83589953538138], [-76.9952176311016, 38.836203632018076], [-76.99319964728203, 38.8367151222146], [-76.9933779175844, 38.83701691576152], [-76.99349248955077, 38.8373723958865], [-76.99356492373657, 38.83881231133858], [-76.99261580361252, 38.8389181045027], [-76.99153512400876, 38.83916828599282], [-76.99164393725626, 38.83947061752018], [-76.99196560689772, 38.83982503262842], [-76.99205208995915, 38.8400111531724], [-76.99205010489659, 38.84025293988896], [-76.99186978918668, 38.84069596311697], [-76.99189496893338, 38.84110152532672], [-76.99242889778849, 38.84400426343944], [-76.99736027735432, 38.84318795340356], [-76.99845228210681, 38.843117076488575]]]}}, {"type": "Feature", "properties": {"SMD_ID": "8D01", "ANC_ID": "8D", "NAME": "SMD 8D01"}, "geometry": {"type": "Polygon", "coordinates": [[[-77.0072217899909, 38.84510223465662], [-77.00835666289414, 38.8451023300705], [-77.00883701460796, 38.84050829243113], [-77.00901208154185, 38.839928432020336], [-77.00919261452454, 38.83959865452502], [-77.00923070940533, 38.839357675401295], [-77.00918116514032, 38.83897138781894], [-77.00894942201184, 38.83846717562259], [-77.01002284379005, 38.836994872518176], [-77.01562558470557, 38.82976181326495], [-77.01614597343897, 38.828996202851734], [-77.01640959029396, 38.82838992317349], [-77.01475233239078, 38.828432547321036], [-77.01273442817134, 38.82866601424111], [-77.01002340249647, 38.82866961174958], [-77.00946324375896, 38.82876424744299], [-77.00869799431486, 38.829050776284355], [-77.00811134648875, 38.82918234217229], [-77.00780534880408, 38.82920686607608], [-77.00588631000194, 38.82920571749226], [-77.00589244171947, 38.837913746434985], [-77.00591681858968, 38.83796708426435], [-77.00602818132802, 38.838026092953264], [-77.00495738718325, 38.839435678144206], [-77.00672325047874, 38.8403925576458], [-77.00632695979618, 38.84110685989312], [-77.00617020696635, 38.84129748709835], [-77.00775871474634, 38.842004015094425], [-77.00736885931958, 38.84367159418453], [-77.00726342681664, 38.84448173036635], [-77.0072217899909, 38.84510223465662]]]}}, {"type": "Feature", "properties": {"SMD_ID": "6/8F01", "ANC_ID": "6/8F", "NAME": "SMD 6/8F01"}, "geometry": {"type": "Polygon", "coordinates": [[[-76.9915324401557, 38.87540333050684], [-76.99153798989308, 38.87758352525484], [-76.99206629941341, 38.877583409187494], [-76.99243112631957, 38.87773240832159], [-76.99341107541078, 38.877995383642535], [-76.9935745174349, 38.877872058807014], [-76.99367580194276, 38.87785464108718], [-76.99368455233922, 38.87763607186958], [-77.00204579608652, 38.879977812415035], [-77.00204547247952, 38.87753635749269], [-77.00058358126051, 38.877534211958285], [-77.00053639129627, 38.87489477862829], [-76.99777293641937, 38.87492094609229], [-76.9977248428268, 38.872493361057714], [-76.99868856992707, 38.87272489180892], [-77.00035272111364, 38.872888941631885], [-77.00054043235868, 38.8728645101217], [-77.00071327846415, 38.87061077747069], [-76.99954428306968, 38.8704927776623], [-77.00006228346447, 38.86964278124122], [-76.99709740565153, 38.868892957372616], [-76.99703022766309, 38.86884259867723], [-76.99693354789197, 38.86885286576667], [-76.99572651507273, 38.868542307978714], [-76.99490849763367, 38.86842453527506], [-76.99394078698752, 38.86843818187104], [-76.99348354447115, 38.86850427898594], [-76.99286992484589, 38.86864594542551], [-76.99242350389042, 38.86878617825686], [-76.99173876267426, 38.86909259791175], [-76.99045414026493, 38.8700723445404], [-76.99038510889157, 38.87012017352124], [-76.99034973407504, 38.870105937320254], [-76.9903415456957, 38.8701561134721], [-76.98982362800753, 38.87055766427832], [-76.98954997102058, 38.870703846553006], [-76.99091827176098, 38.872477742941875], [-76.99114457096343, 38.87288301235254], [-76.991362694246, 38.8734501166399], [-76.99145243025917, 38.87384043027006], [-76.99149642704928, 38.87424182982593], [-76.9915324401557, 38.87540333050684]]]}}, {"type": "Feature", "properties": {"SMD_ID": "6/8F02", "ANC_ID": "6/8F", "NAME": "SMD 6/8F02"}, "geometry": {"type": "Polygon", "coordinates": [[[-77.00910016961494, 38.87647704766527], [-77.0090734577947, 38.86987585445365], [-77.0072905677919, 38.869081212585996], [-77.00390253416768, 38.86772231225407], [-77.00303702698119, 38.868968624485035], [-77.00274250477175, 38.86923735261438], [-77.0023597110286, 38.86947365153761], [-77.00174771620635, 38.86970734041748], [-77.00121142324724, 38.86979580978705], [-77.00071695760475, 38.869780769837554], [-77.00006228346447, 38.86964278124122], [-76.99954428306968, 38.8704927776623], [-77.00071327846415, 38.87061077747069], [-77.00054043235868, 38.8728645101217], [-77.00035272111364, 38.872888941631885], [-76.99868856992707, 38.87272489180892], [-76.9977248428268, 38.872493361057714], [-76.99777293641937, 38.87492094609229], [-77.00053639129627, 38.87489477862829], [-77.00054982786547, 38.87631020521642], [-77.00058301950052, 38.8764876885045], [-77.00910016961494, 38.87647704766527]]]}}, {"type": "Feature", "properties": {"SMD_ID": "4E05", "ANC_ID": "4E", "NAME": "SMD 4E05"}, "geometry": {"type": "Polygon", "coordinates": [[[-77.03272850962466, 38.94720220157325], [-77.03630049814392, 38.947201669387916], [-77.03643304615963, 38.947249426094544], [-77.03644597103222, 38.93974542788988], [-77.03794874590166, 38.939741787730256], [-77.03770430161785, 38.93895179428612], [-77.03644632943833, 38.93895738209704], [-77.03644710383529, 38.938238510771406], [-77.03606562605951, 38.93837282570879], [-77.03575347616847, 38.93854498008206], [-77.03547295831086, 38.93877567794633], [-77.03529093993615, 38.93899958920557], [-77.0351631410491, 38.93924032938518], [-77.03508024059661, 38.939541591689704], [-77.03507851608295, 38.94056112391265], [-77.03217711557814, 38.943921177110724], [-77.0317021409481, 38.94506878240856], [-77.03272799186203, 38.94506949059674], [-77.03272850962466, 38.94720220157325]]]}}, {"type": "Feature", "properties": {"SMD_ID": "4E06", "ANC_ID": "4E", "NAME": "SMD 4E06"}, "geometry": {"type": "Polygon", "coordinates": [[[-77.03644597103222, 38.93974542788988], [-77.03640470404018, 38.952944377391646], [-77.04407177429121, 38.952953503237566], [-77.04421694428437, 38.95282805327208], [-77.04433924136671, 38.95265486795587], [-77.0446677166995, 38.952308374819026], [-77.04486630906759, 38.95201571004848], [-77.04489679435513, 38.95189633871622], [-77.04488124014532, 38.95156195754874], [-77.04497278625601, 38.95127527005466], [-77.04566034790604, 38.95055245874137], [-77.04647040151119, 38.950134155498944], [-77.04685254994351, 38.949901138994804], [-77.04697487887843, 38.94979362115069], [-77.04708168184087, 38.94958458613693], [-77.04704334323537, 38.949351647494204], [-77.04689031215239, 38.949082992022035], [-77.04688253193179, 38.949005433859895], [-77.0468901668524, 38.94886210907496], [-77.04698932311294, 38.94858740681455], [-77.04699683087769, 38.948444082062004], [-77.04696617750875, 38.94830077264312], [-77.04685145095608, 38.94822911276814], [-77.04640802555967, 38.94808002243685], [-77.04617095692548, 38.9479129226189], [-77.04596452888646, 38.947817516189666], [-77.04576573804121, 38.947775804769265], [-77.04557458784922, 38.94777587944861], [-77.04541415373056, 38.947805750288786], [-77.04519249762188, 38.947907359518034], [-77.04500921922062, 38.948152275299506], [-77.04497862769777, 38.94830155428004], [-77.0449175545913, 38.94840904654519], [-77.04478015430307, 38.94856440200528], [-77.04447435599592, 38.948600281617054], [-77.04423733466463, 38.94850488378604], [-77.04413021364383, 38.94839736541148], [-77.04405361547602, 38.94821236422747], [-77.04405347150738, 38.947979410146274], [-77.04409171548484, 38.94788985341599], [-77.04419096586288, 38.94777036613193], [-77.04459590967646, 38.94743582494174], [-77.04485560578195, 38.9471252100986], [-77.04527597025643, 38.94676084317365], [-77.04541347021248, 38.946551797667674], [-77.04552788348863, 38.94617556723717], [-77.04572635562035, 38.94572759786895], [-77.04597838494921, 38.94551256132997], [-77.0461771231454, 38.945464739079064], [-77.04626121345575, 38.94547659676681], [-77.04665884161716, 38.945631741563545], [-77.04728574439446, 38.945738958491276], [-77.04783607885547, 38.94567900964797], [-77.04805755255445, 38.9454937985463], [-77.04837059724859, 38.94495623509864], [-77.04849279130624, 38.944818898186455], [-77.0493868866071, 38.94416163955866], [-77.04960836116248, 38.943791305138646], [-77.04976110351006, 38.943647918346095], [-77.04992149717316, 38.94357623406108], [-77.05013786882023, 38.94302582506564], [-77.05046217375592, 38.942626348013476], [-77.05094040220875, 38.94211915397079], [-77.05108628546704, 38.941909917775185], [-77.05118346103185, 38.94164368023826], [-77.05131928676263, 38.941422016691995], [-77.05134819669541, 38.94120265206789], [-77.05131881305346, 38.940763961089225], [-77.05121221115853, 38.94057492375655], [-77.0512023921962, 38.940378186913826], [-77.05160841019477, 38.93959140402959], [-77.05173390132919, 38.93910724272009], [-77.05213990028489, 38.938138850512054], [-77.05213009023004, 38.9379573376753], [-77.05207197859004, 38.937828725074255], [-77.05186846309664, 38.9376170394655], [-77.05040619415591, 38.93719409998275], [-77.04988347540908, 38.93719432424235], [-77.04891537069207, 38.93732328184477], [-77.04819883509612, 38.9372631428419], [-77.04808262804274, 38.93719507895208], [-77.04794700956079, 38.937059019255415], [-77.04785012230944, 38.936869884660325], [-77.0478305304515, 38.936567393950845], [-77.04787871602292, 38.93616650482568], [-77.04779123981623, 38.9357505462612], [-77.04785881952553, 38.93541008585299], [-77.04803046174924, 38.935059349232866], [-77.04829948305918, 38.93481198746285], [-77.04757106040847, 38.93511728034399], [-77.04657521291071, 38.93541555897991], [-77.04550573297283, 38.93585405400523], [-77.04516139128495, 38.93595408963104], [-77.04480824484006, 38.93599377199614], [-77.04328032934936, 38.93600560815164], [-77.04236391274328, 38.93613431220438], [-77.04154362361427, 38.93615442491223], [-77.04111911073402, 38.93623015467743], [-77.04080314653504, 38.93635052622642], [-77.04012122452384, 38.93671145464923], [-77.03924650080398, 38.936966146031416], [-77.03883354491002, 38.93711825397911], [-77.03749618292171, 38.93782989585084], [-77.03644710383529, 38.938238510771406], [-77.03644632943833, 38.93895738209704], [-77.03770430161785, 38.93895179428612], [-77.03794874590166, 38.939741787730256], [-77.03644597103222, 38.93974542788988]]]}}, {"type": "Feature", "properties": {"SMD_ID": "4E04", "ANC_ID": "4E", "NAME": "SMD 4E04"}, "geometry": {"type": "Polygon", "coordinates": [[[-77.03619121797881, 38.94719919897009], [-77.03272830179367, 38.94720179625877], [-77.03272799186203, 38.94506949059674], [-77.02633894821135, 38.9450681321135], [-77.02666786473708, 38.94640812986462], [-77.02728647896855, 38.95080988264043], [-77.03342938806084, 38.95080972870726], [-77.03343212727306, 38.95000889218074], [-77.0333809582642, 38.94987378264995], [-77.0332564221687, 38.949745540279075], [-77.03642167851409, 38.949746029267914], [-77.03643304615963, 38.947249426094544], [-77.03619121797881, 38.94719919897009]]]}}, {"type": "Feature", "properties": {"SMD_ID": "5C01", "ANC_ID": "5C", "NAME": "SMD 5C01"}, "geometry": {"type": "Polygon", "coordinates": [[[-76.96378263847599, 38.924235094689124], [-76.96304272191817, 38.92377664577045], [-76.96047721437395, 38.92200376100072], [-76.9575693087712, 38.920067239350196], [-76.95721725838972, 38.920348089759464], [-76.95701271229566, 38.92046387080151], [-76.9566834363477, 38.920586622804755], [-76.95783768915625, 38.921358590113265], [-76.95785306163799, 38.92155237375899], [-76.95664696120416, 38.9226558577448], [-76.95752306915944, 38.92325934977879], [-76.95665384030647, 38.92446718172454], [-76.9562813628912, 38.92475006640474], [-76.95617799898346, 38.924864000963375], [-76.95637135787317, 38.925149655069895], [-76.95649401689722, 38.92541121231429], [-76.95657721020336, 38.925715454192115], [-76.95660552128597, 38.92600111849256], [-76.95655947931498, 38.92642521300328], [-76.95618864996779, 38.92764993540403], [-76.95621964359077, 38.927885424384414], [-76.95631182639671, 38.928014097619204], [-76.95674265481018, 38.92835567299717], [-76.9568742056115, 38.928495161309066], [-76.95736518906797, 38.92822942501019], [-76.9580393335618, 38.92815614311957], [-76.95814521295262, 38.92835735476479], [-76.95822290070947, 38.92843107057089], [-76.95828702328794, 38.92843064305789], [-76.95824742198589, 38.92850548800854], [-76.958249448629, 38.928589626385815], [-76.95839570598756, 38.928750927357775], [-76.9595843459418, 38.92951124067155], [-76.96078738827401, 38.92870719011377], [-76.96143693501844, 38.928227272101594], [-76.96516418729392, 38.925176208496325], [-76.96378263847599, 38.924235094689124]]]}}, {"type": "Feature", "properties": {"SMD_ID": "5C02", "ANC_ID": "5C", "NAME": "SMD 5C02"}, "geometry": {"type": "Polygon", "coordinates": [[[-76.9670639639607, 38.926979918269296], [-76.97217424834064, 38.92251565128389], [-76.97216930411186, 38.9245175965318], [-76.97900026352127, 38.924516771446775], [-76.97900857564413, 38.91990227697824], [-76.97872034426005, 38.91960556258987], [-76.978518536677, 38.919251588436076], [-76.97844769152199, 38.91901204391975], [-76.97829751700893, 38.91811174163224], [-76.97660427426204, 38.91829078880241], [-76.97486328035205, 38.91838178978332], [-76.97378327910177, 38.918391794962815], [-76.97178027123526, 38.9183277926933], [-76.97147930330087, 38.91854139722882], [-76.9683787518777, 38.922334357342855], [-76.96762072852431, 38.92312861184924], [-76.967100594391, 38.923598673992394], [-76.96475594180362, 38.92553284256326], [-76.96143693501844, 38.928227272101594], [-76.96078738827401, 38.92870719011377], [-76.9595843459418, 38.92951124067155], [-76.95839570598756, 38.928750927357775], [-76.958249448629, 38.928589626385815], [-76.95824742198589, 38.92850548800854], [-76.95828702328794, 38.92843064305789], [-76.95822290070947, 38.92843107057089], [-76.95814521295262, 38.92835735476479], [-76.9580393335618, 38.92815614311957], [-76.95743318338121, 38.928214865332336], [-76.95702117029238, 38.92839588977111], [-76.9562676625557, 38.92896256650966], [-76.95602819877826, 38.92917901849809], [-76.95599962465005, 38.92924659711717], [-76.956016490348, 38.92935138816081], [-76.95589781340232, 38.92952402378548], [-76.96123819124603, 38.93370068243418], [-76.96125814515365, 38.933656935711234], [-76.96272920157338, 38.93288738405189], [-76.96396144618447, 38.932879392753605], [-76.96397464781762, 38.932773639304294], [-76.96423285773118, 38.93213375945229], [-76.97008766585228, 38.929940547847984], [-76.97010204479717, 38.92989209582057], [-76.9670639639607, 38.926979918269296]]]}}, {"type": "Feature", "properties": {"SMD_ID": "5C03", "ANC_ID": "5C", "NAME": "SMD 5C03"}, "geometry": {"type": "Polygon", "coordinates": [[[-76.9549396570318, 38.91825881465281], [-76.95383472940252, 38.91879553214128], [-76.95317813035766, 38.919039901131505], [-76.95261488059171, 38.91918576219045], [-76.95192270371516, 38.9192358540559], [-76.9511403024761, 38.91922209813166], [-76.95064166391911, 38.91917486510278], [-76.9450734754476, 38.91824923384653], [-76.94410912397976, 38.91811887644725], [-76.94346065487932, 38.91806660443755], [-76.94241633038833, 38.91804894263159], [-76.94186181138446, 38.918543063352395], [-76.95589781340232, 38.92952402378548], [-76.956016490348, 38.92935138816081], [-76.95599962465005, 38.92924659711717], [-76.956054837789, 38.929144868993845], [-76.9568742056115, 38.928495161309066], [-76.95674265481018, 38.92835567299717], [-76.95630076166236, 38.92800319342144], [-76.95618960101757, 38.927791366314686], [-76.95619258180959, 38.92763246074542], [-76.95656861333522, 38.926386840964305], [-76.95660552128597, 38.92600111849256], [-76.95657721020336, 38.925715454192115], [-76.95649401689722, 38.92541121231429], [-76.95637135787317, 38.925149655069895], [-76.95617799898346, 38.924864000963375], [-76.9562813628912, 38.92475006640474], [-76.95665384030647, 38.92446718172454], [-76.95752306915944, 38.92325934977879], [-76.95664696120416, 38.9226558577448], [-76.95785306163799, 38.92155237375899], [-76.95783768915625, 38.921358590113265], [-76.9566834363477, 38.920586622804755], [-76.95701271229566, 38.92046387080151], [-76.95721725838972, 38.920348089759464], [-76.9575693087712, 38.920067239350196], [-76.9549396570318, 38.91825881465281]]]}}, {"type": "Feature", "properties": {"SMD_ID": "5C04", "ANC_ID": "5C", "NAME": "SMD 5C04"}, "geometry": {"type": "Polygon", "coordinates": [[[-76.94241633038833, 38.91804894263159], [-76.94346065487932, 38.91806660443755], [-76.94410912397976, 38.91811887644725], [-76.9450734754476, 38.91824923384653], [-76.95064166391911, 38.91917486510278], [-76.95152290419144, 38.919232328784815], [-76.95236121579437, 38.91921924211263], [-76.95309732651704, 38.919063821878474], [-76.95383472940252, 38.91879553214128], [-76.9549396570318, 38.91825881465281], [-76.95767051794435, 38.92014879241592], [-76.96007770959238, 38.92173367272866], [-76.96304272191817, 38.92377664577045], [-76.96378263847599, 38.924235094689124], [-76.96516418729392, 38.925176208496325], [-76.967100594391, 38.923598673992394], [-76.96801057529441, 38.92274703655731], [-76.9683787518777, 38.922334357342855], [-76.97147930330087, 38.91854139722882], [-76.97178027123526, 38.9183277926933], [-76.97378327910177, 38.918391794962815], [-76.97486328035205, 38.91838178978332], [-76.97660427426204, 38.91829078880241], [-76.97829751700893, 38.91811174163224], [-76.97816927728793, 38.91728978856704], [-76.97840626903985, 38.91700059305873], [-76.98509423287368, 38.91107220558402], [-76.98313536932497, 38.910339885316134], [-76.98375775490965, 38.90976800669108], [-76.98319377551091, 38.90952542229894], [-76.98031913804888, 38.908013102748406], [-76.97960348195518, 38.907601325548114], [-76.97852044938551, 38.90734855540665], [-76.97497546721014, 38.905892785260065], [-76.9749892329861, 38.90562979839991], [-76.96847744581741, 38.90562626823971], [-76.9681684549823, 38.90565050701796], [-76.9582241443839, 38.90550010609069], [-76.95761357472512, 38.9067626588567], [-76.95720893522251, 38.90746714448085], [-76.95661250258334, 38.908252632686846], [-76.95620788942784, 38.90888432722774], [-76.95460539473325, 38.91068196156508], [-76.9542993176497, 38.91115568112996], [-76.95400350911585, 38.91179137389175], [-76.95391522550936, 38.91209104664399], [-76.95382135673867, 38.91264592340773], [-76.95373243552436, 38.91392570306408], [-76.9536545545557, 38.9141807883478], [-76.95349887362885, 38.9143872876922], [-76.95320852292453, 38.914581571717825], [-76.95298049451522, 38.914686787652414], [-76.95277312665344, 38.91475958147762], [-76.95241528950311, 38.914824296337144], [-76.9508760264712, 38.91488842933066], [-76.94730506415942, 38.914955697268724], [-76.94678164746148, 38.915012122503796], [-76.94638768233158, 38.91511724987887], [-76.94614398423329, 38.91520623026993], [-76.94558404314085, 38.9155097319768], [-76.9444638935746, 38.91632327929266], [-76.94372744602902, 38.91687370557225], [-76.94241633038833, 38.91804894263159]]]}}, {"type": "Feature", "properties": {"SMD_ID": "5C05", "ANC_ID": "5C", "NAME": "SMD 5C05"}, "geometry": {"type": "Polygon", "coordinates": [[[-76.97829751700893, 38.91811174163224], [-76.97844769152199, 38.91901204391975], [-76.978518536677, 38.919251588436076], [-76.97872034426005, 38.91960556258987], [-76.97900857564413, 38.91990227697824], [-76.97961028228984, 38.91938654861042], [-76.98000424008676, 38.91921680968045], [-76.98032770258031, 38.919182452759415], [-76.98205232211612, 38.91918696425133], [-76.9820897948984, 38.920121043553785], [-76.98219255622325, 38.92051832648224], [-76.98232083560855, 38.92078598333944], [-76.9825275289721, 38.92106121878531], [-76.98279799820344, 38.921318716854486], [-76.9838069717433, 38.92202529383712], [-76.9845484878869, 38.92138111883447], [-76.9859428224724, 38.92233527641672], [-76.98620624719112, 38.92213739492768], [-76.98650216767778, 38.92205725539277], [-76.9885807687449, 38.9220500901304], [-76.98837129486722, 38.92310773670847], [-76.9882528146096, 38.92339509033615], [-76.98801377689088, 38.92382402432137], [-76.99604754416309, 38.921297584231], [-77.00173228589398, 38.909985791164495], [-77.0007612855951, 38.910512789644415], [-76.99911628262973, 38.9113117927602], [-76.99812428738818, 38.91167978983359], [-76.98185327979827, 38.9172857884018], [-76.97829751700893, 38.91811174163224]]]}}, {"type": "Feature", "properties": {"SMD_ID": "5C06", "ANC_ID": "5C", "NAME": "SMD 5C06"}, "geometry": {"type": "Polygon", "coordinates": [[[-76.97900026352127, 38.924516771446775], [-76.98519211022335, 38.9245169091874], [-76.98541497891681, 38.92458213943053], [-76.98559753476833, 38.92457416268006], [-76.98625861467504, 38.92434318786783], [-76.98801377689088, 38.92382402432137], [-76.9882528146096, 38.92339509033615], [-76.98837129486722, 38.92310773670847], [-76.9885807687449, 38.9220500901304], [-76.98650216767778, 38.92205725539277], [-76.98620624719112, 38.92213739492768], [-76.9859428224724, 38.92233527641672], [-76.9845484878869, 38.92138111883447], [-76.9838069717433, 38.92202529383712], [-76.98279799820344, 38.921318716854486], [-76.9825275289721, 38.92106121878531], [-76.98232083560855, 38.92078598333944], [-76.98219255622325, 38.92051832648224], [-76.9820897948984, 38.920121043553785], [-76.98205232211612, 38.91918696425133], [-76.98032770258031, 38.919182452759415], [-76.98000424008676, 38.91921680968045], [-76.97961028228984, 38.91938654861042], [-76.97900857564413, 38.91990227697824], [-76.97900026352127, 38.924516771446775]]]}}, {"type": "Feature", "properties": {"SMD_ID": "5C07", "ANC_ID": "5C", "NAME": "SMD 5C07"}, "geometry": {"type": "Polygon", "coordinates": [[[-76.9715532170487, 38.931294015941276], [-76.98467768889822, 38.92497573569353], [-76.98559753476833, 38.92457416268006], [-76.98541497891681, 38.92458213943053], [-76.98519211022335, 38.9245169091874], [-76.97216930411186, 38.9245175965318], [-76.97217424834064, 38.92251565128389], [-76.9670639639607, 38.926979918269296], [-76.9715532170487, 38.931294015941276]]]}}, {"type": "Feature", "properties": {"SMD_ID": "1C06", "ANC_ID": "1C", "NAME": "SMD 1C06"}, "geometry": {"type": "Polygon", "coordinates": [[[-77.04121595906346, 38.92686756889191], [-77.04041516852187, 38.926633938616966], [-77.04122954439016, 38.92614954714691], [-77.0415473795536, 38.92615222715883], [-77.04160660988987, 38.925479915264184], [-77.04109085782319, 38.92523308963468], [-77.04014483503245, 38.92436006179673], [-77.03713849345827, 38.92611908349773], [-77.03694105626823, 38.92629295256052], [-77.03649049113227, 38.92653307569721], [-77.03670970588342, 38.927125709241025], [-77.03757246016151, 38.92695414190457], [-77.03796210793732, 38.92710085153735], [-77.0385053335937, 38.92717724449965], [-77.04121607614762, 38.927189832368626], [-77.04121595906346, 38.92686756889191]]]}}, {"type": "Feature", "properties": {"SMD_ID": "5A08", "ANC_ID": "5A", "NAME": "SMD 5A08"}, "geometry": {"type": "Polygon", "coordinates": [[[-77.0000452913759, 38.94627779548091], [-76.99495496519899, 38.94628098374833], [-76.99496047700273, 38.94827181407828], [-76.99111368252336, 38.94826690072254], [-76.99057742520688, 38.94787824155692], [-76.99055432917226, 38.95241462731086], [-76.9892596834399, 38.952417218047884], [-76.98839798989601, 38.95324580660233], [-76.9894823028669, 38.95345922500085], [-76.99042184716473, 38.953578665310495], [-76.99106052205057, 38.95362420764147], [-76.9918456065188, 38.95361886005932], [-76.99323062411784, 38.95344274667092], [-76.99525918364662, 38.95288280230566], [-76.99603723014104, 38.95273482535603], [-76.99682034708722, 38.95264215414994], [-76.99435637093546, 38.95075329656762], [-76.99490449634432, 38.95032092452054], [-76.99495503246818, 38.95022219600939], [-76.99495862073063, 38.95005239016225], [-76.99908503599997, 38.9500680795258], [-76.99915067657886, 38.95014582144181], [-76.99922201784251, 38.9511363628551], [-76.99919391934546, 38.951775103315796], [-76.99964660327983, 38.95166912321869], [-77.00008311159266, 38.95151755951565], [-77.0004851312363, 38.95132714684277], [-77.00086282567025, 38.951092149620614], [-77.00202728118155, 38.951093954878075], [-77.0000452913759, 38.94627779548091]]]}}, {"type": "Feature", "properties": {"SMD_ID": "1C01", "ANC_ID": "1C", "NAME": "SMD 1C01"}, "geometry": {"type": "Polygon", "coordinates": [[[-77.04168334507028, 38.91875132684591], [-77.04454020490378, 38.91874843510333], [-77.0446414327452, 38.91870392234537], [-77.04478364008119, 38.919059696981336], [-77.04606878012177, 38.91702824192815], [-77.04628828766552, 38.916555352769095], [-77.04634737785051, 38.9159968125863], [-77.04624928688582, 38.91477214110828], [-77.04616832332754, 38.914386787435355], [-77.04447573871514, 38.91535429077285], [-77.04154565416985, 38.916837384574094], [-77.04086555187142, 38.91722455935246], [-77.0404287759588, 38.91778449808351], [-77.04051383965935, 38.91782331254848], [-77.04165001114224, 38.91782826403622], [-77.04168334507028, 38.91875132684591]]]}}, {"type": "Feature", "properties": {"SMD_ID": "4A07", "ANC_ID": "4A", "NAME": "SMD 4A07"}, "geometry": {"type": "Polygon", "coordinates": [[[-77.03341948305984, 38.9715130483449], [-77.03637283283284, 38.971514752365955], [-77.03637334866393, 38.97227662392688], [-77.0365469005455, 38.97223844695473], [-77.03707589354, 38.97202586618933], [-77.03727562843463, 38.97198787801017], [-77.03768521203078, 38.972053326702], [-77.03784091948587, 38.97211894647095], [-77.03793397315786, 38.97219854914122], [-77.03800341269213, 38.97235770214757], [-77.03795734863166, 38.972537071106984], [-77.03753249395326, 38.97284267754078], [-77.03745663983305, 38.97299286915808], [-77.03748220289613, 38.97310627465672], [-77.03756464546956, 38.97319506940631], [-77.0376776488982, 38.973245118841085], [-77.03783367554576, 38.97325497752445], [-77.03840185749979, 38.97316227773889], [-77.03951241743734, 38.97285905087196], [-77.0399860090868, 38.97284256696701], [-77.04010065902796, 38.972555903635026], [-77.04013979414043, 38.972356718087035], [-77.04009368195977, 38.97184622806793], [-77.04062325754518, 38.97164688215401], [-77.04093681624464, 38.9713047299755], [-77.04122441012295, 38.9711463541767], [-77.04196318607644, 38.97095717960259], [-77.04210052270612, 38.97096218386042], [-77.04245352866614, 38.97101313295451], [-77.04253866625717, 38.97112543476312], [-77.04268249375909, 38.971196907775344], [-77.04294411820375, 38.97124779862336], [-77.04325142405382, 38.971252820060194], [-77.04346709214204, 38.97123751616746], [-77.04385281147111, 38.97115053272492], [-77.04439620409806, 38.97092728366502], [-77.04458730395798, 38.970765963456586], [-77.04466362151722, 38.97064648506401], [-77.0447858767572, 38.970359796082484], [-77.044877402304, 38.97000150323273], [-77.04502250351703, 38.96973273159787], [-77.0450985832241, 38.969057984893794], [-77.04525900476494, 38.96891460175764], [-77.04584751530898, 38.968562060069075], [-77.04590096143698, 38.96839484608334], [-77.0459850171119, 38.96829329013926], [-77.04646654309495, 38.96794682283687], [-77.0467033153097, 38.96757648960413], [-77.04681776292507, 38.96717638760796], [-77.04678700195892, 38.96674031066914], [-77.0468479466584, 38.966417881072566], [-77.0469319472474, 38.96622074691139], [-77.04711522664732, 38.96595195714069], [-77.04745111541185, 38.96507406645133], [-77.04745849594315, 38.96470381533015], [-77.04739722232577, 38.9645426825646], [-77.04680799795135, 38.96392189102339], [-77.04641774133216, 38.963354616731415], [-77.04610415644389, 38.96306215271224], [-77.04530105699253, 38.96263844808232], [-77.04494928224234, 38.962501298039406], [-77.04472742983539, 38.962364007224025], [-77.0441461368282, 38.96198209793936], [-77.04364119490428, 38.96157619530186], [-77.04344336381047, 38.961371484270906], [-77.04149170195782, 38.962481550873726], [-77.04089433213254, 38.96278791588065], [-77.04026576890874, 38.96299223405227], [-77.03955468240278, 38.96309817061779], [-77.03894935816813, 38.96310445440231], [-77.03840778970817, 38.96303659421458], [-77.03479810359988, 38.962248772306516], [-77.03342692981435, 38.96204978363559], [-77.03342090309923, 38.965437167543186], [-77.03638679366682, 38.965431174508275], [-77.03638649582052, 38.96685915311007], [-77.03637173723222, 38.96993350030115], [-77.03338049842498, 38.96992940189322], [-77.03341985673082, 38.97002151793456], [-77.03341948305984, 38.9715130483449]]]}}, {"type": "Feature", "properties": {"SMD_ID": "3E07", "ANC_ID": "3E", "NAME": "SMD 3E07"}, "geometry": {"type": "Polygon", "coordinates": [[[-77.08599693733495, 38.939454504439304], [-77.08630331301545, 38.93898279327031], [-77.08894631008967, 38.94124179553379], [-77.08964556283465, 38.940652659272786], [-77.09026716990941, 38.9411066494458], [-77.09034775594823, 38.941073076324486], [-77.09047614856414, 38.94108081423261], [-77.09065047204258, 38.94118761665299], [-77.09076950798219, 38.94105777778896], [-77.09174810523749, 38.93934038354026], [-77.09031200237523, 38.938781996475754], [-77.08995699562426, 38.93852700202964], [-77.08876699470979, 38.94000500261936], [-77.08811947910354, 38.93952469266588], [-77.08868832695566, 38.93872438851296], [-77.08915835328943, 38.9389525714967], [-77.08939668644753, 38.938645665852725], [-77.089365795047, 38.93857954152627], [-77.08866419130547, 38.93789447207868], [-77.08964840439346, 38.93673901911183], [-77.09004882324795, 38.936738711305416], [-77.09040251019994, 38.93632347076052], [-77.09020211932467, 38.93617928552062], [-77.09099404093186, 38.93523446614777], [-77.09039308983434, 38.93497031345976], [-77.08997785246399, 38.93542168876092], [-77.08942308562243, 38.93513945189604], [-77.08892305332677, 38.93552473127902], [-77.08801588826253, 38.936704172584854], [-77.08578239451573, 38.93567781448396], [-77.08538330702852, 38.936081795859415], [-77.08547931727874, 38.9361787901603], [-77.08472031283728, 38.93705678755273], [-77.08558731267911, 38.937669792434676], [-77.08547631616914, 38.9378027911457], [-77.08544431730728, 38.93797379209745], [-77.08549931586121, 38.93811079516083], [-77.08563630727949, 38.938233793301784], [-77.08462131351077, 38.939426789977055], [-77.08545431163293, 38.94003779333246], [-77.08589884598283, 38.93951087843214], [-77.08599693733495, 38.939454504439304]]]}}, {"type": "Feature", "properties": {"SMD_ID": "1B02", "ANC_ID": "1B", "NAME": "SMD 1B02"}, "geometry": {"type": "Polygon", "coordinates": [[[-77.02093181800403, 38.91643325081691], [-77.02189603552492, 38.91645829743332], [-77.0218990896049, 38.917767297662266], [-77.02394553267101, 38.91777158953023], [-77.0242665497118, 38.91815499895126], [-77.02441185974888, 38.91840908468199], [-77.02464044514247, 38.918117373978], [-77.02703861955584, 38.918118357034714], [-77.027039005374, 38.91700708911879], [-77.02724494851176, 38.91700830244602], [-77.0272342956923, 38.91683178664434], [-77.02756128942329, 38.9168317910446], [-77.02758560865477, 38.91558118529425], [-77.02808406990223, 38.91558118365506], [-77.02808187256787, 38.914100574000706], [-77.0208720953575, 38.91409397691728], [-77.02087483730885, 38.915582964331925], [-77.02074813083134, 38.91563820799477], [-77.02066041322, 38.915745873140395], [-77.02120450186817, 38.91597557827864], [-77.02095173930063, 38.91634109199234], [-77.02093181800403, 38.91643325081691]]]}}, {"type": "Feature", "properties": {"SMD_ID": "5D08", "ANC_ID": "5D", "NAME": "SMD 5D08"}, "geometry": {"type": "Polygon", "coordinates": [[[-76.97852044938551, 38.90734855540665], [-76.97960348195518, 38.907601325548114], [-76.98083144057635, 38.90569191644615], [-76.97997768461748, 38.90537010305128], [-76.98058737151213, 38.9044124378898], [-76.98042251747718, 38.904378340791844], [-76.97899212644035, 38.90437845270336], [-76.97899289621738, 38.9037219240041], [-76.97622264121357, 38.90372301459622], [-76.97621824534966, 38.90307612372198], [-76.97417252703758, 38.90389824231647], [-76.97417501259837, 38.90563081938587], [-76.9749892329861, 38.90562979839991], [-76.97497546721014, 38.905892785260065], [-76.97852044938551, 38.90734855540665]]]}}, {"type": "Feature", "properties": {"SMD_ID": "1B09", "ANC_ID": "1B", "NAME": "SMD 1B09"}, "geometry": {"type": "Polygon", "coordinates": [[[-77.02565831517097, 38.92489655927923], [-77.02718252422912, 38.92476367525614], [-77.0297136111096, 38.9247632392434], [-77.02971296788436, 38.923773134867126], [-77.03214573138332, 38.92377122979761], [-77.0321338302132, 38.92364304465125], [-77.03234692651496, 38.92360911456751], [-77.03407379265182, 38.92349872226267], [-77.03397500545033, 38.92261872795393], [-77.03391490749773, 38.92258298236646], [-77.03203987893106, 38.92269359323317], [-77.03201277846414, 38.9224354221022], [-77.02804398861808, 38.922441126312606], [-77.02803989873863, 38.92377075572528], [-77.02710972421912, 38.92376998430826], [-77.02550485220662, 38.92391898291489], [-77.02565831517097, 38.92489655927923]]]}}, {"type": "Feature", "properties": {"SMD_ID": "4A01", "ANC_ID": "4A", "NAME": "SMD 4A01"}, "geometry": {"type": "Polygon", "coordinates": [[[-77.02662317895935, 38.98477807304311], [-77.0409664930156, 38.995968036511364], [-77.0524223811118, 38.98702340803907], [-77.0522896631161, 38.9869381236556], [-77.052414439698, 38.986489548953756], [-77.05239163951697, 38.98640515222214], [-77.0522663385296, 38.98631197328537], [-77.05160646970344, 38.98614795650113], [-77.05096934399232, 38.986148235880314], [-77.05061116770932, 38.986277208853416], [-77.0504518692106, 38.986237281212894], [-77.0501047873402, 38.98605978846232], [-77.05000804665066, 38.986051001816186], [-77.04961559197857, 38.98618431033551], [-77.04950757223483, 38.98618886021398], [-77.04936531534855, 38.986122259569896], [-77.04933092236053, 38.98577590829901], [-77.04916585201484, 38.98559833583872], [-77.04897239820073, 38.98558508484318], [-77.04870512398989, 38.98564293008675], [-77.04856290474612, 38.98561191989553], [-77.0484093020101, 38.98547433806922], [-77.04829547359881, 38.98543889276481], [-77.0478461577283, 38.98546123763884], [-77.0475901260277, 38.9854169316024], [-77.04724301699338, 38.985181687693675], [-77.04697558873917, 38.9848131792741], [-77.0468617125754, 38.984719989932124], [-77.04630400782952, 38.98436492804711], [-77.04574073304074, 38.9841342781299], [-77.04512071854231, 38.98397020009572], [-77.0442958937108, 38.98387277624612], [-77.04386935597317, 38.98396618105928], [-77.04326080109087, 38.98403747355368], [-77.04237907252784, 38.98397122565043], [-77.04226525534187, 38.98392613567332], [-77.0417939836761, 38.98349688334547], [-77.04163690575034, 38.983287669478834], [-77.04153229092567, 38.98322636972318], [-77.04103530414913, 38.98322150055013], [-77.04084552999278, 38.9831704903874], [-77.0405249711361, 38.982884681067866], [-77.04021752601666, 38.98270101954237], [-77.0400015724309, 38.982476428632765], [-77.03991652657831, 38.98229773462656], [-77.03988368283996, 38.98220072731117], [-77.03991626913422, 38.98183821642979], [-77.03998147611566, 38.981649300789364], [-77.0404062419626, 38.9810926269277], [-77.04054350813837, 38.98098024690165], [-77.04136071729008, 38.98053063063577], [-77.04144566033325, 38.98051014289127], [-77.04171378080561, 38.980540684531164], [-77.04189680841534, 38.9803364027009], [-77.04191630527959, 38.98012704461321], [-77.04214512721937, 38.9800606618548], [-77.04232173040153, 38.98008095666444], [-77.04345984095012, 38.980728951143774], [-77.04362337961147, 38.980708531675965], [-77.0438783794177, 38.98062673170705], [-77.04453855718407, 38.98026903588125], [-77.04463656765715, 38.980126038013694], [-77.04464300345956, 38.97991677452607], [-77.04436818162166, 38.9796870793184], [-77.04413256005618, 38.97939106813626], [-77.04402120218629, 38.97903879842898], [-77.04389645600672, 38.97830872860909], [-77.04383109388093, 38.97824236249421], [-77.04365447192725, 38.97816585862964], [-77.04288932205706, 38.97798740951128], [-77.04260811463709, 38.977865000412926], [-77.04201929388591, 38.977477148019986], [-77.04166617303702, 38.977303694815966], [-77.04145670590698, 38.977099543710345], [-77.0412801840228, 38.97698727354047], [-77.0401617314042, 38.97649248062692], [-77.03988035624143, 38.97625764228328], [-77.0397690841704, 38.976012656310786], [-77.03977526036776, 38.97529271637049], [-77.04000396843904, 38.97504761444382], [-77.04003005593972, 38.97487401687658], [-77.03998421239591, 38.97478206751208], [-77.03951967179745, 38.9742870338326], [-77.03948682603911, 38.97397049558568], [-77.03970892161472, 38.97366909493478], [-77.0398069070316, 38.973480149924825], [-77.03983942555298, 38.97322989907944], [-77.0399860090868, 38.97284256696701], [-77.03954103374038, 38.972853906504604], [-77.03827100884922, 38.97319078666002], [-77.03785190809899, 38.97325362038888], [-77.03765387307668, 38.97323882073435], [-77.0374889019376, 38.973117352639264], [-77.03745735155341, 38.97302962253272], [-77.03746665325285, 38.97294269007566], [-77.03756917446084, 38.9728111369351], [-77.03794351083837, 38.972556082977476], [-77.03799722034314, 38.972431211374385], [-77.0379923051867, 38.97230293567474], [-77.0379149213418, 38.972177836373874], [-77.03777500959252, 38.97208635796075], [-77.03748519941252, 38.97200204403382], [-77.0372613194572, 38.971988693311914], [-77.03707589354, 38.97202586618933], [-77.0365469005455, 38.97223844695473], [-77.03637334866393, 38.97227662392688], [-77.03633566743065, 38.98738704763269], [-77.03588509822704, 38.98738192594477], [-77.03565653937888, 38.98734073824564], [-77.03453381694133, 38.986864180488475], [-77.03388343599077, 38.98667384705718], [-77.03332244514685, 38.98659059219832], [-77.03261087194744, 38.98659899023536], [-77.03129582931788, 38.98624775902265], [-77.03086541734064, 38.985969429576144], [-77.0306708612475, 38.98580309908012], [-77.03055836730046, 38.98563035101209], [-77.0305273628114, 38.98546280635205], [-77.02968554871124, 38.98533249403982], [-77.02968611146245, 38.984467074788434], [-77.0274090403104, 38.983926597195655], [-77.0268824336512, 38.98383049366383], [-77.02661727379919, 38.98423350980269], [-77.02662317895935, 38.98477807304311]]]}}, {"type": "Feature", "properties": {"SMD_ID": "3C06", "ANC_ID": "3C", "NAME": "SMD 3C06"}, "geometry": {"type": "Polygon", "coordinates": [[[-77.0507127260567, 38.93341412848422], [-77.05046529513262, 38.933608796978625], [-77.05015830399772, 38.93396879292176], [-77.04985129889472, 38.93413179442927], [-77.04950929557221, 38.93420678980978], [-77.04978029802817, 38.93457878974032], [-77.04963930455251, 38.93467178838112], [-77.04956030498691, 38.93476479661183], [-77.04950330558788, 38.93498179477043], [-77.04952829512459, 38.93509179358457], [-77.04962929644876, 38.93523979319487], [-77.0497922989754, 38.93534679655522], [-77.0503173023621, 38.93544878892614], [-77.05066930382999, 38.93562379429137], [-77.05240029837378, 38.93730479078518], [-77.05273929832313, 38.93712979622104], [-77.05295630745654, 38.93724479714816], [-77.05332038215701, 38.93696327539059], [-77.05353450933524, 38.93672652945579], [-77.0537552146077, 38.936649497269194], [-77.0545413314793, 38.93688704229911], [-77.05564523516422, 38.936847425934765], [-77.05606452265955, 38.93687407030191], [-77.0575984048545, 38.937245817697715], [-77.05806239676605, 38.937209284675156], [-77.05859743910474, 38.93703263514021], [-77.05869645356398, 38.93695466365812], [-77.05876641194587, 38.93680513575321], [-77.06003226458608, 38.936863361688616], [-77.06048172452707, 38.93696843701034], [-77.06107013449194, 38.93716343100632], [-77.06108133215224, 38.93582821469234], [-77.0605271207131, 38.935688604067266], [-77.06001194651137, 38.93560878590697], [-77.05851169638973, 38.935573963791086], [-77.05674463561975, 38.93252812704551], [-77.05677229779624, 38.9325777944306], [-77.05459930546724, 38.93280979377896], [-77.0535762361855, 38.93346775653609], [-77.05354087854985, 38.93338147316383], [-77.05242984783219, 38.93369573615373], [-77.05174971813722, 38.933931092997305], [-77.0507127260567, 38.93341412848422]]]}}, {"type": "Feature", "properties": {"SMD_ID": "4A02", "ANC_ID": "4A", "NAME": "SMD 4A02"}, "geometry": {"type": "Polygon", "coordinates": [[[-77.03636596032307, 38.97487147530304], [-77.03592675601851, 38.97523126472926], [-77.03227233742884, 38.97869680495215], [-77.02787501242727, 38.978695143206714], [-77.02787528852312, 38.97940084745562], [-77.0264613947414, 38.97939883378395], [-77.02660009656134, 38.98428729275414], [-77.02666871168883, 38.98413026393951], [-77.02684533640733, 38.983916999072036], [-77.0268824336512, 38.98383049366383], [-77.0274090403104, 38.983926597195655], [-77.02968611146245, 38.984467074788434], [-77.02968554871124, 38.98533249403982], [-77.0305273628114, 38.98546280635205], [-77.03055836730046, 38.98563035101209], [-77.0306708612475, 38.98580309908012], [-77.03086541734064, 38.985969429576144], [-77.03129582931788, 38.98624775902265], [-77.03261087194744, 38.98659899023536], [-77.03332244514685, 38.98659059219832], [-77.03388343599077, 38.98667384705718], [-77.03453381694133, 38.986864180488475], [-77.03565653937888, 38.98734073824564], [-77.03588509822704, 38.98738192594477], [-77.03633566743065, 38.98738704763269], [-77.03636596032307, 38.97487147530304]]]}}, {"type": "Feature", "properties": {"SMD_ID": "4A03", "ANC_ID": "4A", "NAME": "SMD 4A03"}, "geometry": {"type": "Polygon", "coordinates": [[[-77.02726714516103, 38.96993243758687], [-77.0264428285815, 38.97788419498222], [-77.02642774779626, 38.978296865238164], [-77.0264613947414, 38.97939883378395], [-77.02787528852312, 38.97940084745562], [-77.02787501242727, 38.978695143206714], [-77.03227233742884, 38.97869680495215], [-77.03592675601851, 38.97523126472926], [-77.03636596032307, 38.97487147530304], [-77.03637283283284, 38.971514752365955], [-77.03341948305984, 38.9715130483449], [-77.03341985673082, 38.97002151793456], [-77.03338049842498, 38.96992940189322], [-77.02726714516103, 38.96993243758687]]]}}, {"type": "Feature", "properties": {"SMD_ID": "1A09", "ANC_ID": "1A", "NAME": "SMD 1A09"}, "geometry": {"type": "Polygon", "coordinates": [[[-77.02971015336762, 38.92864267171194], [-77.03209807107646, 38.92864231048606], [-77.03243262142584, 38.92870646541061], [-77.03264338731242, 38.92881441640474], [-77.0322444676391, 38.92476346914095], [-77.02704125808265, 38.92477235601849], [-77.02704255619646, 38.92576255014746], [-77.02971310220545, 38.92575595614194], [-77.02971015336762, 38.92864267171194]]]}}, {"type": "Feature", "properties": {"SMD_ID": "4A04", "ANC_ID": "4A", "NAME": "SMD 4A04"}, "geometry": {"type": "Polygon", "coordinates": [[[-77.02726714516103, 38.96993243758687], [-77.03637173723222, 38.96993350030115], [-77.03638649582052, 38.96685915311007], [-77.02969239177094, 38.96685760346727], [-77.029688306317, 38.96757619229732], [-77.02813043255101, 38.96746101068619], [-77.02795805957207, 38.96742706391784], [-77.02782852638458, 38.96735065985316], [-77.02747912760776, 38.96754286134238], [-77.02726714516103, 38.96993243758687]]]}}, {"type": "Feature", "properties": {"SMD_ID": "8D02", "ANC_ID": "8D", "NAME": "SMD 8D02"}, "geometry": {"type": "Polygon", "coordinates": [[[-77.01390374209414, 38.85032349885769], [-77.01895028960868, 38.850487778181716], [-77.01867529135627, 38.851017779819415], [-77.01863929124818, 38.85102077637428], [-77.01860928398492, 38.85107677760118], [-77.02016383867918, 38.85733789280334], [-77.0321990922766, 38.850659945496545], [-77.03214042868342, 38.850270409804395], [-77.0320364690198, 38.85016395864694], [-77.03219933076898, 38.8500904950686], [-77.03212352058192, 38.85007339992298], [-77.03202215498153, 38.85009919190596], [-77.03199275283514, 38.85004163604911], [-77.0320408762322, 38.84997315872079], [-77.03217413915861, 38.84991808050966], [-77.03222985502661, 38.849826269153795], [-77.03227219701635, 38.84945655113443], [-77.03229788413509, 38.848177886079114], [-77.03236711792952, 38.84792301810739], [-77.0323929982812, 38.84758285218072], [-77.03253815127822, 38.846834300346245], [-77.03278124263633, 38.84589095821603], [-77.03282937631644, 38.845852568716154], [-77.03280597125635, 38.8458078033286], [-77.03282675164627, 38.84565600519841], [-77.03307297968921, 38.84453807771175], [-77.03322281190172, 38.84446695852134], [-77.03316104193809, 38.844409051776594], [-77.0331626361314, 38.84436923399079], [-77.02192354477289, 38.84090831776451], [-77.01728875356056, 38.839831144999096], [-77.01784013394993, 38.83841141981563], [-77.018168599694, 38.83782221618305], [-77.0187049405887, 38.8371550552903], [-77.02067588930984, 38.83509854222643], [-77.02087448962634, 38.83482392902225], [-77.02101146187128, 38.83452473348316], [-77.02108621973095, 38.83416348073175], [-77.0210584561968, 38.83375197924174], [-77.0209435246768, 38.83340409313539], [-77.02072920169003, 38.83306469254826], [-77.02148775686099, 38.83274835830642], [-77.02126625170112, 38.83227185117906], [-77.02056534129515, 38.831976409106524], [-77.02047306194666, 38.831884088576075], [-77.02044124133936, 38.83176833539007], [-77.02064065387916, 38.83114509470468], [-77.02121978517877, 38.83015946467463], [-77.02121580740395, 38.82995073922508], [-77.021004284155, 38.82931036555063], [-77.01720641063282, 38.83009340874441], [-77.01680901827862, 38.82979392613523], [-77.01669999962799, 38.82999067769456], [-77.01636105971056, 38.83030195020675], [-77.0156686770908, 38.830374743550365], [-77.01635969878944, 38.829388852195365], [-77.01667441509885, 38.828734252365116], [-77.01676992123677, 38.82838348494134], [-77.01640959029396, 38.82838992317349], [-77.01614597343897, 38.828996202851734], [-77.01562558470557, 38.82976181326495], [-77.01002284379005, 38.836994872518176], [-77.00894942201184, 38.83846717562259], [-77.00918116514032, 38.83897138781894], [-77.00923070940533, 38.839357675401295], [-77.00919261452454, 38.83959865452502], [-77.00901208154185, 38.839928432020336], [-77.00883701460796, 38.84050829243113], [-77.00835666289414, 38.8451023300705], [-77.01126931387674, 38.84510138251256], [-77.0115250351779, 38.845124247999], [-77.01494719602842, 38.845880812453096], [-77.0148112638485, 38.8463124062878], [-77.01478942223731, 38.846531944811204], [-77.01482022491521, 38.84675084605919], [-77.01499152063629, 38.847296105180035], [-77.01500770446702, 38.847563743895435], [-77.01497503482148, 38.84778481523553], [-77.01487522039322, 38.84808192637299], [-77.01390374209414, 38.85032349885769]]]}}, {"type": "Feature", "properties": {"SMD_ID": "8E06", "ANC_ID": "8E", "NAME": "SMD 8E06"}, "geometry": {"type": "Polygon", "coordinates": [[[-76.99091204064642, 38.83235631323239], [-76.9889174024113, 38.83077268709523], [-76.98723538368881, 38.832085084602035], [-76.9878400323359, 38.83239053606422], [-76.990820383711, 38.83434686982541], [-76.99085870056692, 38.83427394033663], [-76.9910192728721, 38.83413720436846], [-76.99118709394199, 38.8340545194887], [-76.99134016619324, 38.834021199638904], [-76.99165908520591, 38.834036086820596], [-76.99197107957436, 38.83417772169645], [-76.99206552342876, 38.83417952984555], [-76.9926587251331, 38.833722749602195], [-76.99410776423893, 38.834838349379055], [-76.99531926516968, 38.83549800360891], [-76.99555340872465, 38.83570565772859], [-76.99577672222586, 38.8359917746497], [-76.99663056244452, 38.8355415596621], [-77.00053002877667, 38.83300513986996], [-77.00057123669603, 38.832848077133974], [-77.00057306675998, 38.831269794306465], [-77.00040295944926, 38.83131141412756], [-76.99925469618887, 38.832066321755676], [-76.99909771728517, 38.83199479344928], [-76.9946390574115, 38.83199755660104], [-76.99463925014217, 38.8309641055721], [-76.9928579078223, 38.83096707306608], [-76.99275184091331, 38.8309166191238], [-76.99091204064642, 38.83235631323239]]]}}, {"type": "Feature", "properties": {"SMD_ID": "8E05", "ANC_ID": "8E", "NAME": "SMD 8E05"}, "geometry": {"type": "Polygon", "coordinates": [[[-76.99171468663504, 38.836464320915354], [-76.99125351354574, 38.83585847750134], [-76.99096974736952, 38.83559454410043], [-76.99032632700437, 38.83509700041382], [-76.99023064669294, 38.83494793847711], [-76.99018787503007, 38.8347435599661], [-76.99060608193203, 38.83456309185624], [-76.9907678053269, 38.83444031944621], [-76.990820383711, 38.83434686982541], [-76.9878400323359, 38.83239053606422], [-76.98723538368881, 38.832085084602035], [-76.97237141305418, 38.84367958406909], [-76.97256293353728, 38.84378931609126], [-76.97269895905856, 38.84382925540217], [-76.97359557764166, 38.843910717835264], [-76.97462849079055, 38.84393319775449], [-76.97572731933329, 38.84388145265581], [-76.97666996697188, 38.8437684086669], [-76.97750688261075, 38.843603628253604], [-76.97833920359668, 38.84338334894749], [-76.9791381292477, 38.84311188975308], [-76.97938550481692, 38.8430153180933], [-76.97890481331041, 38.842092812118146], [-76.9790028749424, 38.84196950412406], [-76.97917115134815, 38.84162135768529], [-76.97942704714691, 38.84139943484961], [-76.97965479281675, 38.84132812783609], [-76.98023307295642, 38.841224089498375], [-76.98034167527818, 38.841251493526826], [-76.98054839980959, 38.84142701276945], [-76.98085318730746, 38.84137769684881], [-76.98238453219143, 38.840728428662295], [-76.9827664337199, 38.84053120057905], [-76.9830503737242, 38.8404544901425], [-76.98320794597164, 38.84046271060535], [-76.98374053333922, 38.84060259716649], [-76.98387622094808, 38.840609462409084], [-76.98410879146886, 38.840565082633596], [-76.98455942972066, 38.84042316990965], [-76.98481299626513, 38.84022240478095], [-76.98482856553375, 38.84013187186248], [-76.98479107041179, 38.83987233347348], [-76.9847974144401, 38.83983071524925], [-76.98485996963949, 38.83978423976358], [-76.98504772791975, 38.8397499417585], [-76.98527936327707, 38.839754835761305], [-76.98540769650947, 38.839669181488155], [-76.98596165936776, 38.83946358643821], [-76.98612123145513, 38.8393069485177], [-76.98661882378414, 38.83925800062767], [-76.9870288926017, 38.83917967336605], [-76.9873136568272, 38.83901079615453], [-76.98795205114342, 38.83872925951504], [-76.98854162166825, 38.8386186139774], [-76.98828600795687, 38.83784592443329], [-76.98813977684216, 38.83754781987408], [-76.98787999425772, 38.83715889814429], [-76.98753222144919, 38.83674501302185], [-76.98775822599417, 38.836618197865555], [-76.98912561114956, 38.83604062086579], [-76.98941172278032, 38.835988127856545], [-76.98960591120607, 38.836006612646614], [-76.98996917983675, 38.83612251121048], [-76.99006928842321, 38.836322966960665], [-76.99022739453137, 38.836493456350624], [-76.99042932280278, 38.83661130369937], [-76.99067398900927, 38.836686535108534], [-76.99090797395743, 38.83670744417731], [-76.99119005289423, 38.83667737755818], [-76.99171468663504, 38.836464320915354]]]}}, {"type": "Feature", "properties": {"SMD_ID": "3A01", "ANC_ID": "3A", "NAME": "SMD 3A01"}, "geometry": {"type": "Polygon", "coordinates": [[[-77.07703097083969, 38.943170012444035], [-77.0791791215197, 38.943170198587985], [-77.07876800287782, 38.94214272928026], [-77.07929820415525, 38.93945179108863], [-77.07983194332435, 38.93348727353389], [-77.07976707104909, 38.93343957379315], [-77.07963679693933, 38.93348938849267], [-77.07946968423325, 38.93349778988327], [-77.07529727856273, 38.93349307552504], [-77.07315168422475, 38.936082434182424], [-77.07703097083969, 38.943170012444035]]]}}, {"type": "Feature", "properties": {"SMD_ID": "1A07", "ANC_ID": "1A", "NAME": "SMD 1A07"}, "geometry": {"type": "Polygon", "coordinates": [[[-77.02520038766993, 38.93512513660968], [-77.02552721638783, 38.93513865020087], [-77.02583340037434, 38.935218000115626], [-77.02600109057478, 38.935310063809574], [-77.02972729757006, 38.93629261168211], [-77.029720703275, 38.932371478899405], [-77.02849025704941, 38.93279868898789], [-77.02826266255047, 38.931828549568145], [-77.02676117480199, 38.93232926947451], [-77.02682344685803, 38.93279736284725], [-77.02681622767857, 38.93292212053627], [-77.02676303933957, 38.93305633847067], [-77.02520038766993, 38.93512513660968]]]}}, {"type": "Feature", "properties": {"SMD_ID": "1D04", "ANC_ID": "1D", "NAME": "SMD 1D04"}, "geometry": {"type": "Polygon", "coordinates": [[[-77.03646266740179, 38.93166052600177], [-77.0386176553653, 38.93249021961712], [-77.03884173103316, 38.93253956493469], [-77.03816370419423, 38.930776538009795], [-77.03885454963675, 38.930580379621524], [-77.03887157436843, 38.92880672741247], [-77.03647879619271, 38.92869516513023], [-77.03646266740179, 38.93166052600177]]]}}, {"type": "Feature", "properties": {"SMD_ID": "1D05", "ANC_ID": "1D", "NAME": "SMD 1D05"}, "geometry": {"type": "Polygon", "coordinates": [[[-77.03885454963675, 38.930580379621524], [-77.04130395735687, 38.93057926936538], [-77.04130967648254, 38.929701137154666], [-77.04407022441926, 38.929716424804724], [-77.04417135635876, 38.92975213160728], [-77.04429644372689, 38.929882686770014], [-77.04570804364944, 38.93145324663444], [-77.04711585028943, 38.93146551539667], [-77.04690847997823, 38.931287378417515], [-77.04623533741737, 38.93048067321305], [-77.04590333026873, 38.9299921932789], [-77.04526801795896, 38.9293335731248], [-77.04497423996325, 38.92909676791528], [-77.0446328466418, 38.92869719992178], [-77.04451110212536, 38.92833994057856], [-77.04456959480143, 38.92809756759398], [-77.04337038164127, 38.92797664976513], [-77.04308002678569, 38.92786944110113], [-77.04259889600742, 38.92756396532616], [-77.04210635079562, 38.92731491075206], [-77.04172386735372, 38.92720892997122], [-77.04137568426243, 38.927184731310845], [-77.0385595386565, 38.92718073987029], [-77.03796210793732, 38.92710085153735], [-77.03757246016151, 38.92695414190457], [-77.03648735438958, 38.927164289428084], [-77.03647879619271, 38.92869516513023], [-77.03887157436843, 38.92880672741247], [-77.03885454963675, 38.930580379621524]]]}}, {"type": "Feature", "properties": {"SMD_ID": "1E05", "ANC_ID": "1E", "NAME": "SMD 1E05"}, "geometry": {"type": "Polygon", "coordinates": [[[-77.01339544509496, 38.92236463070782], [-77.0129832856579, 38.923435793828865], [-77.01214828577336, 38.923482789959266], [-77.01214468157826, 38.926289782649434], [-77.01389172849436, 38.92627310278974], [-77.014579775881, 38.926379947688346], [-77.01512253904681, 38.926594907226225], [-77.01675091952299, 38.927543440959326], [-77.01722900302696, 38.927772002478385], [-77.01769346218333, 38.92792480417304], [-77.01825593039726, 38.92799489242353], [-77.0198536656452, 38.92792484448591], [-77.02004525805887, 38.92788204930959], [-77.02026932810791, 38.92776442512895], [-77.02045199957135, 38.927541599658426], [-77.02258903238534, 38.92735490513699], [-77.02317978253241, 38.927152282516055], [-77.02348848750243, 38.927084478339324], [-77.02594148874547, 38.92686155322714], [-77.02565831517097, 38.92489655927923], [-77.02266664410512, 38.9251694723436], [-77.02192491327385, 38.91999829572728], [-77.01802922913798, 38.920368393279674], [-77.01818458280933, 38.92136892399656], [-77.01701345448453, 38.92147801104155], [-77.01720229041143, 38.92254979381481], [-77.01700029166274, 38.92271379287798], [-77.01653454030473, 38.92245521273411], [-77.01609202241815, 38.92227024354728], [-77.01558470602471, 38.922120593969986], [-77.01512468730458, 38.9220434530838], [-77.01437038980576, 38.9220178745639], [-77.01389436781437, 38.922063244010076], [-77.01359121649807, 38.9221613803149], [-77.01347430136492, 38.92225183742784], [-77.01339544509496, 38.92236463070782]]]}}, {"type": "Feature", "properties": {"SMD_ID": "5E04", "ANC_ID": "5E", "NAME": "SMD 5E04"}, "geometry": {"type": "Polygon", "coordinates": [[[-77.00695070905792, 38.91811551354573], [-77.01354120787252, 38.91811781822831], [-77.01354290952774, 38.91918458444863], [-77.0147513888876, 38.919182095957005], [-77.01427336287281, 38.91499613639418], [-77.0121577582696, 38.91573320348003], [-77.01215783990784, 38.915535731764116], [-77.01149148676313, 38.91557534579821], [-77.00904758628384, 38.91557159696052], [-77.00904390477177, 38.91681897222503], [-77.00713675720579, 38.91747429832308], [-77.00695070905792, 38.91811551354573]]]}}, {"type": "Feature", "properties": {"SMD_ID": "3E01", "ANC_ID": "3E", "NAME": "SMD 3E01"}, "geometry": {"type": "Polygon", "coordinates": [[[-77.0801829688288, 38.948819511691696], [-77.0803337560273, 38.94882877678259], [-77.08044247354447, 38.94887086078086], [-77.08161421656276, 38.949695297236666], [-77.08204209647616, 38.949696078729914], [-77.08203944209326, 38.949995876154325], [-77.08352781378369, 38.95104482719424], [-77.08863593059937, 38.95104890311031], [-77.08863658988281, 38.95037301142287], [-77.0906073447815, 38.95037357250042], [-77.09061229348117, 38.947913857230965], [-77.08863744860487, 38.947909245662075], [-77.0886342873808, 38.946294602966596], [-77.07909184267741, 38.94628604459148], [-77.07901077319865, 38.94641392699158], [-77.07889017190544, 38.94651181140142], [-77.0801829688288, 38.948819511691696]]]}}, {"type": "Feature", "properties": {"SMD_ID": "2B05", "ANC_ID": "2B", "NAME": "SMD 2B05"}, "geometry": {"type": "Polygon", "coordinates": [[[-77.03849172095914, 38.909651541252195], [-77.04265084944991, 38.90965071854586], [-77.04271411608009, 38.90940521801042], [-77.04289090349957, 38.909198105415534], [-77.04316213490317, 38.90907653698517], [-77.04340531621415, 38.90903478328985], [-77.04365933903262, 38.90905593933013], [-77.04391196768265, 38.909153251903525], [-77.0444513470356, 38.90857664885291], [-77.04663908500066, 38.90857607526054], [-77.04664110179688, 38.90725241473523], [-77.04344673942744, 38.90725097083905], [-77.04345117970355, 38.90566367074518], [-77.04112771066026, 38.9056712680625], [-77.04086690420905, 38.90574060678664], [-77.03850112138201, 38.90656140456667], [-77.03849172095914, 38.909651541252195]]]}}, {"type": "Feature", "properties": {"SMD_ID": "4B03", "ANC_ID": "4B", "NAME": "SMD 4B03"}, "geometry": {"type": "Polygon", "coordinates": [[[-77.02244867191956, 38.97128289625518], [-77.02244908589, 38.96270722586088], [-77.01616796133027, 38.962710245000686], [-77.01615305836131, 38.97128213378521], [-77.02244867191956, 38.97128289625518]]]}}, {"type": "Feature", "properties": {"SMD_ID": "4B01", "ANC_ID": "4B", "NAME": "SMD 4B01"}, "geometry": {"type": "Polygon", "coordinates": [[[-77.02665994590599, 38.97581855887553], [-77.02106709064807, 38.975813844842214], [-77.02014029688708, 38.9771116435412], [-77.01980895978654, 38.977510764618245], [-77.0193561712149, 38.97789545569422], [-77.01896396066236, 38.97816860433379], [-77.01845653632517, 38.978404493845964], [-77.02662317895935, 38.98477807304311], [-77.02642738242504, 38.97824524818592], [-77.02665994590599, 38.97581855887553]]]}}, {"type": "Feature", "properties": {"SMD_ID": "3A02", "ANC_ID": "3A", "NAME": "SMD 3A02"}, "geometry": {"type": "Polygon", "coordinates": [[[-77.07241744907269, 38.933491742462806], [-77.07946968423325, 38.93349778988327], [-77.07963679693933, 38.93348938849267], [-77.07976707104909, 38.93343957379315], [-77.07373805037113, 38.92903333399252], [-77.07584556759176, 38.929029913345445], [-77.07584143980316, 38.92753453545677], [-77.07319193096156, 38.92753676534416], [-77.07318678582867, 38.92836670481315], [-77.07314101249955, 38.92882795924428], [-77.07247871902767, 38.932950485337756], [-77.07241744907269, 38.933491742462806]]]}}, {"type": "Feature", "properties": {"SMD_ID": "3A03", "ANC_ID": "3A", "NAME": "SMD 3A03"}, "geometry": {"type": "Polygon", "coordinates": [[[-77.07529727856273, 38.93349307552504], [-77.07241744907269, 38.933491742462806], [-77.07265212930054, 38.93187883926727], [-77.07088164258893, 38.9317611068336], [-77.0708886882836, 38.93733967598251], [-77.06863847415906, 38.937339667822414], [-77.06863877810925, 38.939093042995125], [-77.06680098056239, 38.939090324276464], [-77.06716247096068, 38.93945612423947], [-77.06734738964634, 38.93972086176264], [-77.06744584037891, 38.93990664614939], [-77.06770453040076, 38.9406014865993], [-77.0678725414817, 38.94091199516476], [-77.06804357712707, 38.941126833627806], [-77.0685996348965, 38.941687455058165], [-77.06887710094863, 38.942217556035395], [-77.07241340033893, 38.94222412080938], [-77.07241471075335, 38.94317350386319], [-77.07703097083969, 38.943170012444035], [-77.07315168422475, 38.936082434182424], [-77.07529727856273, 38.93349307552504]]]}}, {"type": "Feature", "properties": {"SMD_ID": "1A01", "ANC_ID": "1A", "NAME": "SMD 1A01"}, "geometry": {"type": "Polygon", "coordinates": [[[-77.03242485558907, 38.92656688460052], [-77.03267656808197, 38.92650087360664], [-77.0338087248305, 38.92643134064721], [-77.03385903406108, 38.92651388730897], [-77.03389913667468, 38.92691078212269], [-77.03316459217682, 38.92695605248962], [-77.03321474342516, 38.92749249246916], [-77.0349403528477, 38.927358350911575], [-77.03512161036052, 38.927286770549465], [-77.03649049113227, 38.92653307569721], [-77.03649342775559, 38.923257649630536], [-77.03531153999094, 38.92330287419776], [-77.03542636586575, 38.92532655873985], [-77.03231861177517, 38.925509337508], [-77.03242485558907, 38.92656688460052]]]}}, {"type": "Feature", "properties": {"SMD_ID": "3A04", "ANC_ID": "3A", "NAME": "SMD 3A04"}, "geometry": {"type": "Polygon", "coordinates": [[[-77.08613496808474, 38.93402882792404], [-77.08607753235869, 38.934097450485055], [-77.08595821204096, 38.93412278858701], [-77.08563126282495, 38.93395709555734], [-77.08475407115701, 38.93400827155437], [-77.08388656380221, 38.93395908146922], [-77.08378060907509, 38.93399302870515], [-77.08359552129083, 38.93421368460045], [-77.083492349543, 38.934260781711], [-77.08257824349404, 38.93431097682204], [-77.08240179987517, 38.93423083733646], [-77.0823134423889, 38.93422297228708], [-77.08222816483006, 38.93428545988237], [-77.0821786245287, 38.9345331330793], [-77.08209634827894, 38.934698403239985], [-77.08183193312166, 38.934947398081526], [-77.07983194332435, 38.93348727353389], [-77.07929820415525, 38.93945179108863], [-77.07876800287782, 38.94214272928026], [-77.0791791215197, 38.943170198587985], [-77.07703097083969, 38.943170012444035], [-77.07889017190544, 38.94651181140142], [-77.07902713341538, 38.9463954489467], [-77.07909713439511, 38.946272798830506], [-77.07911963373536, 38.94617315195949], [-77.07910459999272, 38.94593155989092], [-77.0791393392542, 38.94584298491886], [-77.08563630727949, 38.938233793301784], [-77.08549931586121, 38.93811079516083], [-77.08544431730728, 38.93797379209745], [-77.08547631616914, 38.9378027911457], [-77.08558731267911, 38.937669792434676], [-77.08472031283728, 38.93705678755273], [-77.08547931727874, 38.9361787901603], [-77.08538330702852, 38.936081795859415], [-77.08662161644884, 38.934869898203296], [-77.08613496808474, 38.93402882792404]]]}}, {"type": "Feature", "properties": {"SMD_ID": "5F04", "ANC_ID": "5F", "NAME": "SMD 5F04"}, "geometry": {"type": "Polygon", "coordinates": [[[-77.00058799452073, 38.923447206659326], [-77.00355817223767, 38.923436974513756], [-77.00422251957221, 38.92131711369735], [-77.00435845884421, 38.92101001488617], [-77.00452738809484, 38.920875153821655], [-77.00632645601684, 38.91988811795009], [-77.00646631839263, 38.91973785138409], [-77.00713675720579, 38.91747429832308], [-77.0053391525786, 38.91809886985026], [-77.00057076901902, 38.91811382723653], [-77.00058799452073, 38.923447206659326]]]}}, {"type": "Feature", "properties": {"SMD_ID": "5F05", "ANC_ID": "5F", "NAME": "SMD 5F05"}, "geometry": {"type": "Polygon", "coordinates": [[[-77.00057076901902, 38.91811382723653], [-77.0053391525786, 38.91809886985026], [-77.00713675720579, 38.91747429832308], [-77.00747230098304, 38.91628913208458], [-77.00509233797199, 38.91628826916524], [-77.00509182556769, 38.91557183636419], [-77.0035091201748, 38.915575317808496], [-77.0035077783541, 38.91408299689517], [-77.00062781255542, 38.91409178599888], [-77.00057765527922, 38.91412637827356], [-77.0005710833495, 38.91418150932954], [-77.00057076901902, 38.91811382723653]]]}}, {"type": "Feature", "properties": {"SMD_ID": "4D08", "ANC_ID": "4D", "NAME": "SMD 4D08"}, "geometry": {"type": "Polygon", "coordinates": [[[-77.0090093127404, 38.95241493167192], [-77.00905242024345, 38.95301100566467], [-77.00904838171986, 38.95482310944067], [-77.00965421301842, 38.95497205771991], [-77.01616138294835, 38.95710701882647], [-77.01608343297875, 38.95627538659318], [-77.01583873990138, 38.95114250786468], [-77.0132433946901, 38.95121574369012], [-77.01239193659748, 38.95083610225523], [-77.01134972955431, 38.95223996736831], [-77.01131698309513, 38.95235086237456], [-77.0090093127404, 38.95241493167192]]]}}, {"type": "Feature", "properties": {"SMD_ID": "4E01", "ANC_ID": "4E", "NAME": "SMD 4E01"}, "geometry": {"type": "Polygon", "coordinates": [[[-77.03342816296434, 38.96022638592588], [-77.03342873007352, 38.95622054664241], [-77.028031322407, 38.956223947187745], [-77.02820557737265, 38.957495962312855], [-77.02824205801214, 38.95813418892915], [-77.0280125027129, 38.9612668573895], [-77.02852190722099, 38.961346232095096], [-77.02851391010176, 38.96125670999095], [-77.02859054908869, 38.9611488984736], [-77.02949732637593, 38.96031036475364], [-77.02969597165448, 38.96021861039558], [-77.03342816296434, 38.96022638592588]]]}}, {"type": "Feature", "properties": {"SMD_ID": "1A02", "ANC_ID": "1A", "NAME": "SMD 1A02"}, "geometry": {"type": "Polygon", "coordinates": [[[-77.036458198086, 38.93329544506289], [-77.03351359786953, 38.9321492988501], [-77.03273704436141, 38.93187611681231], [-77.03271154690285, 38.93135427264097], [-77.03275081263563, 38.93023856444827], [-77.03255585165601, 38.930352339836304], [-77.03085208989556, 38.9309398555892], [-77.03086839877066, 38.93317967690175], [-77.03273371878856, 38.9331737643589], [-77.03273259435242, 38.933487974372085], [-77.03424273154917, 38.93357456189822], [-77.03645555278776, 38.93443778901909], [-77.036458198086, 38.93329544506289]]]}}, {"type": "Feature", "properties": {"SMD_ID": "2B08", "ANC_ID": "2B", "NAME": "SMD 2B08"}, "geometry": {"type": "Polygon", "coordinates": [[[-77.03649461238962, 38.91701001348226], [-77.0412259471938, 38.91701561958988], [-77.04343795008847, 38.91589588398672], [-77.04342794408609, 38.914839948554295], [-77.03942935481489, 38.91484361840943], [-77.03932880613768, 38.91481929375413], [-77.03885250373237, 38.91455015787555], [-77.03684383537136, 38.91669127913273], [-77.03649461238962, 38.91701001348226]]]}}, {"type": "Feature", "properties": {"SMD_ID": "2B07", "ANC_ID": "2B", "NAME": "SMD 2B07"}, "geometry": {"type": "Polygon", "coordinates": [[[-77.03848600402912, 38.911877054413566], [-77.04135648465684, 38.911878082483256], [-77.04205289242519, 38.91113548342334], [-77.04343721909281, 38.911136670531846], [-77.04343957237286, 38.910267787863894], [-77.04314336548197, 38.91022158571892], [-77.04288134911005, 38.91008641287413], [-77.04271116299486, 38.909884075716526], [-77.04265084944991, 38.90965071854586], [-77.03652601191688, 38.90964974008115], [-77.03651985271937, 38.91113134436078], [-77.03720185363804, 38.91113459740645], [-77.03720539668512, 38.91072105927324], [-77.0384904311892, 38.910722642848256], [-77.03848600402912, 38.911877054413566]]]}}, {"type": "Feature", "properties": {"SMD_ID": "2B06", "ANC_ID": "2B", "NAME": "SMD 2B06"}, "geometry": {"type": "Polygon", "coordinates": [[[-77.04663908500066, 38.90857607526054], [-77.04879973793142, 38.908572526290335], [-77.04880812583481, 38.906441435587965], [-77.04800569698149, 38.90643337228134], [-77.04700047751471, 38.905860759765524], [-77.04664547780742, 38.90623967620583], [-77.04664832046764, 38.90563259323178], [-77.0463435458491, 38.90566396450197], [-77.04345117970355, 38.90566367074518], [-77.04344673942744, 38.90725097083905], [-77.04664110179688, 38.90725241473523], [-77.04663908500066, 38.90857607526054]]]}}, {"type": "Feature", "properties": {"SMD_ID": "1A03", "ANC_ID": "1A", "NAME": "SMD 1A03"}, "geometry": {"type": "Polygon", "coordinates": [[[-77.0332157351818, 38.927492384087486], [-77.03316459217682, 38.92695605248962], [-77.03389913667468, 38.92691078212269], [-77.03385903406108, 38.92651388730897], [-77.0338087248305, 38.92643134064721], [-77.03267656808197, 38.92650087360664], [-77.03242485558907, 38.92656688460052], [-77.03264338731242, 38.92881441640474], [-77.03523219298641, 38.92865663168826], [-77.03647879619271, 38.92869516513023], [-77.03648735438958, 38.927164289428084], [-77.03670970588342, 38.927125709241025], [-77.03649049113227, 38.92653307569721], [-77.03512161036052, 38.927286770549465], [-77.0349403528477, 38.927358350911575], [-77.0332157351818, 38.927492384087486]]]}}, {"type": "Feature", "properties": {"SMD_ID": "1A04", "ANC_ID": "1A", "NAME": "SMD 1A04"}, "geometry": {"type": "Polygon", "coordinates": [[[-77.02972729757006, 38.93629261168211], [-77.03273251621891, 38.93708607046978], [-77.03273371878856, 38.9331737643589], [-77.03086839877066, 38.93317967690175], [-77.03085208989556, 38.9309398555892], [-77.02826266255047, 38.931828549568145], [-77.02849025704941, 38.93279868898789], [-77.029720703275, 38.932371478899405], [-77.02972729757006, 38.93629261168211]]]}}, {"type": "Feature", "properties": {"SMD_ID": "5F06", "ANC_ID": "5F", "NAME": "SMD 5F06"}, "geometry": {"type": "Polygon", "coordinates": [[[-76.99604754416309, 38.921297584231], [-76.99788370976336, 38.920708388277276], [-77.00057177396178, 38.919762513633415], [-77.00057765527922, 38.91412637827356], [-77.00065064287287, 38.914089713956024], [-77.0035077783541, 38.91408299689517], [-77.00351277905526, 38.91260770114494], [-77.00437362627416, 38.91260803241194], [-77.00533372581592, 38.90921860363383], [-77.00252984823726, 38.90801794853564], [-77.00173228589398, 38.909985791164495], [-76.99604754416309, 38.921297584231]]]}}, {"type": "Feature", "properties": {"SMD_ID": "2B04", "ANC_ID": "2B", "NAME": "SMD 2B04"}, "geometry": {"type": "Polygon", "coordinates": [[[-77.0345546963741, 38.91187837332653], [-77.03848600402912, 38.911877054413566], [-77.0384904311892, 38.910722642848256], [-77.03720539668512, 38.91072105927324], [-77.03720185363804, 38.91113459740645], [-77.03651985271937, 38.91113134436078], [-77.03652601191688, 38.90964974008115], [-77.03849172095914, 38.909651541252195], [-77.03850112138201, 38.90656140456667], [-77.03687760775344, 38.90714445326622], [-77.03679777751896, 38.90707545646395], [-77.03667100157598, 38.90703192293904], [-77.03634765021104, 38.9070551304038], [-77.0362209275551, 38.90711591306152], [-77.03614948356628, 38.90719080358149], [-77.03613769580818, 38.90724968579916], [-77.03618262022573, 38.90735242112483], [-77.03456622092031, 38.907941633150905], [-77.0345546963741, 38.91187837332653]]]}}, {"type": "Feature", "properties": {"SMD_ID": "3E02", "ANC_ID": "3E", "NAME": "SMD 3E02"}, "geometry": {"type": "Polygon", "coordinates": [[[-77.08863658988281, 38.95037301142287], [-77.0886347256728, 38.95453321491843], [-77.08866633811607, 38.95471023953181], [-77.08887031471254, 38.9548132834226], [-77.09137888195018, 38.95658126763217], [-77.10072964366903, 38.949268377503536], [-77.10057361927849, 38.94916371848129], [-77.10048434479287, 38.9490109246849], [-77.10048687662811, 38.948842918020894], [-77.10061489853074, 38.948659038915544], [-77.0967655963761, 38.94585191949699], [-77.09677036135011, 38.94711015710251], [-77.09434448997098, 38.94710727561269], [-77.09434071705675, 38.94791739375869], [-77.09061229348117, 38.947913857230965], [-77.0906073447815, 38.95037357250042], [-77.08863658988281, 38.95037301142287]]]}}, {"type": "Feature", "properties": {"SMD_ID": "3E03", "ANC_ID": "3E", "NAME": "SMD 3E03"}, "geometry": {"type": "Polygon", "coordinates": [[[-77.07929166299596, 38.95449911742072], [-77.0792786329639, 38.9550238580557], [-77.07952148635297, 38.95605568051945], [-77.07974678124418, 38.95664944220209], [-77.07993676922858, 38.957032073748756], [-77.08904554732673, 38.95703580560043], [-77.08906075413888, 38.956500657823646], [-77.08950243578215, 38.956498825162825], [-77.09031835206504, 38.956504530517186], [-77.09034205234737, 38.95671592727041], [-77.0903844541553, 38.95677206105384], [-77.09076408021862, 38.95706199535149], [-77.09137888195018, 38.95658126763217], [-77.08887031471254, 38.9548132834226], [-77.08866633811607, 38.95471023953181], [-77.0886347256728, 38.95453321491843], [-77.08863593059937, 38.95104890311031], [-77.08352781378369, 38.95104482719424], [-77.08203944209326, 38.949995876154325], [-77.08204209647616, 38.949696078729914], [-77.08161421656276, 38.949695297236666], [-77.08046637003756, 38.9488857079995], [-77.0803042170476, 38.948822941694594], [-77.0801829688288, 38.948819511691696], [-77.0804008320955, 38.94969253473216], [-77.08031428856542, 38.950185166959315], [-77.08031063903472, 38.95073449431196], [-77.08018465009793, 38.950826915647596], [-77.08008913414233, 38.95113992869776], [-77.07982436359168, 38.95216245911242], [-77.07929166299596, 38.95449911742072]]]}}, {"type": "Feature", "properties": {"SMD_ID": "3E04", "ANC_ID": "3E", "NAME": "SMD 3E04"}, "geometry": {"type": "Polygon", "coordinates": [[[-77.08202352442176, 38.96102606367323], [-77.08202037240893, 38.96309958682714], [-77.08241719194176, 38.96311146894166], [-77.08274212926892, 38.96333374338792], [-77.09076408021862, 38.95706199535149], [-77.0903844541553, 38.95677206105384], [-77.09034205234737, 38.95671592727041], [-77.09031835206504, 38.956504530517186], [-77.08950243578215, 38.956498825162825], [-77.08906075413888, 38.956500657823646], [-77.08904554732673, 38.95703580560043], [-77.07993676922858, 38.957032073748756], [-77.07974678124418, 38.95664944220209], [-77.07952148635297, 38.95605568051945], [-77.0792786329639, 38.9550238580557], [-77.0792720524809, 38.954708753197046], [-77.07272880654891, 38.95469940426135], [-77.07315781309889, 38.955431508961226], [-77.07346457919023, 38.955872361458965], [-77.07387881166032, 38.956361699821265], [-77.07436490940667, 38.95683342486309], [-77.07497667888714, 38.95732632682872], [-77.07566062035895, 38.95776125572082], [-77.0783405592367, 38.95912469323401], [-77.07880701408452, 38.95942246318853], [-77.07922264037524, 38.95976476653497], [-77.07958143954387, 38.96015259879821], [-77.07984897071348, 38.960534727011506], [-77.08009309186161, 38.961027852390934], [-77.08202352442176, 38.96102606367323]]]}}, {"type": "Feature", "properties": {"SMD_ID": "3E06", "ANC_ID": "3E", "NAME": "SMD 3E06"}, "geometry": {"type": "Polygon", "coordinates": [[[-77.08596868937073, 38.93946425418113], [-77.08589884598283, 38.93951087843214], [-77.08545431163293, 38.94003779333246], [-77.08462119810096, 38.939426736010816], [-77.0791393392542, 38.94584298491886], [-77.07910459999272, 38.94593155989092], [-77.07911963373536, 38.94617315195949], [-77.07909184267741, 38.94628604459148], [-77.0886342873808, 38.946294602966596], [-77.08863744860487, 38.947909245662075], [-77.09434071705675, 38.94791739375869], [-77.09434448997098, 38.94710727561269], [-77.09677036135011, 38.94711015710251], [-77.0967655963761, 38.94585191949699], [-77.08964556283465, 38.940652659272786], [-77.08894631008967, 38.94124179553379], [-77.08630331301545, 38.93898279327031], [-77.08596868937073, 38.93946425418113]]]}}, {"type": "Feature", "properties": {"SMD_ID": "7D07", "ANC_ID": "7D", "NAME": "SMD 7D07"}, "geometry": {"type": "Polygon", "coordinates": [[[-76.97769717632927, 38.893760290569254], [-76.97725857127699, 38.8937825828047], [-76.97725908155208, 38.8961236777565], [-76.97837714205302, 38.896118485019564], [-76.97832277237859, 38.896364763686705], [-76.97838153997427, 38.89644134568984], [-76.98010851999558, 38.896757215550736], [-76.98070575217973, 38.896818122176505], [-76.98076270659806, 38.89678966513301], [-76.98076435143948, 38.896674808740514], [-76.98364615057216, 38.896675247669094], [-76.9836502185696, 38.89351159936828], [-76.98340056480356, 38.893407427395026], [-76.98309833944685, 38.89333991136302], [-76.98222239553488, 38.89333239448956], [-76.9822144331693, 38.89378329826974], [-76.97769717632927, 38.893760290569254]]]}}, {"type": "Feature", "properties": {"SMD_ID": "5A07", "ANC_ID": "5A", "NAME": "SMD 5A07"}, "geometry": {"type": "Polygon", "coordinates": [[[-77.00049528281221, 38.94737779571442], [-77.00202728118155, 38.951093954878075], [-77.00389477959666, 38.95594069913035], [-77.0082266131459, 38.95496469005065], [-77.00884244638537, 38.954832944212704], [-77.00904837018278, 38.954823109441556], [-77.00904858616614, 38.95288966455044], [-77.00869442134622, 38.94817665188061], [-77.00623518939864, 38.948286259550095], [-77.00602823797963, 38.94697565570064], [-77.00589104681592, 38.946605512397355], [-77.00561831645369, 38.946280056584136], [-77.00485472987303, 38.94569338131708], [-77.00049528281221, 38.94737779571442]]]}}, {"type": "Feature", "properties": {"SMD_ID": "3E05", "ANC_ID": "3E", "NAME": "SMD 3E05"}, "geometry": {"type": "Polygon", "coordinates": [[[-77.07272880654891, 38.95469940426135], [-77.0792720524809, 38.954708753197046], [-77.07929166299596, 38.95449911742072], [-77.07982436359168, 38.95216245911242], [-77.08008913414233, 38.95113992869776], [-77.08018465009793, 38.950826915647596], [-77.08031063903472, 38.95073449431196], [-77.08031428856542, 38.950185166959315], [-77.0804008320955, 38.94969253473216], [-77.08024350800568, 38.949001977936895], [-77.08015064722365, 38.9487499448798], [-77.07703097083969, 38.943170012444035], [-77.07241471075335, 38.94317350386319], [-77.07241591106757, 38.94628559644779], [-77.0717348450848, 38.94628637670387], [-77.07215384378176, 38.94676463893448], [-77.07241260121856, 38.94722903615323], [-77.07251962774846, 38.94754362915313], [-77.0725683364116, 38.9477970019299], [-77.07257616515724, 38.94834812378728], [-77.07243930899986, 38.94887735512475], [-77.07168056831202, 38.950816494597504], [-77.0715399184953, 38.951370409625085], [-77.07150601732016, 38.95184651775941], [-77.07156981979833, 38.95242616122699], [-77.07175623907544, 38.95298582111433], [-77.07272880654891, 38.95469940426135]]]}}, {"type": "Feature", "properties": {"SMD_ID": "5F02", "ANC_ID": "5F", "NAME": "SMD 5F02"}, "geometry": {"type": "Polygon", "coordinates": [[[-76.99449774840778, 38.932377957442355], [-76.99483740064159, 38.93375341505968], [-76.99528907319994, 38.933530478593646], [-76.99769324104852, 38.93255219470082], [-76.99759089768608, 38.932417527465], [-76.9974760031405, 38.93237374467235], [-76.99617780035105, 38.932373304076805], [-76.99617808382581, 38.931387615082855], [-76.99726108068926, 38.93139401433462], [-76.99734438635096, 38.93137128829382], [-76.9973958623306, 38.9312888634293], [-76.99686340882768, 38.93045105959149], [-76.99617905890301, 38.93040895240997], [-76.99617865072283, 38.929416777044], [-76.99761471110466, 38.92940555476062], [-76.99801037592603, 38.92926456406307], [-76.99774118968934, 38.92878008313069], [-76.99773633972302, 38.92752014423707], [-76.9984757393601, 38.92718240744702], [-76.99843687894766, 38.926980737773206], [-76.99843311565965, 38.92399499368764], [-76.99630470310356, 38.92501702978602], [-76.9961836052937, 38.925190796368504], [-76.99617539602055, 38.92558932410855], [-76.99448624375546, 38.925589977316974], [-76.99431327850161, 38.926499791068046], [-76.9941792859955, 38.92744779260266], [-76.99410428228119, 38.92864879528046], [-76.99410427815936, 38.9292567933123], [-76.99415728304095, 38.93024779126823], [-76.99431128544029, 38.93139079116115], [-76.99449774840778, 38.932377957442355]]]}}, {"type": "Feature", "properties": {"SMD_ID": "5F03", "ANC_ID": "5F", "NAME": "SMD 5F03"}, "geometry": {"type": "Polygon", "coordinates": [[[-76.99604754416309, 38.921297584231], [-76.99494528622691, 38.92399079615188], [-76.99448624375546, 38.925589977316974], [-76.99617539602055, 38.92558932410855], [-76.99619733091997, 38.92514899821637], [-76.99629074853178, 38.92502783932706], [-76.99645704804031, 38.92493541912973], [-76.99956995081034, 38.923449909861866], [-77.00057196506067, 38.923447206739155], [-77.00057177396178, 38.919762513633415], [-76.99788370976336, 38.920708388277276], [-76.99604754416309, 38.921297584231]]]}}, {"type": "Feature", "properties": {"SMD_ID": "2B03", "ANC_ID": "2B", "NAME": "SMD 2B03"}, "geometry": {"type": "Polygon", "coordinates": [[[-77.03651723678917, 38.91187714583503], [-77.03651099574229, 38.914100496137564], [-77.03927723686596, 38.91409935575865], [-77.03995929200298, 38.91336648530745], [-77.04343281572447, 38.91337256951283], [-77.04343721909281, 38.911136670531846], [-77.04205289242519, 38.91113548342334], [-77.04135648465684, 38.911878082483256], [-77.03651723678917, 38.91187714583503]]]}}, {"type": "Feature", "properties": {"SMD_ID": "2B02", "ANC_ID": "2B", "NAME": "SMD 2B02"}, "geometry": {"type": "Polygon", "coordinates": [[[-77.04343721909281, 38.911136670531846], [-77.04430866909216, 38.911138811583186], [-77.0451590066559, 38.9126142326039], [-77.04663415241279, 38.91261731052774], [-77.04663062463909, 38.91383484312167], [-77.04657635690181, 38.914038255038385], [-77.04689396562235, 38.91374324903692], [-77.04747303654689, 38.912706632709515], [-77.04805706877075, 38.91209354748411], [-77.04886280819113, 38.911438523004], [-77.04887383371342, 38.91087054234011], [-77.0489132271763, 38.91064558750349], [-77.04926398535694, 38.90993732116937], [-77.04934309514515, 38.90964285000715], [-77.04934251624768, 38.90857276675197], [-77.0444513470356, 38.90857664885291], [-77.04391196768265, 38.909153251903525], [-77.0437252878471, 38.90907337284286], [-77.04348817958032, 38.909034329083205], [-77.04323309912203, 38.90905609783376], [-77.04302669229345, 38.9091278174102], [-77.04287253407483, 38.90921289485402], [-77.04272778734953, 38.90938100758573], [-77.04266267061615, 38.90954036199546], [-77.04265774375406, 38.909727007707026], [-77.04274903003711, 38.90994712028341], [-77.0429094594048, 38.91010653620432], [-77.04316571466886, 38.91022875711467], [-77.04343957237286, 38.910267787863894], [-77.04343721909281, 38.911136670531846]]]}}, {"type": "Feature", "properties": {"SMD_ID": "4B02", "ANC_ID": "4B", "NAME": "SMD 4B02"}, "geometry": {"type": "Polygon", "coordinates": [[[-77.02665994590599, 38.97581855887553], [-77.0271693577264, 38.97101768304175], [-77.027503149107, 38.967296029762856], [-77.02596579766596, 38.96729710192744], [-77.02596857002847, 38.96793857845832], [-77.02244969644164, 38.96794182933313], [-77.02244867191956, 38.97128289625518], [-77.02141794364931, 38.97128335984056], [-77.02141876924742, 38.97479774255356], [-77.02177040978462, 38.97482299074895], [-77.02106709064807, 38.975813844842214], [-77.02665994590599, 38.97581855887553]]]}}, {"type": "Feature", "properties": {"SMD_ID": "7D04", "ANC_ID": "7D", "NAME": "SMD 7D04"}, "geometry": {"type": "Polygon", "coordinates": [[[-76.95722286599128, 38.89650335624611], [-76.96026405714828, 38.89692712081649], [-76.96249177918004, 38.897113789967115], [-76.96252681101817, 38.89685220727164], [-76.96249448935802, 38.896848449419295], [-76.96251289864009, 38.896717644841935], [-76.9625449906534, 38.89671956490897], [-76.96260877818436, 38.896204234697876], [-76.96286519581432, 38.89496771977624], [-76.96289412647369, 38.894685496757305], [-76.96343595269686, 38.8928278892584], [-76.96374769882267, 38.89158528129499], [-76.96398089551863, 38.890882880346346], [-76.9641431653338, 38.890499713957944], [-76.96415974284542, 38.89038065533595], [-76.96435401218645, 38.88998979627258], [-76.96439560083108, 38.88980350670837], [-76.95815732248002, 38.88979493467301], [-76.95752915053265, 38.89017913146313], [-76.95719494840621, 38.890447459104315], [-76.9561163609552, 38.89163454297045], [-76.95388037757648, 38.89390850297019], [-76.95347741265039, 38.89425689507568], [-76.9523161530074, 38.89514037314985], [-76.95179080264634, 38.89561818663122], [-76.95722286599128, 38.89650335624611]]]}}, {"type": "Feature", "properties": {"SMD_ID": "1B01", "ANC_ID": "1B", "NAME": "SMD 1B01"}, "geometry": {"type": "Polygon", "coordinates": [[[-77.01811124250071, 38.914653494906766], [-77.01778222880692, 38.91377259312072], [-77.01427336287281, 38.91499613639418], [-77.01480430370488, 38.91967088117148], [-77.01909501895145, 38.91926209137395], [-77.01893885113653, 38.91826615585645], [-77.02189915536324, 38.917981425684324], [-77.02189603552492, 38.91645829743332], [-77.02093181800403, 38.91643325081691], [-77.02095173930063, 38.91634109199234], [-77.02120450186817, 38.91597557827864], [-77.01811124250071, 38.914653494906766]]]}}, {"type": "Feature", "properties": {"SMD_ID": "2E02", "ANC_ID": "2E", "NAME": "SMD 2E02"}, "geometry": {"type": "Polygon", "coordinates": [[[-77.06720673280027, 38.914706916277225], [-77.06779707027582, 38.915769108687726], [-77.06790517047095, 38.9157079693902], [-77.06794119343249, 38.915636332169505], [-77.0679248278598, 38.91456731319275], [-77.06932926968449, 38.91457649657758], [-77.06924775465626, 38.91268263137998], [-77.07117393488345, 38.91261940644593], [-77.07408033310753, 38.91259147567311], [-77.0741193095232, 38.91214065544921], [-77.07410626993627, 38.91167558094383], [-77.07398508015739, 38.91145613340129], [-77.07400074091782, 38.9107922264639], [-77.07395658375711, 38.91072794384269], [-77.0735950498657, 38.910838407253586], [-77.0733409309406, 38.91117593858222], [-77.07306958948328, 38.91117023514961], [-77.0730823072501, 38.91056278545101], [-77.07288530603091, 38.909252788565475], [-77.0716223052296, 38.90926078531892], [-77.07161351791723, 38.90865051112754], [-77.06908319008085, 38.90872563289321], [-77.06912139188991, 38.90971742940021], [-77.06462327205395, 38.9098324281046], [-77.06602588786163, 38.912478926078506], [-77.06506100556585, 38.91260608859894], [-77.06500136188878, 38.912393470869446], [-77.06482283983891, 38.91201295856315], [-77.06403285845364, 38.91210969335907], [-77.06420386928616, 38.913564897096066], [-77.06427759406007, 38.91374340186532], [-77.06421810698063, 38.914663555362495], [-77.06687963523332, 38.91473342632495], [-77.06720673280027, 38.914706916277225]]]}}, {"type": "Feature", "properties": {"SMD_ID": "2E03", "ANC_ID": "2E", "NAME": "SMD 2E03"}, "geometry": {"type": "Polygon", "coordinates": [[[-77.06403285845364, 38.91210969335907], [-77.06482283983891, 38.91201295856315], [-77.06500136188878, 38.912393470869446], [-77.06506100556585, 38.91260608859894], [-77.06602588786163, 38.912478926078506], [-77.06462327205395, 38.9098324281046], [-77.06912139188991, 38.90971742940021], [-77.06908319008085, 38.90872563289321], [-77.07038393035833, 38.90869503890451], [-77.07030104325251, 38.90671739555072], [-77.06900183510912, 38.90674519515515], [-77.06898300231626, 38.905905087312625], [-77.0628356793831, 38.906033861495104], [-77.06286225337497, 38.906477778799946], [-77.06345013946098, 38.907616440872374], [-77.06123428744517, 38.90764381953855], [-77.0612769886738, 38.90890087620314], [-77.06144381646762, 38.9092953632175], [-77.06336256479347, 38.90926790790007], [-77.06379620200975, 38.91017619071126], [-77.06403285845364, 38.91210969335907]]]}}, {"type": "Feature", "properties": {"SMD_ID": "2E04", "ANC_ID": "2E", "NAME": "SMD 2E04"}, "geometry": {"type": "Polygon", "coordinates": [[[-77.07387031196481, 38.910344783376665], [-77.07565230523963, 38.91037178520257], [-77.07566231210681, 38.910783784442984], [-77.07641431044938, 38.91081978785312], [-77.07828004144605, 38.91081011191966], [-77.07770279061333, 38.9096951648082], [-77.07764026292996, 38.90951348998135], [-77.07757603883819, 38.90909689652784], [-77.07756400680094, 38.90863494736436], [-77.07791508457785, 38.90810870720171], [-77.07788651648065, 38.906748564263786], [-77.07795421255517, 38.90666058858364], [-77.07831747844695, 38.906745924986346], [-77.07831511746537, 38.90638070992332], [-77.07430230632976, 38.905999782247314], [-77.07322831033929, 38.90592479018499], [-77.07265030747985, 38.90582278912032], [-77.07152830412568, 38.905846786055946], [-77.07157200214333, 38.90682595823316], [-77.0724651365088, 38.906808634127415], [-77.07308955931673, 38.906669678685354], [-77.07433096186112, 38.906668895472116], [-77.07431655158368, 38.90763284330978], [-77.07473224084742, 38.90765062188111], [-77.07472030259831, 38.90806378850636], [-77.07462030799438, 38.90820778783198], [-77.07451431165508, 38.908257788765766], [-77.07414530420102, 38.90831978477393], [-77.07400831211764, 38.90843278228577], [-77.07395130130033, 38.90901378483323], [-77.07387630141865, 38.90922578971033], [-77.07383930102374, 38.90951378296067], [-77.07390131139712, 38.909750789412435], [-77.07386430268494, 38.910019784044735], [-77.07387031196481, 38.910344783376665]]]}}, {"type": "Feature", "properties": {"SMD_ID": "2E05", "ANC_ID": "2E", "NAME": "SMD 2E05"}, "geometry": {"type": "Polygon", "coordinates": [[[-77.06123428744517, 38.90764381953855], [-77.06345013946098, 38.907616440872374], [-77.06286225337497, 38.906477778799946], [-77.0628356793831, 38.906033861495104], [-77.06898300231626, 38.905905087312625], [-77.06900183510912, 38.90674519515515], [-77.07030104325251, 38.90671739555072], [-77.07026931817873, 38.905878376661626], [-77.07265030747985, 38.90582278912032], [-77.07322831033929, 38.90592479018499], [-77.07430230632976, 38.905999782247314], [-77.07831511746537, 38.90638070992332], [-77.07828931338129, 38.902377233416686], [-77.07796822549213, 38.90226690656695], [-77.07763781301817, 38.90226343318811], [-77.07752220622068, 38.902180092546345], [-77.07706803334041, 38.90212156845217], [-77.07674773707554, 38.90198341089798], [-77.07654504061007, 38.90196003206361], [-77.07611188288232, 38.90182257724287], [-77.0759179500708, 38.90180045278076], [-77.07541316030746, 38.90162286460631], [-77.07407369819371, 38.90131851832591], [-77.0733683065707, 38.9011253737804], [-77.07270547611174, 38.90106272964952], [-77.0721528140286, 38.901070639320324], [-77.07058709437301, 38.90119335287112], [-77.07029863121531, 38.900994748313614], [-77.06964400082728, 38.90070723317376], [-77.06892360027288, 38.900472452095016], [-77.06847174746049, 38.900170036837366], [-77.06830627942007, 38.900009965017254], [-77.06818160101048, 38.89994869090077], [-77.06815947269044, 38.899834117436676], [-77.06807222021315, 38.89972985146687], [-77.0677576854552, 38.89955932584086], [-77.06755329749903, 38.89920019066447], [-77.06753648176425, 38.89909453227607], [-77.06762461733133, 38.898915935507226], [-77.0676131305758, 38.898716226711414], [-77.06758228904387, 38.89852932098478], [-77.067467394114, 38.89820472590963], [-77.06747794652522, 38.898148417529086], [-77.06759767753913, 38.89810213539022], [-77.06758634077957, 38.898060523299606], [-77.0674748081756, 38.898121123993654], [-77.06746042755067, 38.89803014780405], [-77.06735212071281, 38.89784445779144], [-77.06729676678987, 38.897468633617294], [-77.06721077407144, 38.897216565957756], [-77.06722871184415, 38.89716827078723], [-77.06647162768569, 38.89586951717128], [-77.06623354456906, 38.895330231227945], [-77.06588538576099, 38.894798483835686], [-77.06588909651614, 38.894697497902904], [-77.06601612024373, 38.89460211761662], [-77.06597539490402, 38.89452809181283], [-77.06585646901202, 38.89456707508652], [-77.06575947505682, 38.894513710087665], [-77.06539548919561, 38.89393584720522], [-77.06530064323867, 38.89383509657841], [-77.06513367203277, 38.893519806672195], [-77.0649356164223, 38.89299220642817], [-77.06493219937134, 38.89291068254413], [-77.06485730390989, 38.89281730731502], [-77.06481130847433, 38.89268761225648], [-77.06479973146844, 38.8926325775123], [-77.06484262917536, 38.892524723464405], [-77.06474530732172, 38.892233176357976], [-77.06469937659975, 38.891869155345624], [-77.06399229347899, 38.891765245887], [-77.06325447431341, 38.891782853767744], [-77.05592273166098, 38.89300793140401], [-77.05655515647027, 38.89448127046551], [-77.05668262024861, 38.8950405654289], [-77.05670949599167, 38.89543885744977], [-77.05670557759747, 38.89638265712235], [-77.05662949888597, 38.89844912314819], [-77.05666286780458, 38.89863213891462], [-77.05713002551342, 38.89904706183485], [-77.05715302602408, 38.89903524962784], [-77.05736744392942, 38.89930304424698], [-77.05734936551336, 38.899328762992035], [-77.05739877651789, 38.89938807681221], [-77.05734202776715, 38.89942183199307], [-77.0573864616597, 38.89964247002111], [-77.05729879965787, 38.899941329440736], [-77.05730939199444, 38.90011094269339], [-77.05736643332138, 38.90026827275948], [-77.05746991784758, 38.90037716902055], [-77.05796264803574, 38.90069038952843], [-77.0584029965107, 38.90101625485493], [-77.05846495109877, 38.90108801148967], [-77.05850984728639, 38.901276452916576], [-77.05845097600138, 38.901478629983686], [-77.05820336534222, 38.90192718974063], [-77.0579731167874, 38.90218106969495], [-77.05790996015442, 38.902347485399595], [-77.05759584643192, 38.90268257143596], [-77.05739191727127, 38.90298445177367], [-77.05703313419151, 38.9033893729558], [-77.05693144431623, 38.903540312526026], [-77.05690881537403, 38.903644009731565], [-77.05676138290026, 38.903727976276784], [-77.05705038265813, 38.90391011057763], [-77.05808000238845, 38.9040129470971], [-77.05811154634763, 38.9052453463896], [-77.06118664823451, 38.905198266132416], [-77.06123428744517, 38.90764381953855]]]}}, {"type": "Feature", "properties": {"SMD_ID": "2E06", "ANC_ID": "2E", "NAME": "SMD 2E06"}, "geometry": {"type": "Polygon", "coordinates": [[[-77.05005080283387, 38.909642521951525], [-77.0527479217038, 38.90965507313446], [-77.05388341276735, 38.90940349236091], [-77.05475645236558, 38.90938572737599], [-77.05477423947542, 38.91020722614145], [-77.05514856833416, 38.91022322904037], [-77.05562481649581, 38.90937568725496], [-77.05711545037666, 38.90935118602455], [-77.05714213496664, 38.91055167919668], [-77.06382783173052, 38.91046338652217], [-77.06378116818907, 38.910125842265195], [-77.06336256479347, 38.90926790790007], [-77.06144381646762, 38.9092953632175], [-77.06127558909772, 38.90888222965708], [-77.06118664823451, 38.905198266132416], [-77.05811154634763, 38.9052453463896], [-77.05808000238845, 38.9040129470971], [-77.05705038265813, 38.90391011057763], [-77.05676138290026, 38.903727976276784], [-77.05645794127513, 38.90395645810821], [-77.05619944323185, 38.904221788727554], [-77.05602937056346, 38.904487706971445], [-77.05551948410361, 38.905128714628574], [-77.05519018187381, 38.90566684950927], [-77.054749136013, 38.906508437108144], [-77.05455861268645, 38.90703272217575], [-77.05432989654484, 38.9075055869719], [-77.05419927352877, 38.90767932862138], [-77.0538118002499, 38.90802623908744], [-77.05355480127298, 38.90846281165782], [-77.05318820692105, 38.908694313497996], [-77.0527957171888, 38.90882025705882], [-77.05199129199467, 38.90881556411583], [-77.05147000168232, 38.9087655283494], [-77.05107113192022, 38.90882605931451], [-77.05069786993052, 38.908936844385074], [-77.0504212840189, 38.90909803332137], [-77.05010612434245, 38.90934959186251], [-77.05004189098338, 38.90949555460263], [-77.05005080283387, 38.909642521951525]]]}}, {"type": "Feature", "properties": {"SMD_ID": "2E07", "ANC_ID": "2E", "NAME": "SMD 2E07"}, "geometry": {"type": "Polygon", "coordinates": [[[-77.06779707027582, 38.915769108687726], [-77.06720673280027, 38.914706916277225], [-77.06687963523332, 38.91473342632495], [-77.06421810698063, 38.914663555362495], [-77.06427606860474, 38.913726791325324], [-77.06420386928616, 38.913564897096066], [-77.06382783173052, 38.91046338652217], [-77.05714213496664, 38.91055167919668], [-77.05711545037666, 38.90935118602455], [-77.05562481649581, 38.90937568725496], [-77.05514856833416, 38.91022322904037], [-77.05477423947542, 38.91020722614145], [-77.05475645236558, 38.90938572737599], [-77.05388341276735, 38.90940349236091], [-77.0527479217038, 38.90965507313446], [-77.05005080283387, 38.909642521951525], [-77.05013858833334, 38.9097872033883], [-77.05057649480278, 38.910103838155926], [-77.0516455521513, 38.911250222805634], [-77.05225720179098, 38.91168244139036], [-77.05250840055318, 38.911938886364744], [-77.05296549959598, 38.912170014273414], [-77.0535770951095, 38.91237089169862], [-77.05434296470565, 38.91256673967724], [-77.05521853540259, 38.91295359774983], [-77.05561149097778, 38.91341616982906], [-77.05590759364392, 38.91356691821662], [-77.05636484456008, 38.91393387845327], [-77.0576074856894, 38.914667542086576], [-77.05842105951973, 38.915315017781964], [-77.05877425912628, 38.91550122314496], [-77.05891693071602, 38.915810947987595], [-77.05890810994067, 38.916299834824756], [-77.05863933345957, 38.917164049490005], [-77.05840743694822, 38.917575846485214], [-77.0582567418953, 38.91772200985354], [-77.05908643706158, 38.9183212329154], [-77.0628530845961, 38.91844563645245], [-77.06323246853184, 38.91845480043432], [-77.06337907310129, 38.91842562409575], [-77.06682420034487, 38.91865112004439], [-77.06689553327203, 38.91862743235719], [-77.06731394534678, 38.91867856659188], [-77.06738276336925, 38.91771415786246], [-77.06741554551658, 38.91764027061646], [-77.0676427956847, 38.91749042077401], [-77.06875436097309, 38.91697350435605], [-77.06779707027582, 38.915769108687726]]]}}, {"type": "Feature", "properties": {"SMD_ID": "5E02", "ANC_ID": "5E", "NAME": "SMD 5E02"}, "geometry": {"type": "Polygon", "coordinates": [[[-77.01778222880692, 38.91377259312072], [-77.01682915713984, 38.911127372151185], [-77.01518509564646, 38.91112894866417], [-77.01518447687451, 38.910388913375385], [-77.00905313115295, 38.91038402731485], [-77.00905089995035, 38.912608214055545], [-77.01331036500663, 38.912613031238], [-77.01682068253531, 38.91410902576773], [-77.01778222880692, 38.91377259312072]]]}}, {"type": "Feature", "properties": {"SMD_ID": "2B09", "ANC_ID": "2B", "NAME": "SMD 2B09"}, "geometry": {"type": "Polygon", "coordinates": [[[-77.03453446687942, 38.91700988859189], [-77.03649461238962, 38.91701001348226], [-77.03684383537136, 38.91669127913273], [-77.03927723686596, 38.91409935575865], [-77.03651099574229, 38.914100496137564], [-77.03651723678917, 38.91187714583503], [-77.0345546963741, 38.91187837332653], [-77.03453446687942, 38.91700988859189]]]}}, {"type": "Feature", "properties": {"SMD_ID": "4B05", "ANC_ID": "4B", "NAME": "SMD 4B05"}, "geometry": {"type": "Polygon", "coordinates": [[[-77.02803303636018, 38.961021566639985], [-77.02706376292873, 38.960669752324115], [-77.02244404590488, 38.95916067598733], [-77.02244969644164, 38.96794182933313], [-77.02596857002847, 38.96793857845832], [-77.02596579766596, 38.96729710192744], [-77.027503149107, 38.967296029762856], [-77.02803303636018, 38.961021566639985]]]}}, {"type": "Feature", "properties": {"SMD_ID": "8D04", "ANC_ID": "8D", "NAME": "SMD 8D04"}, "geometry": {"type": "Polygon", "coordinates": [[[-77.01155970294523, 38.82282756527113], [-77.01207895855195, 38.82187161412692], [-77.01270128420683, 38.823039767368584], [-77.01582827782485, 38.82371976824142], [-77.01652928481394, 38.82377277600552], [-77.01683228790928, 38.82385777269661], [-77.01737187933003, 38.82358301618215], [-77.0173815021012, 38.822239976995185], [-77.01755671170042, 38.82134643584008], [-77.01759618904411, 38.82079466053875], [-77.0177538918086, 38.820884198953316], [-77.0178624958455, 38.82089248819575], [-77.0182855261272, 38.82080105866725], [-77.020042179099, 38.82071942357819], [-77.02522725184755, 38.82016574747817], [-77.02596137611661, 38.820039963182964], [-77.02657239843941, 38.81997298270437], [-77.02663840078282, 38.81993346546545], [-77.0390269172749, 38.819484077740974], [-77.03884997551891, 38.81925269986948], [-77.03885620906611, 38.81913278588297], [-77.03901902746303, 38.81891157329822], [-77.03909849312734, 38.81893244637812], [-77.0391248339509, 38.818879918093344], [-77.0390512405437, 38.818858142217714], [-77.03907401283118, 38.81880768708915], [-77.03896206887656, 38.81877601466195], [-77.03898241310189, 38.818707363225286], [-77.0388646296323, 38.8183131011942], [-77.03881530889451, 38.817822245313636], [-77.03853969892135, 38.81707526301695], [-77.03853808012302, 38.816849420817405], [-77.03844460729438, 38.816258134620796], [-77.0381290972226, 38.81559638461005], [-77.03613999575857, 38.81481249548385], [-77.03613145923823, 38.8142805018186], [-77.03748327734118, 38.809405778193835], [-77.03878466395481, 38.80278290681727], [-77.03918531704123, 38.800590967264355], [-77.0390228857029, 38.79164435125649], [-77.00122260760963, 38.82116930148096], [-77.00142812856541, 38.82138740342333], [-77.0024783699253, 38.822173825963866], [-77.00283939269204, 38.82236768016561], [-77.00505691960849, 38.82336790634135], [-77.00557988010591, 38.8237122765226], [-77.00600381215689, 38.82409889922777], [-77.00627270342065, 38.82403078100917], [-77.00698265572697, 38.82398119406355], [-77.00776236921175, 38.823708278075685], [-77.00816057918726, 38.82362843580872], [-77.00723730114326, 38.821988953979954], [-77.00723372790785, 38.82047791699476], [-77.00775467502937, 38.82072521134168], [-77.00802586873975, 38.82077933396212], [-77.00827034118043, 38.82078237977048], [-77.00809214059873, 38.82129344329053], [-77.00812946116572, 38.821384606500864], [-77.00825924606902, 38.821429279439094], [-77.00985641489096, 38.82119277295402], [-77.00991282954206, 38.821112322456656], [-77.00977445364636, 38.82056290696905], [-77.01096949196277, 38.8203872254544], [-77.01099332616576, 38.82111853158492], [-77.01107124320825, 38.82158624443456], [-77.01121652505587, 38.82203773548157], [-77.01155970294523, 38.82282756527113]]]}}, {"type": "Feature", "properties": {"SMD_ID": "6A01", "ANC_ID": "6A", "NAME": "SMD 6A01"}, "geometry": {"type": "Polygon", "coordinates": [[[-76.99616591066957, 38.90251978274122], [-76.99375700929829, 38.90251859789049], [-76.99375711311176, 38.90133201708535], [-76.99264565932502, 38.901329430084445], [-76.99264727340368, 38.900209691152426], [-76.98550634334836, 38.90020514999956], [-76.9855131715881, 38.900641966209335], [-76.98557367236897, 38.900754668269514], [-76.98566646000945, 38.90083089040725], [-76.9961657609532, 38.90530660711902], [-76.99616591066957, 38.90251978274122]]]}}, {"type": "Feature", "properties": {"SMD_ID": "7C06", "ANC_ID": "7C", "NAME": "SMD 7C06"}, "geometry": {"type": "Polygon", "coordinates": [[[-76.92968284571218, 38.90183576021], [-76.92563046498374, 38.9018461328602], [-76.92566033531675, 38.90172444892173], [-76.92568062037412, 38.90117603281369], [-76.92576082134016, 38.90087889795542], [-76.92586741218626, 38.9007015909928], [-76.92601802949315, 38.90053494168356], [-76.9265409737697, 38.90017845042641], [-76.92662542657554, 38.90000202966598], [-76.92663686711649, 38.8997509737628], [-76.92514581114425, 38.89975471226536], [-76.92582080691653, 38.89795968555443], [-76.92629163784586, 38.89658911720877], [-76.92503514287561, 38.89579249128464], [-76.92051542053622, 38.89581409634105], [-76.92052119363157, 38.89715085219913], [-76.91778127537657, 38.897155351933336], [-76.91778378879253, 38.898375356918926], [-76.9165967478498, 38.89838325361105], [-76.91648340667845, 38.8984213410888], [-76.91635163813743, 38.898572335137175], [-76.92352930135745, 38.90419310238369], [-76.92369037529855, 38.903855277206134], [-76.92402977111685, 38.90289295534187], [-76.9273173972564, 38.90267028832333], [-76.92991378577652, 38.9026441289774], [-76.93037457086388, 38.902540448029555], [-76.93075135407254, 38.90239257454452], [-76.93092384693942, 38.90224746190871], [-76.93099273673286, 38.902061840332365], [-76.93095290975594, 38.9018789470998], [-76.9307625480146, 38.901549578878274], [-76.93011062559056, 38.90177331871064], [-76.92968284571218, 38.90183576021]]]}}, {"type": "Feature", "properties": {"SMD_ID": "3C05", "ANC_ID": "3C", "NAME": "SMD 3C05"}, "geometry": {"type": "Polygon", "coordinates": [[[-77.06463640163417, 38.931062980223736], [-77.0623062316292, 38.9301411640029], [-77.05999330155998, 38.93035179042857], [-77.05974729970404, 38.93047478982451], [-77.05910430377928, 38.930890787284746], [-77.05853329995153, 38.9313317882397], [-77.05845830428265, 38.93149279526921], [-77.05845430264395, 38.93180279122425], [-77.05838530124792, 38.93211579239234], [-77.05824630596406, 38.93244679097158], [-77.05809030106951, 38.932654789375924], [-77.057844301035, 38.932722788987356], [-77.05716130619746, 38.932601792126434], [-77.05677255117372, 38.9325773438921], [-77.05851169638973, 38.935573963791086], [-77.06001194651137, 38.93560878590697], [-77.0605271207131, 38.935688604067266], [-77.06108133215224, 38.93582821469234], [-77.06107013449194, 38.93716343100632], [-77.06048172452707, 38.93696843701034], [-77.06007610059257, 38.93687072597215], [-77.05972612114388, 38.9368312688114], [-77.05924491708682, 38.936832234379956], [-77.06073650739702, 38.93939721246475], [-77.06088815635697, 38.939361370628184], [-77.06110444358829, 38.93937792310798], [-77.06157939642556, 38.939464513829954], [-77.06199543765706, 38.939584464579056], [-77.06399918369577, 38.940434398330616], [-77.06416922236158, 38.940581050229866], [-77.06510068043252, 38.940483425744794], [-77.06610400162211, 38.940514842084376], [-77.06673364043117, 38.94059195564268], [-77.06736335962192, 38.94071607104511], [-77.06785437041847, 38.94088383677767], [-77.06770453040076, 38.9406014865993], [-77.06744584037891, 38.93990664614939], [-77.06734738964634, 38.93972086176264], [-77.06716247096068, 38.93945612423947], [-77.06660365266457, 38.93887306666094], [-77.06647401550872, 38.938636852800414], [-77.06640538981785, 38.93839375783233], [-77.06639260252868, 38.93147475655927], [-77.06463640163417, 38.931062980223736]]]}}, {"type": "Feature", "properties": {"SMD_ID": "5E03", "ANC_ID": "5E", "NAME": "SMD 5E03"}, "geometry": {"type": "Polygon", "coordinates": [[[-77.01682068253531, 38.91410902576773], [-77.01331036500663, 38.912613031238], [-77.00905089995035, 38.912608214055545], [-77.00904758628384, 38.91557159696052], [-77.01149148676313, 38.91557534579821], [-77.01215783990784, 38.915535731764116], [-77.0121577582696, 38.91573320348003], [-77.01682068253531, 38.91410902576773]]]}}, {"type": "Feature", "properties": {"SMD_ID": "5A05", "ANC_ID": "5A", "NAME": "SMD 5A05"}, "geometry": {"type": "Polygon", "coordinates": [[[-77.00636169970315, 38.93659951069605], [-77.00451109981336, 38.93681968756846], [-77.00417130375942, 38.9368190696139], [-77.00362861610986, 38.93670197984196], [-77.00324867603821, 38.93657380292654], [-77.00255811487607, 38.936182049134494], [-77.00239675251662, 38.93615043342404], [-77.0021341227883, 38.93616277989016], [-77.00298530819585, 38.940750632448385], [-76.99967227584902, 38.94074883247725], [-76.99991600545403, 38.94108520252462], [-77.0014362186551, 38.94290982286687], [-77.0015617200504, 38.94287054511716], [-77.00720055143411, 38.94286682044553], [-77.00722161502577, 38.9423020534674], [-77.00698176264319, 38.94202176609639], [-77.00736349775622, 38.94220775484515], [-77.00803627513663, 38.94238857895601], [-77.0076039727342, 38.94343837978316], [-77.0075334567409, 38.94375444912095], [-77.00750379005487, 38.94410241412376], [-77.00754161230698, 38.94615394043382], [-77.00751165192791, 38.946351268797194], [-77.00920670279002, 38.94569870463455], [-77.01083507159842, 38.944673151976964], [-77.01147167525941, 38.94437698887221], [-77.01168170183959, 38.94424887023957], [-77.01217869326709, 38.94379020763387], [-77.01258412102885, 38.94292608971493], [-77.01274164740197, 38.9426822182699], [-77.0129809433256, 38.94243068050175], [-77.0135264626468, 38.94196245781571], [-77.0142525600591, 38.94123738427428], [-77.01461143315538, 38.94078926751953], [-77.01526513382991, 38.93977052617226], [-77.01718833616748, 38.93804634162934], [-77.01737608224406, 38.937910558828214], [-77.01777258761778, 38.93773114400243], [-77.01903517175128, 38.937406015878565], [-77.01920530879812, 38.93700367743059], [-77.0192361727053, 38.93674144076695], [-77.01916648983796, 38.93419111196596], [-77.01797599837145, 38.929282494016846], [-77.01795323169118, 38.9290508037259], [-77.0180283561462, 38.92877396671178], [-77.01693418596123, 38.9298303009247], [-77.01685861068819, 38.929979138157485], [-77.01650787455907, 38.93040677669486], [-77.0162115402142, 38.93069975040002], [-77.01581236498753, 38.93095493843285], [-77.01521138089798, 38.93116849711321], [-77.01487484026407, 38.93121970762915], [-77.01455860055356, 38.93122856658915], [-77.0081705214654, 38.931231782248304], [-77.00695433267792, 38.93126664204258], [-77.00663024474343, 38.93197189428561], [-77.00635700682115, 38.9327367597498], [-77.00619962969537, 38.933368953068715], [-77.00610531767904, 38.93402062778283], [-77.00607231708999, 38.934666011374695], [-77.00610108775348, 38.93526766537276], [-77.0061760954061, 38.93583144596405], [-77.00636169970315, 38.93659951069605]]]}}, {"type": "Feature", "properties": {"SMD_ID": "6A02", "ANC_ID": "6A", "NAME": "SMD 6A02"}, "geometry": {"type": "Polygon", "coordinates": [[[-76.99616591066957, 38.90251978274122], [-76.99616990852938, 38.89891553838006], [-76.99152918877536, 38.89891592472293], [-76.99152972177802, 38.89733928100847], [-76.98830794170675, 38.89734071462497], [-76.98831058428989, 38.900208977458604], [-76.99264727340368, 38.900209691152426], [-76.99264565932502, 38.901329430084445], [-76.99375711311176, 38.90133201708535], [-76.99375700929829, 38.90251859789049], [-76.99616591066957, 38.90251978274122]]]}}, {"type": "Feature", "properties": {"SMD_ID": "6/8F05", "ANC_ID": "6/8F", "NAME": "SMD 6/8F05"}, "geometry": {"type": "Polygon", "coordinates": [[[-77.00906058374113, 38.87929338141434], [-77.00587488454077, 38.879290882652064], [-77.0058844930307, 38.87841346461031], [-77.00486167520609, 38.87841324143344], [-77.00573877500597, 38.880853395], [-77.0063699037816, 38.88088336021295], [-77.00691643188239, 38.880961161611424], [-77.00792525019075, 38.88118279398162], [-77.00905512936012, 38.88153866033703], [-77.00906058374113, 38.87929338141434]]]}}, {"type": "Feature", "properties": {"SMD_ID": "7D06", "ANC_ID": "7D", "NAME": "SMD 7D06"}, "geometry": {"type": "Polygon", "coordinates": [[[-76.9836049218043, 38.90001166933436], [-76.98364828568332, 38.8989277893805], [-76.98364615057216, 38.896675247669094], [-76.98076435143948, 38.896674808740514], [-76.98076270659806, 38.89678966513301], [-76.98070575217973, 38.896818122176505], [-76.98010851999558, 38.896757215550736], [-76.97838153997427, 38.89644134568984], [-76.97832277237859, 38.896364763686705], [-76.97837714205302, 38.896118485019564], [-76.97725908155208, 38.8961236777565], [-76.97645860967478, 38.89891087836265], [-76.98206928491382, 38.89992119800158], [-76.98344469653532, 38.90013853850475], [-76.9836049218043, 38.90001166933436]]]}}, {"type": "Feature", "properties": {"SMD_ID": "8C08", "ANC_ID": "8C", "NAME": "SMD 8C08"}, "geometry": {"type": "Polygon", "coordinates": [[[-76.98442801006045, 38.84572435374208], [-76.98128270490602, 38.84662310565567], [-76.98065271185845, 38.84542900582519], [-76.97846635720671, 38.84611239095024], [-76.97916750138049, 38.84745919023892], [-76.97868909658492, 38.84781565799748], [-76.97831367227883, 38.84817862902697], [-76.9774443250518, 38.849356479940354], [-76.97860213083474, 38.84982439798549], [-76.97877734240365, 38.84997106031029], [-76.97888185868717, 38.85014621229902], [-76.97847334460603, 38.85033140521676], [-76.9772874579984, 38.85098276978726], [-76.97732088912954, 38.85105756432418], [-76.97732084750344, 38.85158750357221], [-76.97762281034726, 38.851543600671796], [-76.97801488529983, 38.851424223302594], [-76.97826134086304, 38.8513084209666], [-76.97894318829955, 38.85090065294956], [-76.97949133411393, 38.85070003354646], [-76.97984648865922, 38.85066893520895], [-76.98224541869361, 38.850839394926844], [-76.9827804238688, 38.850820827593346], [-76.9832907966415, 38.85071162941361], [-76.98372111176884, 38.85056106914127], [-76.98405777246163, 38.850381397277324], [-76.98442302335383, 38.850101284177825], [-76.98334524263572, 38.84937244285607], [-76.98313999273249, 38.8493139936725], [-76.98250008970203, 38.84927121753014], [-76.98265525968584, 38.847914425520635], [-76.98454898269755, 38.84617064811169], [-76.98457480946499, 38.84606381138842], [-76.98442801006045, 38.84572435374208]]]}}, {"type": "Feature", "properties": {"SMD_ID": "8E04", "ANC_ID": "8E", "NAME": "SMD 8E04"}, "geometry": {"type": "Polygon", "coordinates": [[[-76.98257242286199, 38.84162975234666], [-76.9830665223353, 38.8423505911005], [-76.9832651079857, 38.842841850435185], [-76.98331766125739, 38.843220212768706], [-76.98331537194059, 38.844637060922075], [-76.9846551346462, 38.84429591469251], [-76.98442935346357, 38.8437899704479], [-76.98441200807392, 38.84356790991618], [-76.98455470239462, 38.843160747059216], [-76.98484577018976, 38.84270171469308], [-76.98498111939578, 38.84269398491817], [-76.98568820899753, 38.84298450610962], [-76.98610376931482, 38.84262277703367], [-76.98656872060552, 38.84237149573377], [-76.98701959559958, 38.84223038434029], [-76.98850754685198, 38.84186245505681], [-76.98850764235821, 38.83983762553578], [-76.98867166639447, 38.839832146411005], [-76.98934066716855, 38.83970501005987], [-76.99250937214283, 38.83893791632112], [-76.99356492373657, 38.83881231133858], [-76.99349248955077, 38.8373723958865], [-76.99337790606643, 38.83701691576087], [-76.99319964728203, 38.8367151222146], [-76.9951725952453, 38.836216782513084], [-76.99577672222586, 38.8359917746497], [-76.99555340872465, 38.83570565772859], [-76.99531926516968, 38.83549800360891], [-76.99410776423893, 38.834838349379055], [-76.9926587251331, 38.833722749602195], [-76.99205124121339, 38.83418340251203], [-76.99197107957436, 38.83417772169645], [-76.99178485224603, 38.83407564288118], [-76.99161520430155, 38.83402806614713], [-76.99138635209228, 38.83401660874077], [-76.99118709394199, 38.8340545194887], [-76.99093023355594, 38.83420467085478], [-76.99084533831136, 38.834288442910875], [-76.99079219145467, 38.834414358989775], [-76.99063441775856, 38.834544356536036], [-76.99018787503007, 38.8347435599661], [-76.99020673435682, 38.83487567061112], [-76.99032632700437, 38.83509700041382], [-76.99096974736952, 38.83559454410043], [-76.99125351354574, 38.83585847750134], [-76.99171468663504, 38.836464320915354], [-76.99119005289423, 38.83667737755818], [-76.99090797395743, 38.83670744417731], [-76.99067398900927, 38.836686535108534], [-76.99042932280278, 38.83661130369937], [-76.99022739453137, 38.836493456350624], [-76.99006928842321, 38.836322966960665], [-76.98996917983675, 38.83612251121048], [-76.98960591120607, 38.836006612646614], [-76.98938223684537, 38.83598956653175], [-76.98912561114956, 38.83604062086579], [-76.9879527800437, 38.836525250827115], [-76.98753222144919, 38.83674501302185], [-76.98787999425772, 38.83715889814429], [-76.98813977684216, 38.83754781987408], [-76.98828600795687, 38.83784592443329], [-76.98854162166825, 38.8386186139774], [-76.98795205114342, 38.83872925951504], [-76.9873136568272, 38.83901079615453], [-76.9870288926017, 38.83917967336605], [-76.98661882378414, 38.83925800062767], [-76.98612123145513, 38.8393069485177], [-76.98596165936776, 38.83946358643821], [-76.98540769650947, 38.839669181488155], [-76.98527936327707, 38.839754835761305], [-76.98504772791975, 38.8397499417585], [-76.98485996963949, 38.83978423976358], [-76.9847974144401, 38.83983071524925], [-76.98479107041179, 38.83987233347348], [-76.98482856553375, 38.84013187186248], [-76.98481299626513, 38.84022240478095], [-76.98455942972066, 38.84042316990965], [-76.98410879146886, 38.840565082633596], [-76.98387622094808, 38.840609462409084], [-76.98374053333922, 38.84060259716649], [-76.98320794597164, 38.84046271060535], [-76.9830503737242, 38.8404544901425], [-76.9827664337199, 38.84053120057905], [-76.98238453219143, 38.840728428662295], [-76.98085318730746, 38.84137769684881], [-76.98054839980959, 38.84142701276945], [-76.98034167527818, 38.841251493526826], [-76.98023307295642, 38.841224089498375], [-76.97949720569493, 38.84136647626424], [-76.97938499586667, 38.84142681312032], [-76.97917115134815, 38.84162135768529], [-76.9790028749424, 38.84196950412406], [-76.97890481331041, 38.842092812118146], [-76.97938550481692, 38.8430153180933], [-76.98257242286199, 38.84162975234666]]]}}, {"type": "Feature", "properties": {"SMD_ID": "8D05", "ANC_ID": "8D", "NAME": "SMD 8D05"}, "geometry": {"type": "Polygon", "coordinates": [[[-77.00674922351428, 38.8251522193648], [-77.00780168253026, 38.82516629703577], [-77.00782595163933, 38.82489360891533], [-77.0079577864539, 38.82467658586096], [-77.00818854845765, 38.82450793125611], [-77.00847160247488, 38.8244281860483], [-77.01015097424595, 38.824387243633836], [-77.01209787237848, 38.82441723639901], [-77.01223698123967, 38.82439190807924], [-77.01112493526828, 38.821776588473845], [-77.01099874678646, 38.82117276211795], [-77.01096949196277, 38.8203872254544], [-77.00977445364636, 38.82056290696905], [-77.00991282954206, 38.821112322456656], [-77.00985641489096, 38.82119277295402], [-77.00825924606902, 38.821429279439094], [-77.00812946116572, 38.821384606500864], [-77.00809214059873, 38.82129344329053], [-77.00827034118043, 38.82078237977048], [-77.00802586873975, 38.82077933396212], [-77.00775467502937, 38.82072521134168], [-77.00723372790785, 38.82047791699476], [-77.00723730114326, 38.821988953979954], [-77.00816057918726, 38.82362843580872], [-77.00776236921175, 38.823708278075685], [-77.00698265572697, 38.82398119406355], [-77.00627270342065, 38.82403078100917], [-77.00600381215689, 38.82409889922777], [-77.00628471730288, 38.82445462909566], [-77.00674922351428, 38.8251522193648]]]}}]}